RUN benchmark=5xp1.blif g_mode=0 file=/home/ayush/abc/blif/5xp1.blif
======== ABC command line "read_library /home/ayush/abc/genlib.genlib; read_blif /home/ayush/abc/blif/5xp1.blif; strash; map;"
RESULT g_mode=0 qor=129.00 cuts_used=123 cpu_time=808.00 post_ml_time=355.00
CUT_STATS g_mode=0 candidate_cuts=732

RUN benchmark=5xp1.blif g_mode=1 file=/home/ayush/abc/blif/5xp1.blif
======== ABC command line "read_library /home/ayush/abc/genlib.genlib; read_blif /home/ayush/abc/blif/5xp1.blif; strash; map;"
RESULT g_mode=1 qor=129.00 cuts_used=123 cpu_time=1453.00 post_ml_time=580.00
CUT_STATS g_mode=1 candidate_cuts=538

RUN benchmark=5xp1.blif g_mode=2 file=/home/ayush/abc/blif/5xp1.blif
======== ABC command line "read_library /home/ayush/abc/genlib.genlib; read_blif /home/ayush/abc/blif/5xp1.blif; strash; map;"
RESULT g_mode=2 qor=129.00 cuts_used=123 cpu_time=1343.00 post_ml_time=471.00
CUT_STATS g_mode=2 candidate_cuts=466

RUN benchmark=5xp1.blif g_mode=3 file=/home/ayush/abc/blif/5xp1.blif
======== ABC command line "read_library /home/ayush/abc/genlib.genlib; read_blif /home/ayush/abc/blif/5xp1.blif; strash; map;"
RESULT g_mode=3 qor=129.00 cuts_used=123 cpu_time=1235.00 post_ml_time=467.00
CUT_STATS g_mode=3 candidate_cuts=376

RUN benchmark=9sym.blif g_mode=0 file=/home/ayush/abc/blif/9sym.blif
======== ABC command line "read_library /home/ayush/abc/genlib.genlib; read_blif /home/ayush/abc/blif/9sym.blif; strash; map;"
RESULT g_mode=0 qor=339.00 cuts_used=330 cpu_time=3300.00 post_ml_time=1790.00
CUT_STATS g_mode=0 candidate_cuts=2074

RUN benchmark=9sym.blif g_mode=1 file=/home/ayush/abc/blif/9sym.blif
======== ABC command line "read_library /home/ayush/abc/genlib.genlib; read_blif /home/ayush/abc/blif/9sym.blif; strash; map;"
RESULT g_mode=1 qor=339.00 cuts_used=330 cpu_time=2808.00 post_ml_time=1362.00
CUT_STATS g_mode=1 candidate_cuts=1534

RUN benchmark=9sym.blif g_mode=2 file=/home/ayush/abc/blif/9sym.blif
======== ABC command line "read_library /home/ayush/abc/genlib.genlib; read_blif /home/ayush/abc/blif/9sym.blif; strash; map;"
RESULT g_mode=2 qor=339.00 cuts_used=330 cpu_time=2648.00 post_ml_time=1280.00
CUT_STATS g_mode=2 candidate_cuts=1318

RUN benchmark=9sym.blif g_mode=3 file=/home/ayush/abc/blif/9sym.blif
======== ABC command line "read_library /home/ayush/abc/genlib.genlib; read_blif /home/ayush/abc/blif/9sym.blif; strash; map;"
RESULT g_mode=3 qor=339.00 cuts_used=330 cpu_time=4508.00 post_ml_time=2447.00
CUT_STATS g_mode=3 candidate_cuts=1032

RUN benchmark=9symml.blif g_mode=0 file=/home/ayush/abc/blif/9symml.blif
======== ABC command line "read_library /home/ayush/abc/genlib.genlib; read_blif /home/ayush/abc/blif/9symml.blif; strash; map;"
RESULT g_mode=0 qor=250.00 cuts_used=241 cpu_time=2020.00 post_ml_time=1089.00
CUT_STATS g_mode=0 candidate_cuts=1555

RUN benchmark=9symml.blif g_mode=1 file=/home/ayush/abc/blif/9symml.blif
======== ABC command line "read_library /home/ayush/abc/genlib.genlib; read_blif /home/ayush/abc/blif/9symml.blif; strash; map;"
RESULT g_mode=1 qor=250.00 cuts_used=241 cpu_time=2274.00 post_ml_time=1101.00
CUT_STATS g_mode=1 candidate_cuts=1159

RUN benchmark=9symml.blif g_mode=2 file=/home/ayush/abc/blif/9symml.blif
======== ABC command line "read_library /home/ayush/abc/genlib.genlib; read_blif /home/ayush/abc/blif/9symml.blif; strash; map;"
RESULT g_mode=2 qor=250.00 cuts_used=241 cpu_time=2466.00 post_ml_time=1188.00
CUT_STATS g_mode=2 candidate_cuts=968

RUN benchmark=9symml.blif g_mode=3 file=/home/ayush/abc/blif/9symml.blif
======== ABC command line "read_library /home/ayush/abc/genlib.genlib; read_blif /home/ayush/abc/blif/9symml.blif; strash; map;"
RESULT g_mode=3 qor=250.00 cuts_used=241 cpu_time=3144.00 post_ml_time=1401.00
CUT_STATS g_mode=3 candidate_cuts=736

RUN benchmark=adder.blif g_mode=0 file=/home/ayush/abc/blif/adder.blif
======== ABC command line "read_library /home/ayush/abc/genlib.genlib; read_blif /home/ayush/abc/blif/adder.blif; strash; map;"
Hierarchy reader converted 8 instances of blackboxes.
RESULT g_mode=0 qor=86.00 cuts_used=0 cpu_time=240.00 post_ml_time=39.00
CUT_STATS g_mode=0 candidate_cuts=0

RUN benchmark=adder.blif g_mode=1 file=/home/ayush/abc/blif/adder.blif
======== ABC command line "read_library /home/ayush/abc/genlib.genlib; read_blif /home/ayush/abc/blif/adder.blif; strash; map;"
Hierarchy reader converted 8 instances of blackboxes.
RESULT g_mode=1 qor=86.00 cuts_used=0 cpu_time=110.00 post_ml_time=14.00
CUT_STATS g_mode=1 candidate_cuts=0

RUN benchmark=adder.blif g_mode=2 file=/home/ayush/abc/blif/adder.blif
======== ABC command line "read_library /home/ayush/abc/genlib.genlib; read_blif /home/ayush/abc/blif/adder.blif; strash; map;"
Hierarchy reader converted 8 instances of blackboxes.
RESULT g_mode=2 qor=86.00 cuts_used=0 cpu_time=128.00 post_ml_time=17.00
CUT_STATS g_mode=2 candidate_cuts=0

RUN benchmark=adder.blif g_mode=3 file=/home/ayush/abc/blif/adder.blif
======== ABC command line "read_library /home/ayush/abc/genlib.genlib; read_blif /home/ayush/abc/blif/adder.blif; strash; map;"
Hierarchy reader converted 8 instances of blackboxes.
RESULT g_mode=3 qor=86.00 cuts_used=0 cpu_time=132.00 post_ml_time=17.00
CUT_STATS g_mode=3 candidate_cuts=0

RUN benchmark=alu2.blif g_mode=0 file=/home/ayush/abc/blif/alu2.blif
======== ABC command line "read_library /home/ayush/abc/genlib.genlib; read_blif /home/ayush/abc/blif/alu2.blif; strash; map;"
RESULT g_mode=0 qor=738.00 cuts_used=691 cpu_time=5321.00 post_ml_time=1979.00
CUT_STATS g_mode=0 candidate_cuts=5912

RUN benchmark=alu2.blif g_mode=1 file=/home/ayush/abc/blif/alu2.blif
======== ABC command line "read_library /home/ayush/abc/genlib.genlib; read_blif /home/ayush/abc/blif/alu2.blif; strash; map;"
RESULT g_mode=1 qor=738.00 cuts_used=691 cpu_time=9369.00 post_ml_time=3453.00
CUT_STATS g_mode=1 candidate_cuts=3681

RUN benchmark=alu2.blif g_mode=2 file=/home/ayush/abc/blif/alu2.blif
======== ABC command line "read_library /home/ayush/abc/genlib.genlib; read_blif /home/ayush/abc/blif/alu2.blif; strash; map;"
RESULT g_mode=2 qor=738.00 cuts_used=691 cpu_time=8870.00 post_ml_time=3079.00
CUT_STATS g_mode=2 candidate_cuts=3070

RUN benchmark=alu2.blif g_mode=3 file=/home/ayush/abc/blif/alu2.blif
======== ABC command line "read_library /home/ayush/abc/genlib.genlib; read_blif /home/ayush/abc/blif/alu2.blif; strash; map;"
RESULT g_mode=3 qor=738.00 cuts_used=691 cpu_time=8631.00 post_ml_time=2871.00
CUT_STATS g_mode=3 candidate_cuts=2331

RUN benchmark=alu4.blif g_mode=0 file=/home/ayush/abc/blif/alu4.blif
======== ABC command line "read_library /home/ayush/abc/genlib.genlib; read_blif /home/ayush/abc/blif/alu4.blif; strash; map;"
RESULT g_mode=0 qor=3568.00 cuts_used=3545 cpu_time=25411.00 post_ml_time=16303.00
CUT_STATS g_mode=0 candidate_cuts=22604

RUN benchmark=alu4.blif g_mode=1 file=/home/ayush/abc/blif/alu4.blif
======== ABC command line "read_library /home/ayush/abc/genlib.genlib; read_blif /home/ayush/abc/blif/alu4.blif; strash; map;"
RESULT g_mode=1 qor=3568.00 cuts_used=3545 cpu_time=42094.00 post_ml_time=24308.00
CUT_STATS g_mode=1 candidate_cuts=16702

RUN benchmark=alu4.blif g_mode=2 file=/home/ayush/abc/blif/alu4.blif
======== ABC command line "read_library /home/ayush/abc/genlib.genlib; read_blif /home/ayush/abc/blif/alu4.blif; strash; map;"
RESULT g_mode=2 qor=3568.00 cuts_used=3545 cpu_time=32963.00 post_ml_time=18269.00
CUT_STATS g_mode=2 candidate_cuts=14811

RUN benchmark=alu4.blif g_mode=3 file=/home/ayush/abc/blif/alu4.blif
======== ABC command line "read_library /home/ayush/abc/genlib.genlib; read_blif /home/ayush/abc/blif/alu4.blif; strash; map;"
RESULT g_mode=3 qor=3568.00 cuts_used=3545 cpu_time=41975.00 post_ml_time=24097.00
CUT_STATS g_mode=3 candidate_cuts=12397

RUN benchmark=alu4.pre-vpr.blif g_mode=0 file=/home/ayush/abc/blif/alu4.pre-vpr.blif
======== ABC command line "read_library /home/ayush/abc/genlib.genlib; read_blif /home/ayush/abc/blif/alu4.pre-vpr.blif; strash; map;"
RESULT g_mode=0 qor=2908.00 cuts_used=2871 cpu_time=34163.00 post_ml_time=19789.00
CUT_STATS g_mode=0 candidate_cuts=23703

RUN benchmark=alu4.pre-vpr.blif g_mode=1 file=/home/ayush/abc/blif/alu4.pre-vpr.blif
======== ABC command line "read_library /home/ayush/abc/genlib.genlib; read_blif /home/ayush/abc/blif/alu4.pre-vpr.blif; strash; map;"
RESULT g_mode=1 qor=2908.00 cuts_used=2871 cpu_time=38332.00 post_ml_time=18544.00
CUT_STATS g_mode=1 candidate_cuts=15514

RUN benchmark=alu4.pre-vpr.blif g_mode=2 file=/home/ayush/abc/blif/alu4.pre-vpr.blif
======== ABC command line "read_library /home/ayush/abc/genlib.genlib; read_blif /home/ayush/abc/blif/alu4.pre-vpr.blif; strash; map;"
RESULT g_mode=2 qor=2908.00 cuts_used=2871 cpu_time=35941.00 post_ml_time=17456.00
CUT_STATS g_mode=2 candidate_cuts=12941

RUN benchmark=alu4.pre-vpr.blif g_mode=3 file=/home/ayush/abc/blif/alu4.pre-vpr.blif
======== ABC command line "read_library /home/ayush/abc/genlib.genlib; read_blif /home/ayush/abc/blif/alu4.pre-vpr.blif; strash; map;"
RESULT g_mode=3 qor=2908.00 cuts_used=2871 cpu_time=38860.00 post_ml_time=18924.00
CUT_STATS g_mode=3 candidate_cuts=9850

RUN benchmark=alu4.wiremap_area.blif g_mode=0 file=/home/ayush/abc/blif/alu4.wiremap_area.blif
======== ABC command line "read_library /home/ayush/abc/genlib.genlib; read_blif /home/ayush/abc/blif/alu4.wiremap_area.blif; strash; map;"
RESULT g_mode=0 qor=2726.00 cuts_used=2684 cpu_time=28395.00 post_ml_time=15615.00
CUT_STATS g_mode=0 candidate_cuts=24362

RUN benchmark=alu4.wiremap_area.blif g_mode=1 file=/home/ayush/abc/blif/alu4.wiremap_area.blif
======== ABC command line "read_library /home/ayush/abc/genlib.genlib; read_blif /home/ayush/abc/blif/alu4.wiremap_area.blif; strash; map;"
RESULT g_mode=1 qor=2726.00 cuts_used=2684 cpu_time=40491.00 post_ml_time=19857.00
CUT_STATS g_mode=1 candidate_cuts=15794

RUN benchmark=alu4.wiremap_area.blif g_mode=2 file=/home/ayush/abc/blif/alu4.wiremap_area.blif
======== ABC command line "read_library /home/ayush/abc/genlib.genlib; read_blif /home/ayush/abc/blif/alu4.wiremap_area.blif; strash; map;"
RESULT g_mode=2 qor=2726.00 cuts_used=2684 cpu_time=33221.00 post_ml_time=16285.00
CUT_STATS g_mode=2 candidate_cuts=12941

RUN benchmark=alu4.wiremap_area.blif g_mode=3 file=/home/ayush/abc/blif/alu4.wiremap_area.blif
======== ABC command line "read_library /home/ayush/abc/genlib.genlib; read_blif /home/ayush/abc/blif/alu4.wiremap_area.blif; strash; map;"
RESULT g_mode=3 qor=2726.00 cuts_used=2684 cpu_time=34314.00 post_ml_time=16131.00
CUT_STATS g_mode=3 candidate_cuts=9396

RUN benchmark=alu4.wiremap_depth.blif g_mode=0 file=/home/ayush/abc/blif/alu4.wiremap_depth.blif
======== ABC command line "read_library /home/ayush/abc/genlib.genlib; read_blif /home/ayush/abc/blif/alu4.wiremap_depth.blif; strash; map;"
RESULT g_mode=0 qor=2908.00 cuts_used=2871 cpu_time=30277.00 post_ml_time=16996.00
CUT_STATS g_mode=0 candidate_cuts=23703

RUN benchmark=alu4.wiremap_depth.blif g_mode=1 file=/home/ayush/abc/blif/alu4.wiremap_depth.blif
======== ABC command line "read_library /home/ayush/abc/genlib.genlib; read_blif /home/ayush/abc/blif/alu4.wiremap_depth.blif; strash; map;"
RESULT g_mode=1 qor=2908.00 cuts_used=2871 cpu_time=39295.00 post_ml_time=19170.00
CUT_STATS g_mode=1 candidate_cuts=15514

RUN benchmark=alu4.wiremap_depth.blif g_mode=2 file=/home/ayush/abc/blif/alu4.wiremap_depth.blif
======== ABC command line "read_library /home/ayush/abc/genlib.genlib; read_blif /home/ayush/abc/blif/alu4.wiremap_depth.blif; strash; map;"
RESULT g_mode=2 qor=2908.00 cuts_used=2871 cpu_time=28644.00 post_ml_time=13769.00
CUT_STATS g_mode=2 candidate_cuts=12941

RUN benchmark=alu4.wiremap_depth.blif g_mode=3 file=/home/ayush/abc/blif/alu4.wiremap_depth.blif
======== ABC command line "read_library /home/ayush/abc/genlib.genlib; read_blif /home/ayush/abc/blif/alu4.wiremap_depth.blif; strash; map;"
RESULT g_mode=3 qor=2908.00 cuts_used=2871 cpu_time=32152.00 post_ml_time=14971.00
CUT_STATS g_mode=3 candidate_cuts=9850

RUN benchmark=always_false.blif g_mode=0 file=/home/ayush/abc/blif/always_false.blif
======== ABC command line "read_library /home/ayush/abc/genlib.genlib; read_blif /home/ayush/abc/blif/always_false.blif; strash; map;"
RESULT g_mode=0 qor=0.00 cuts_used=0 cpu_time=108.00 post_ml_time=4.00
CUT_STATS g_mode=0 candidate_cuts=0

RUN benchmark=always_false.blif g_mode=1 file=/home/ayush/abc/blif/always_false.blif
======== ABC command line "read_library /home/ayush/abc/genlib.genlib; read_blif /home/ayush/abc/blif/always_false.blif; strash; map;"
RESULT g_mode=1 qor=0.00 cuts_used=0 cpu_time=109.00 post_ml_time=3.00
CUT_STATS g_mode=1 candidate_cuts=0

RUN benchmark=always_false.blif g_mode=2 file=/home/ayush/abc/blif/always_false.blif
======== ABC command line "read_library /home/ayush/abc/genlib.genlib; read_blif /home/ayush/abc/blif/always_false.blif; strash; map;"
RESULT g_mode=2 qor=0.00 cuts_used=0 cpu_time=104.00 post_ml_time=3.00
CUT_STATS g_mode=2 candidate_cuts=0

RUN benchmark=always_false.blif g_mode=3 file=/home/ayush/abc/blif/always_false.blif
======== ABC command line "read_library /home/ayush/abc/genlib.genlib; read_blif /home/ayush/abc/blif/always_false.blif; strash; map;"
RESULT g_mode=3 qor=0.00 cuts_used=0 cpu_time=101.00 post_ml_time=3.00
CUT_STATS g_mode=3 candidate_cuts=0

RUN benchmark=always_true.blif g_mode=0 file=/home/ayush/abc/blif/always_true.blif
======== ABC command line "read_library /home/ayush/abc/genlib.genlib; read_blif /home/ayush/abc/blif/always_true.blif; strash; map;"
RESULT g_mode=0 qor=0.00 cuts_used=0 cpu_time=99.00 post_ml_time=3.00
CUT_STATS g_mode=0 candidate_cuts=0

RUN benchmark=always_true.blif g_mode=1 file=/home/ayush/abc/blif/always_true.blif
======== ABC command line "read_library /home/ayush/abc/genlib.genlib; read_blif /home/ayush/abc/blif/always_true.blif; strash; map;"
RESULT g_mode=1 qor=0.00 cuts_used=0 cpu_time=112.00 post_ml_time=3.00
CUT_STATS g_mode=1 candidate_cuts=0

RUN benchmark=always_true.blif g_mode=2 file=/home/ayush/abc/blif/always_true.blif
======== ABC command line "read_library /home/ayush/abc/genlib.genlib; read_blif /home/ayush/abc/blif/always_true.blif; strash; map;"
RESULT g_mode=2 qor=0.00 cuts_used=0 cpu_time=104.00 post_ml_time=3.00
CUT_STATS g_mode=2 candidate_cuts=0

RUN benchmark=always_true.blif g_mode=3 file=/home/ayush/abc/blif/always_true.blif
======== ABC command line "read_library /home/ayush/abc/genlib.genlib; read_blif /home/ayush/abc/blif/always_true.blif; strash; map;"
RESULT g_mode=3 qor=0.00 cuts_used=0 cpu_time=132.00 post_ml_time=4.00
CUT_STATS g_mode=3 candidate_cuts=0

RUN benchmark=and.blif g_mode=0 file=/home/ayush/abc/blif/and.blif
======== ABC command line "read_library /home/ayush/abc/genlib.genlib; read_blif /home/ayush/abc/blif/and.blif; strash; map;"
RESULT g_mode=0 qor=1.00 cuts_used=1 cpu_time=170.00 post_ml_time=14.00
CUT_STATS g_mode=0 candidate_cuts=1

RUN benchmark=and.blif g_mode=1 file=/home/ayush/abc/blif/and.blif
======== ABC command line "read_library /home/ayush/abc/genlib.genlib; read_blif /home/ayush/abc/blif/and.blif; strash; map;"
RESULT g_mode=1 qor=1.00 cuts_used=1 cpu_time=100.00 post_ml_time=8.00
CUT_STATS g_mode=1 candidate_cuts=1

RUN benchmark=and.blif g_mode=2 file=/home/ayush/abc/blif/and.blif
======== ABC command line "read_library /home/ayush/abc/genlib.genlib; read_blif /home/ayush/abc/blif/and.blif; strash; map;"
RESULT g_mode=2 qor=1.00 cuts_used=1 cpu_time=116.00 post_ml_time=9.00
CUT_STATS g_mode=2 candidate_cuts=1

RUN benchmark=and.blif g_mode=3 file=/home/ayush/abc/blif/and.blif
======== ABC command line "read_library /home/ayush/abc/genlib.genlib; read_blif /home/ayush/abc/blif/and.blif; strash; map;"
RESULT g_mode=3 qor=1.00 cuts_used=1 cpu_time=140.00 post_ml_time=10.00
CUT_STATS g_mode=3 candidate_cuts=1

RUN benchmark=and_latch.blif g_mode=0 file=/home/ayush/abc/blif/and_latch.blif
======== ABC command line "read_library /home/ayush/abc/genlib.genlib; read_blif /home/ayush/abc/blif/and_latch.blif; strash; map;"
RESULT g_mode=0 qor=2.00 cuts_used=1 cpu_time=114.00 post_ml_time=10.00
CUT_STATS g_mode=0 candidate_cuts=1

RUN benchmark=and_latch.blif g_mode=1 file=/home/ayush/abc/blif/and_latch.blif
======== ABC command line "read_library /home/ayush/abc/genlib.genlib; read_blif /home/ayush/abc/blif/and_latch.blif; strash; map;"
RESULT g_mode=1 qor=2.00 cuts_used=1 cpu_time=128.00 post_ml_time=10.00
CUT_STATS g_mode=1 candidate_cuts=1

RUN benchmark=and_latch.blif g_mode=2 file=/home/ayush/abc/blif/and_latch.blif
======== ABC command line "read_library /home/ayush/abc/genlib.genlib; read_blif /home/ayush/abc/blif/and_latch.blif; strash; map;"
RESULT g_mode=2 qor=2.00 cuts_used=1 cpu_time=159.00 post_ml_time=16.00
CUT_STATS g_mode=2 candidate_cuts=1

RUN benchmark=and_latch.blif g_mode=3 file=/home/ayush/abc/blif/and_latch.blif
======== ABC command line "read_library /home/ayush/abc/genlib.genlib; read_blif /home/ayush/abc/blif/and_latch.blif; strash; map;"
RESULT g_mode=3 qor=2.00 cuts_used=1 cpu_time=193.00 post_ml_time=18.00
CUT_STATS g_mode=3 candidate_cuts=1

RUN benchmark=apex1.blif g_mode=0 file=/home/ayush/abc/blif/apex1.blif
======== ABC command line "read_library /home/ayush/abc/genlib.genlib; read_blif /home/ayush/abc/blif/apex1.blif; strash; map;"
RESULT g_mode=0 qor=2096.00 cuts_used=2060 cpu_time=26223.00 post_ml_time=10911.00
CUT_STATS g_mode=0 candidate_cuts=19778

RUN benchmark=apex1.blif g_mode=1 file=/home/ayush/abc/blif/apex1.blif
======== ABC command line "read_library /home/ayush/abc/genlib.genlib; read_blif /home/ayush/abc/blif/apex1.blif; strash; map;"
RESULT g_mode=1 qor=2096.00 cuts_used=2060 cpu_time=22762.00 post_ml_time=7497.00
CUT_STATS g_mode=1 candidate_cuts=11159

RUN benchmark=apex1.blif g_mode=2 file=/home/ayush/abc/blif/apex1.blif
======== ABC command line "read_library /home/ayush/abc/genlib.genlib; read_blif /home/ayush/abc/blif/apex1.blif; strash; map;"
RESULT g_mode=2 qor=2096.00 cuts_used=2060 cpu_time=22804.00 post_ml_time=7299.00
CUT_STATS g_mode=2 candidate_cuts=9321

RUN benchmark=apex1.blif g_mode=3 file=/home/ayush/abc/blif/apex1.blif
======== ABC command line "read_library /home/ayush/abc/genlib.genlib; read_blif /home/ayush/abc/blif/apex1.blif; strash; map;"
RESULT g_mode=3 qor=2096.00 cuts_used=2060 cpu_time=23419.00 post_ml_time=7449.00
CUT_STATS g_mode=3 candidate_cuts=7316

RUN benchmark=apex2.blif g_mode=0 file=/home/ayush/abc/blif/apex2.blif
======== ABC command line "read_library /home/ayush/abc/genlib.genlib; read_blif /home/ayush/abc/blif/apex2.blif; strash; map;"
RESULT g_mode=0 qor=4288.00 cuts_used=4250 cpu_time=41256.00 post_ml_time=25244.00
CUT_STATS g_mode=0 candidate_cuts=34595

RUN benchmark=apex2.blif g_mode=1 file=/home/ayush/abc/blif/apex2.blif
======== ABC command line "read_library /home/ayush/abc/genlib.genlib; read_blif /home/ayush/abc/blif/apex2.blif; strash; map;"
RESULT g_mode=1 qor=4288.00 cuts_used=4250 cpu_time=51233.00 post_ml_time=26955.00
CUT_STATS g_mode=1 candidate_cuts=23138

RUN benchmark=apex2.blif g_mode=2 file=/home/ayush/abc/blif/apex2.blif
======== ABC command line "read_library /home/ayush/abc/genlib.genlib; read_blif /home/ayush/abc/blif/apex2.blif; strash; map;"
RESULT g_mode=2 qor=4288.00 cuts_used=4250 cpu_time=50185.00 post_ml_time=25840.00
CUT_STATS g_mode=2 candidate_cuts=19394

RUN benchmark=apex2.blif g_mode=3 file=/home/ayush/abc/blif/apex2.blif
======== ABC command line "read_library /home/ayush/abc/genlib.genlib; read_blif /home/ayush/abc/blif/apex2.blif; strash; map;"
RESULT g_mode=3 qor=4288.00 cuts_used=4250 cpu_time=48433.00 post_ml_time=24803.00
CUT_STATS g_mode=3 candidate_cuts=15340

RUN benchmark=apex2.pre-vpr.blif g_mode=0 file=/home/ayush/abc/blif/apex2.pre-vpr.blif
======== ABC command line "read_library /home/ayush/abc/genlib.genlib; read_blif /home/ayush/abc/blif/apex2.pre-vpr.blif; strash; map;"
RESULT g_mode=0 qor=3338.00 cuts_used=3297 cpu_time=40305.00 post_ml_time=21305.00
CUT_STATS g_mode=0 candidate_cuts=34709

RUN benchmark=apex2.pre-vpr.blif g_mode=1 file=/home/ayush/abc/blif/apex2.pre-vpr.blif
======== ABC command line "read_library /home/ayush/abc/genlib.genlib; read_blif /home/ayush/abc/blif/apex2.pre-vpr.blif; strash; map;"
RESULT g_mode=1 qor=3338.00 cuts_used=3297 cpu_time=44523.00 post_ml_time=20058.00
CUT_STATS g_mode=1 candidate_cuts=20559

RUN benchmark=apex2.pre-vpr.blif g_mode=2 file=/home/ayush/abc/blif/apex2.pre-vpr.blif
======== ABC command line "read_library /home/ayush/abc/genlib.genlib; read_blif /home/ayush/abc/blif/apex2.pre-vpr.blif; strash; map;"
RESULT g_mode=2 qor=3338.00 cuts_used=3297 cpu_time=54594.00 post_ml_time=23689.00
CUT_STATS g_mode=2 candidate_cuts=16348

RUN benchmark=apex2.pre-vpr.blif g_mode=3 file=/home/ayush/abc/blif/apex2.pre-vpr.blif
======== ABC command line "read_library /home/ayush/abc/genlib.genlib; read_blif /home/ayush/abc/blif/apex2.pre-vpr.blif; strash; map;"
RESULT g_mode=3 qor=3338.00 cuts_used=3297 cpu_time=45538.00 post_ml_time=19451.00
CUT_STATS g_mode=3 candidate_cuts=11795

RUN benchmark=apex2.wiremap_area.blif g_mode=0 file=/home/ayush/abc/blif/apex2.wiremap_area.blif
======== ABC command line "read_library /home/ayush/abc/genlib.genlib; read_blif /home/ayush/abc/blif/apex2.wiremap_area.blif; strash; map;"
RESULT g_mode=0 qor=3175.00 cuts_used=3134 cpu_time=46023.00 post_ml_time=24325.00
CUT_STATS g_mode=0 candidate_cuts=36959

RUN benchmark=apex2.wiremap_area.blif g_mode=1 file=/home/ayush/abc/blif/apex2.wiremap_area.blif
======== ABC command line "read_library /home/ayush/abc/genlib.genlib; read_blif /home/ayush/abc/blif/apex2.wiremap_area.blif; strash; map;"
RESULT g_mode=1 qor=3175.00 cuts_used=3134 cpu_time=56803.00 post_ml_time=25467.00
CUT_STATS g_mode=1 candidate_cuts=20664

RUN benchmark=apex2.wiremap_area.blif g_mode=2 file=/home/ayush/abc/blif/apex2.wiremap_area.blif
======== ABC command line "read_library /home/ayush/abc/genlib.genlib; read_blif /home/ayush/abc/blif/apex2.wiremap_area.blif; strash; map;"
RESULT g_mode=2 qor=3175.00 cuts_used=3134 cpu_time=55724.00 post_ml_time=23754.00
CUT_STATS g_mode=2 candidate_cuts=16243

RUN benchmark=apex2.wiremap_area.blif g_mode=3 file=/home/ayush/abc/blif/apex2.wiremap_area.blif
======== ABC command line "read_library /home/ayush/abc/genlib.genlib; read_blif /home/ayush/abc/blif/apex2.wiremap_area.blif; strash; map;"
RESULT g_mode=3 qor=3175.00 cuts_used=3134 cpu_time=39230.00 post_ml_time=16762.00
CUT_STATS g_mode=3 candidate_cuts=11333

RUN benchmark=apex2.wiremap_depth.blif g_mode=0 file=/home/ayush/abc/blif/apex2.wiremap_depth.blif
======== ABC command line "read_library /home/ayush/abc/genlib.genlib; read_blif /home/ayush/abc/blif/apex2.wiremap_depth.blif; strash; map;"
RESULT g_mode=0 qor=3338.00 cuts_used=3297 cpu_time=47503.00 post_ml_time=25893.00
CUT_STATS g_mode=0 candidate_cuts=34709

RUN benchmark=apex2.wiremap_depth.blif g_mode=1 file=/home/ayush/abc/blif/apex2.wiremap_depth.blif
======== ABC command line "read_library /home/ayush/abc/genlib.genlib; read_blif /home/ayush/abc/blif/apex2.wiremap_depth.blif; strash; map;"
RESULT g_mode=1 qor=3338.00 cuts_used=3297 cpu_time=55419.00 post_ml_time=25902.00
CUT_STATS g_mode=1 candidate_cuts=20559

RUN benchmark=apex2.wiremap_depth.blif g_mode=2 file=/home/ayush/abc/blif/apex2.wiremap_depth.blif
======== ABC command line "read_library /home/ayush/abc/genlib.genlib; read_blif /home/ayush/abc/blif/apex2.wiremap_depth.blif; strash; map;"
RESULT g_mode=2 qor=3338.00 cuts_used=3297 cpu_time=41572.00 post_ml_time=18493.00
CUT_STATS g_mode=2 candidate_cuts=16348

RUN benchmark=apex2.wiremap_depth.blif g_mode=3 file=/home/ayush/abc/blif/apex2.wiremap_depth.blif
======== ABC command line "read_library /home/ayush/abc/genlib.genlib; read_blif /home/ayush/abc/blif/apex2.wiremap_depth.blif; strash; map;"
RESULT g_mode=3 qor=3338.00 cuts_used=3297 cpu_time=43113.00 post_ml_time=18829.00
CUT_STATS g_mode=3 candidate_cuts=11795

RUN benchmark=apex3.blif g_mode=0 file=/home/ayush/abc/blif/apex3.blif
======== ABC command line "read_library /home/ayush/abc/genlib.genlib; read_blif /home/ayush/abc/blif/apex3.blif; strash; map;"
RESULT g_mode=0 qor=2828.00 cuts_used=2798 cpu_time=30068.00 post_ml_time=15463.00
CUT_STATS g_mode=0 candidate_cuts=23220

RUN benchmark=apex3.blif g_mode=1 file=/home/ayush/abc/blif/apex3.blif
======== ABC command line "read_library /home/ayush/abc/genlib.genlib; read_blif /home/ayush/abc/blif/apex3.blif; strash; map;"
RESULT g_mode=1 qor=2828.00 cuts_used=2798 cpu_time=28280.00 post_ml_time=11057.00
CUT_STATS g_mode=1 candidate_cuts=14696

RUN benchmark=apex3.blif g_mode=2 file=/home/ayush/abc/blif/apex3.blif
======== ABC command line "read_library /home/ayush/abc/genlib.genlib; read_blif /home/ayush/abc/blif/apex3.blif; strash; map;"
RESULT g_mode=2 qor=2828.00 cuts_used=2798 cpu_time=28241.00 post_ml_time=11665.00
CUT_STATS g_mode=2 candidate_cuts=12490

RUN benchmark=apex3.blif g_mode=3 file=/home/ayush/abc/blif/apex3.blif
======== ABC command line "read_library /home/ayush/abc/genlib.genlib; read_blif /home/ayush/abc/blif/apex3.blif; strash; map;"
RESULT g_mode=3 qor=2828.00 cuts_used=2798 cpu_time=25629.00 post_ml_time=10227.00
CUT_STATS g_mode=3 candidate_cuts=9933

RUN benchmark=apex4.blif g_mode=0 file=/home/ayush/abc/blif/apex4.blif
======== ABC command line "read_library /home/ayush/abc/genlib.genlib; read_blif /home/ayush/abc/blif/apex4.blif; strash; map;"
RESULT g_mode=0 qor=4003.00 cuts_used=3994 cpu_time=37266.00 post_ml_time=17861.00
CUT_STATS g_mode=0 candidate_cuts=41073

RUN benchmark=apex4.blif g_mode=1 file=/home/ayush/abc/blif/apex4.blif
======== ABC command line "read_library /home/ayush/abc/genlib.genlib; read_blif /home/ayush/abc/blif/apex4.blif; strash; map;"
RESULT g_mode=1 qor=4003.00 cuts_used=3994 cpu_time=61109.00 post_ml_time=23941.00
CUT_STATS g_mode=1 candidate_cuts=24794

RUN benchmark=apex4.blif g_mode=2 file=/home/ayush/abc/blif/apex4.blif
======== ABC command line "read_library /home/ayush/abc/genlib.genlib; read_blif /home/ayush/abc/blif/apex4.blif; strash; map;"
RESULT g_mode=2 qor=4003.00 cuts_used=3994 cpu_time=47225.00 post_ml_time=18073.00
CUT_STATS g_mode=2 candidate_cuts=20373

RUN benchmark=apex4.blif g_mode=3 file=/home/ayush/abc/blif/apex4.blif
======== ABC command line "read_library /home/ayush/abc/genlib.genlib; read_blif /home/ayush/abc/blif/apex4.blif; strash; map;"
RESULT g_mode=3 qor=4003.00 cuts_used=3994 cpu_time=45017.00 post_ml_time=16599.00
CUT_STATS g_mode=3 candidate_cuts=15391

RUN benchmark=apex4.pre-vpr.blif g_mode=0 file=/home/ayush/abc/blif/apex4.pre-vpr.blif
======== ABC command line "read_library /home/ayush/abc/genlib.genlib; read_blif /home/ayush/abc/blif/apex4.pre-vpr.blif; strash; map;"
RESULT g_mode=0 qor=2957.00 cuts_used=2948 cpu_time=41969.00 post_ml_time=17079.00
CUT_STATS g_mode=0 candidate_cuts=35788

RUN benchmark=apex4.pre-vpr.blif g_mode=1 file=/home/ayush/abc/blif/apex4.pre-vpr.blif
======== ABC command line "read_library /home/ayush/abc/genlib.genlib; read_blif /home/ayush/abc/blif/apex4.pre-vpr.blif; strash; map;"
RESULT g_mode=1 qor=2957.00 cuts_used=2948 cpu_time=50767.00 post_ml_time=16756.00
CUT_STATS g_mode=1 candidate_cuts=19483

RUN benchmark=apex4.pre-vpr.blif g_mode=2 file=/home/ayush/abc/blif/apex4.pre-vpr.blif
======== ABC command line "read_library /home/ayush/abc/genlib.genlib; read_blif /home/ayush/abc/blif/apex4.pre-vpr.blif; strash; map;"
RESULT g_mode=2 qor=2957.00 cuts_used=2948 cpu_time=48737.00 post_ml_time=15969.00
CUT_STATS g_mode=2 candidate_cuts=15581

RUN benchmark=apex4.pre-vpr.blif g_mode=3 file=/home/ayush/abc/blif/apex4.pre-vpr.blif
======== ABC command line "read_library /home/ayush/abc/genlib.genlib; read_blif /home/ayush/abc/blif/apex4.pre-vpr.blif; strash; map;"
RESULT g_mode=3 qor=2957.00 cuts_used=2948 cpu_time=37665.00 post_ml_time=11545.00
CUT_STATS g_mode=3 candidate_cuts=11333

RUN benchmark=apex4.wiremap_area.blif g_mode=0 file=/home/ayush/abc/blif/apex4.wiremap_area.blif
======== ABC command line "read_library /home/ayush/abc/genlib.genlib; read_blif /home/ayush/abc/blif/apex4.wiremap_area.blif; strash; map;"
RESULT g_mode=0 qor=2842.00 cuts_used=2831 cpu_time=47076.00 post_ml_time=18720.00
CUT_STATS g_mode=0 candidate_cuts=37749

RUN benchmark=apex4.wiremap_area.blif g_mode=1 file=/home/ayush/abc/blif/apex4.wiremap_area.blif
======== ABC command line "read_library /home/ayush/abc/genlib.genlib; read_blif /home/ayush/abc/blif/apex4.wiremap_area.blif; strash; map;"
RESULT g_mode=1 qor=2842.00 cuts_used=2831 cpu_time=38692.00 post_ml_time=12133.00
CUT_STATS g_mode=1 candidate_cuts=20294

RUN benchmark=apex4.wiremap_area.blif g_mode=2 file=/home/ayush/abc/blif/apex4.wiremap_area.blif
======== ABC command line "read_library /home/ayush/abc/genlib.genlib; read_blif /home/ayush/abc/blif/apex4.wiremap_area.blif; strash; map;"
RESULT g_mode=2 qor=2842.00 cuts_used=2831 cpu_time=50981.00 post_ml_time=15866.00
CUT_STATS g_mode=2 candidate_cuts=15953

RUN benchmark=apex4.wiremap_area.blif g_mode=3 file=/home/ayush/abc/blif/apex4.wiremap_area.blif
======== ABC command line "read_library /home/ayush/abc/genlib.genlib; read_blif /home/ayush/abc/blif/apex4.wiremap_area.blif; strash; map;"
RESULT g_mode=3 qor=2842.00 cuts_used=2831 cpu_time=40775.00 post_ml_time=12773.00
CUT_STATS g_mode=3 candidate_cuts=10945

RUN benchmark=apex4.wiremap_depth.blif g_mode=0 file=/home/ayush/abc/blif/apex4.wiremap_depth.blif
======== ABC command line "read_library /home/ayush/abc/genlib.genlib; read_blif /home/ayush/abc/blif/apex4.wiremap_depth.blif; strash; map;"
RESULT g_mode=0 qor=2957.00 cuts_used=2948 cpu_time=36459.00 post_ml_time=15182.00
CUT_STATS g_mode=0 candidate_cuts=35788

RUN benchmark=apex4.wiremap_depth.blif g_mode=1 file=/home/ayush/abc/blif/apex4.wiremap_depth.blif
======== ABC command line "read_library /home/ayush/abc/genlib.genlib; read_blif /home/ayush/abc/blif/apex4.wiremap_depth.blif; strash; map;"
RESULT g_mode=1 qor=2957.00 cuts_used=2948 cpu_time=44275.00 post_ml_time=15312.00
CUT_STATS g_mode=1 candidate_cuts=19483

RUN benchmark=apex4.wiremap_depth.blif g_mode=2 file=/home/ayush/abc/blif/apex4.wiremap_depth.blif
======== ABC command line "read_library /home/ayush/abc/genlib.genlib; read_blif /home/ayush/abc/blif/apex4.wiremap_depth.blif; strash; map;"
RESULT g_mode=2 qor=2957.00 cuts_used=2948 cpu_time=50951.00 post_ml_time=16772.00
CUT_STATS g_mode=2 candidate_cuts=15581

RUN benchmark=apex4.wiremap_depth.blif g_mode=3 file=/home/ayush/abc/blif/apex4.wiremap_depth.blif
======== ABC command line "read_library /home/ayush/abc/genlib.genlib; read_blif /home/ayush/abc/blif/apex4.wiremap_depth.blif; strash; map;"
RESULT g_mode=3 qor=2957.00 cuts_used=2948 cpu_time=48567.00 post_ml_time=15323.00
CUT_STATS g_mode=3 candidate_cuts=11333

RUN benchmark=apex5.blif g_mode=0 file=/home/ayush/abc/blif/apex5.blif
======== ABC command line "read_library /home/ayush/abc/genlib.genlib; read_blif /home/ayush/abc/blif/apex5.blif; strash; map;"
RESULT g_mode=0 qor=1222.00 cuts_used=1146 cpu_time=8482.00 post_ml_time=3877.00
CUT_STATS g_mode=0 candidate_cuts=9319

RUN benchmark=apex5.blif g_mode=1 file=/home/ayush/abc/blif/apex5.blif
======== ABC command line "read_library /home/ayush/abc/genlib.genlib; read_blif /home/ayush/abc/blif/apex5.blif; strash; map;"
RESULT g_mode=1 qor=1222.00 cuts_used=1146 cpu_time=9408.00 post_ml_time=3553.00
CUT_STATS g_mode=1 candidate_cuts=6436

RUN benchmark=apex5.blif g_mode=2 file=/home/ayush/abc/blif/apex5.blif
======== ABC command line "read_library /home/ayush/abc/genlib.genlib; read_blif /home/ayush/abc/blif/apex5.blif; strash; map;"
RESULT g_mode=2 qor=1222.00 cuts_used=1146 cpu_time=9554.00 post_ml_time=3872.00
CUT_STATS g_mode=2 candidate_cuts=5287

RUN benchmark=apex5.blif g_mode=3 file=/home/ayush/abc/blif/apex5.blif
======== ABC command line "read_library /home/ayush/abc/genlib.genlib; read_blif /home/ayush/abc/blif/apex5.blif; strash; map;"
RESULT g_mode=3 qor=1222.00 cuts_used=1146 cpu_time=11733.00 post_ml_time=4285.00
CUT_STATS g_mode=3 candidate_cuts=3956

RUN benchmark=apex6.blif g_mode=0 file=/home/ayush/abc/blif/apex6.blif
======== ABC command line "read_library /home/ayush/abc/genlib.genlib; read_blif /home/ayush/abc/blif/apex6.blif; strash; map;"
RESULT g_mode=0 qor=901.00 cuts_used=854 cpu_time=5778.00 post_ml_time=3021.00
CUT_STATS g_mode=0 candidate_cuts=4784

RUN benchmark=apex6.blif g_mode=1 file=/home/ayush/abc/blif/apex6.blif
======== ABC command line "read_library /home/ayush/abc/genlib.genlib; read_blif /home/ayush/abc/blif/apex6.blif; strash; map;"
RESULT g_mode=1 qor=901.00 cuts_used=854 cpu_time=6281.00 post_ml_time=2940.00
CUT_STATS g_mode=1 candidate_cuts=3856

RUN benchmark=apex6.blif g_mode=2 file=/home/ayush/abc/blif/apex6.blif
======== ABC command line "read_library /home/ayush/abc/genlib.genlib; read_blif /home/ayush/abc/blif/apex6.blif; strash; map;"
RESULT g_mode=2 qor=901.00 cuts_used=854 cpu_time=6445.00 post_ml_time=2947.00
CUT_STATS g_mode=2 candidate_cuts=3359

RUN benchmark=apex6.blif g_mode=3 file=/home/ayush/abc/blif/apex6.blif
======== ABC command line "read_library /home/ayush/abc/genlib.genlib; read_blif /home/ayush/abc/blif/apex6.blif; strash; map;"
RESULT g_mode=3 qor=901.00 cuts_used=854 cpu_time=6334.00 post_ml_time=2940.00
CUT_STATS g_mode=3 candidate_cuts=2663

RUN benchmark=apex7.blif g_mode=0 file=/home/ayush/abc/blif/apex7.blif
======== ABC command line "read_library /home/ayush/abc/genlib.genlib; read_blif /home/ayush/abc/blif/apex7.blif; strash; map;"
RESULT g_mode=0 qor=263.00 cuts_used=241 cpu_time=2191.00 post_ml_time=938.00
CUT_STATS g_mode=0 candidate_cuts=1386

RUN benchmark=apex7.blif g_mode=1 file=/home/ayush/abc/blif/apex7.blif
======== ABC command line "read_library /home/ayush/abc/genlib.genlib; read_blif /home/ayush/abc/blif/apex7.blif; strash; map;"
RESULT g_mode=1 qor=263.00 cuts_used=241 cpu_time=2225.00 post_ml_time=903.00
CUT_STATS g_mode=1 candidate_cuts=1097

RUN benchmark=apex7.blif g_mode=2 file=/home/ayush/abc/blif/apex7.blif
======== ABC command line "read_library /home/ayush/abc/genlib.genlib; read_blif /home/ayush/abc/blif/apex7.blif; strash; map;"
RESULT g_mode=2 qor=263.00 cuts_used=241 cpu_time=2260.00 post_ml_time=960.00
CUT_STATS g_mode=2 candidate_cuts=962

RUN benchmark=apex7.blif g_mode=3 file=/home/ayush/abc/blif/apex7.blif
======== ABC command line "read_library /home/ayush/abc/genlib.genlib; read_blif /home/ayush/abc/blif/apex7.blif; strash; map;"
RESULT g_mode=3 qor=263.00 cuts_used=241 cpu_time=2324.00 post_ml_time=970.00
CUT_STATS g_mode=3 candidate_cuts=757

RUN benchmark=b12.blif g_mode=0 file=/home/ayush/abc/blif/b12.blif
======== ABC command line "read_library /home/ayush/abc/genlib.genlib; read_blif /home/ayush/abc/blif/b12.blif; strash; map;"
RESULT g_mode=0 qor=95.00 cuts_used=85 cpu_time=557.00 post_ml_time=266.00
CUT_STATS g_mode=0 candidate_cuts=411

RUN benchmark=b12.blif g_mode=1 file=/home/ayush/abc/blif/b12.blif
======== ABC command line "read_library /home/ayush/abc/genlib.genlib; read_blif /home/ayush/abc/blif/b12.blif; strash; map;"
RESULT g_mode=1 qor=95.00 cuts_used=85 cpu_time=703.00 post_ml_time=299.00
CUT_STATS g_mode=1 candidate_cuts=334

RUN benchmark=b12.blif g_mode=2 file=/home/ayush/abc/blif/b12.blif
======== ABC command line "read_library /home/ayush/abc/genlib.genlib; read_blif /home/ayush/abc/blif/b12.blif; strash; map;"
RESULT g_mode=2 qor=95.00 cuts_used=85 cpu_time=765.00 post_ml_time=316.00
CUT_STATS g_mode=2 candidate_cuts=302

RUN benchmark=b12.blif g_mode=3 file=/home/ayush/abc/blif/b12.blif
======== ABC command line "read_library /home/ayush/abc/genlib.genlib; read_blif /home/ayush/abc/blif/b12.blif; strash; map;"
RESULT g_mode=3 qor=95.00 cuts_used=85 cpu_time=813.00 post_ml_time=345.00
CUT_STATS g_mode=3 candidate_cuts=244

RUN benchmark=b1.blif g_mode=0 file=/home/ayush/abc/blif/b1.blif
======== ABC command line "read_library /home/ayush/abc/genlib.genlib; read_blif /home/ayush/abc/blif/b1.blif; strash; map;"
RESULT g_mode=0 qor=8.00 cuts_used=6 cpu_time=122.00 post_ml_time=29.00
CUT_STATS g_mode=0 candidate_cuts=15

RUN benchmark=b1.blif g_mode=1 file=/home/ayush/abc/blif/b1.blif
======== ABC command line "read_library /home/ayush/abc/genlib.genlib; read_blif /home/ayush/abc/blif/b1.blif; strash; map;"
RESULT g_mode=1 qor=8.00 cuts_used=6 cpu_time=254.00 post_ml_time=59.00
CUT_STATS g_mode=1 candidate_cuts=15

RUN benchmark=b1.blif g_mode=2 file=/home/ayush/abc/blif/b1.blif
======== ABC command line "read_library /home/ayush/abc/genlib.genlib; read_blif /home/ayush/abc/blif/b1.blif; strash; map;"
RESULT g_mode=2 qor=8.00 cuts_used=6 cpu_time=170.00 post_ml_time=39.00
CUT_STATS g_mode=2 candidate_cuts=15

RUN benchmark=b1.blif g_mode=3 file=/home/ayush/abc/blif/b1.blif
======== ABC command line "read_library /home/ayush/abc/genlib.genlib; read_blif /home/ayush/abc/blif/b1.blif; strash; map;"
RESULT g_mode=3 qor=8.00 cuts_used=6 cpu_time=164.00 post_ml_time=36.00
CUT_STATS g_mode=3 candidate_cuts=14

RUN benchmark=b9.blif g_mode=0 file=/home/ayush/abc/blif/b9.blif
======== ABC command line "read_library /home/ayush/abc/genlib.genlib; read_blif /home/ayush/abc/blif/b9.blif; strash; map;"
RESULT g_mode=0 qor=112.00 cuts_used=97 cpu_time=649.00 post_ml_time=328.00
CUT_STATS g_mode=0 candidate_cuts=430

RUN benchmark=b9.blif g_mode=1 file=/home/ayush/abc/blif/b9.blif
======== ABC command line "read_library /home/ayush/abc/genlib.genlib; read_blif /home/ayush/abc/blif/b9.blif; strash; map;"
RESULT g_mode=1 qor=112.00 cuts_used=97 cpu_time=742.00 post_ml_time=336.00
CUT_STATS g_mode=1 candidate_cuts=372

RUN benchmark=b9.blif g_mode=2 file=/home/ayush/abc/blif/b9.blif
======== ABC command line "read_library /home/ayush/abc/genlib.genlib; read_blif /home/ayush/abc/blif/b9.blif; strash; map;"
RESULT g_mode=2 qor=112.00 cuts_used=97 cpu_time=868.00 post_ml_time=400.00
CUT_STATS g_mode=2 candidate_cuts=333

RUN benchmark=b9.blif g_mode=3 file=/home/ayush/abc/blif/b9.blif
======== ABC command line "read_library /home/ayush/abc/genlib.genlib; read_blif /home/ayush/abc/blif/b9.blif; strash; map;"
RESULT g_mode=3 qor=112.00 cuts_used=97 cpu_time=724.00 post_ml_time=334.00
CUT_STATS g_mode=3 candidate_cuts=272

RUN benchmark=bbara.blif g_mode=0 file=/home/ayush/abc/blif/bbara.blif
======== ABC command line "read_library /home/ayush/abc/genlib.genlib; read_blif /home/ayush/abc/blif/bbara.blif; strash; map;"
RESULT g_mode=0 qor=83.00 cuts_used=77 cpu_time=565.00 post_ml_time=246.00
CUT_STATS g_mode=0 candidate_cuts=415

RUN benchmark=bbara.blif g_mode=1 file=/home/ayush/abc/blif/bbara.blif
======== ABC command line "read_library /home/ayush/abc/genlib.genlib; read_blif /home/ayush/abc/blif/bbara.blif; strash; map;"
RESULT g_mode=1 qor=83.00 cuts_used=77 cpu_time=740.00 post_ml_time=286.00
CUT_STATS g_mode=1 candidate_cuts=341

RUN benchmark=bbara.blif g_mode=2 file=/home/ayush/abc/blif/bbara.blif
======== ABC command line "read_library /home/ayush/abc/genlib.genlib; read_blif /home/ayush/abc/blif/bbara.blif; strash; map;"
RESULT g_mode=2 qor=83.00 cuts_used=77 cpu_time=758.00 post_ml_time=301.00
CUT_STATS g_mode=2 candidate_cuts=296

RUN benchmark=bbara.blif g_mode=3 file=/home/ayush/abc/blif/bbara.blif
======== ABC command line "read_library /home/ayush/abc/genlib.genlib; read_blif /home/ayush/abc/blif/bbara.blif; strash; map;"
RESULT g_mode=3 qor=83.00 cuts_used=77 cpu_time=779.00 post_ml_time=296.00
CUT_STATS g_mode=3 candidate_cuts=227

RUN benchmark=bbrtas.blif g_mode=0 file=/home/ayush/abc/blif/bbrtas.blif
======== ABC command line "read_library /home/ayush/abc/genlib.genlib; read_blif /home/ayush/abc/blif/bbrtas.blif; strash; map;"
RESULT g_mode=0 qor=1021.00 cuts_used=986 cpu_time=13097.00 post_ml_time=4843.00
CUT_STATS g_mode=0 candidate_cuts=10503

RUN benchmark=bbrtas.blif g_mode=1 file=/home/ayush/abc/blif/bbrtas.blif
======== ABC command line "read_library /home/ayush/abc/genlib.genlib; read_blif /home/ayush/abc/blif/bbrtas.blif; strash; map;"
RESULT g_mode=1 qor=1021.00 cuts_used=986 cpu_time=15276.00 post_ml_time=4359.00
CUT_STATS g_mode=1 candidate_cuts=5602

RUN benchmark=bbrtas.blif g_mode=2 file=/home/ayush/abc/blif/bbrtas.blif
======== ABC command line "read_library /home/ayush/abc/genlib.genlib; read_blif /home/ayush/abc/blif/bbrtas.blif; strash; map;"
RESULT g_mode=2 qor=1021.00 cuts_used=986 cpu_time=10732.00 post_ml_time=3050.00
CUT_STATS g_mode=2 candidate_cuts=4592

RUN benchmark=bbrtas.blif g_mode=3 file=/home/ayush/abc/blif/bbrtas.blif
======== ABC command line "read_library /home/ayush/abc/genlib.genlib; read_blif /home/ayush/abc/blif/bbrtas.blif; strash; map;"
RESULT g_mode=3 qor=1021.00 cuts_used=986 cpu_time=10843.00 post_ml_time=3061.00
CUT_STATS g_mode=3 candidate_cuts=3501

RUN benchmark=bbsse.blif g_mode=0 file=/home/ayush/abc/blif/bbsse.blif
======== ABC command line "read_library /home/ayush/abc/genlib.genlib; read_blif /home/ayush/abc/blif/bbsse.blif; strash; map;"
RESULT g_mode=0 qor=147.00 cuts_used=135 cpu_time=1060.00 post_ml_time=403.00
CUT_STATS g_mode=0 candidate_cuts=928

RUN benchmark=bbsse.blif g_mode=1 file=/home/ayush/abc/blif/bbsse.blif
======== ABC command line "read_library /home/ayush/abc/genlib.genlib; read_blif /home/ayush/abc/blif/bbsse.blif; strash; map;"
RESULT g_mode=1 qor=147.00 cuts_used=135 cpu_time=1416.00 post_ml_time=488.00
CUT_STATS g_mode=1 candidate_cuts=597

RUN benchmark=bbsse.blif g_mode=2 file=/home/ayush/abc/blif/bbsse.blif
======== ABC command line "read_library /home/ayush/abc/genlib.genlib; read_blif /home/ayush/abc/blif/bbsse.blif; strash; map;"
RESULT g_mode=2 qor=147.00 cuts_used=135 cpu_time=1211.00 post_ml_time=395.00
CUT_STATS g_mode=2 candidate_cuts=519

RUN benchmark=bbsse.blif g_mode=3 file=/home/ayush/abc/blif/bbsse.blif
======== ABC command line "read_library /home/ayush/abc/genlib.genlib; read_blif /home/ayush/abc/blif/bbsse.blif; strash; map;"
RESULT g_mode=3 qor=147.00 cuts_used=135 cpu_time=1300.00 post_ml_time=423.00
CUT_STATS g_mode=3 candidate_cuts=419

RUN benchmark=bbtas.blif g_mode=0 file=/home/ayush/abc/blif/bbtas.blif
======== ABC command line "read_library /home/ayush/abc/genlib.genlib; read_blif /home/ayush/abc/blif/bbtas.blif; strash; map;"
RESULT g_mode=0 qor=31.00 cuts_used=28 cpu_time=344.00 post_ml_time=118.00
CUT_STATS g_mode=0 candidate_cuts=144

RUN benchmark=bbtas.blif g_mode=1 file=/home/ayush/abc/blif/bbtas.blif
======== ABC command line "read_library /home/ayush/abc/genlib.genlib; read_blif /home/ayush/abc/blif/bbtas.blif; strash; map;"
RESULT g_mode=1 qor=31.00 cuts_used=28 cpu_time=539.00 post_ml_time=180.00
CUT_STATS g_mode=1 candidate_cuts=101

RUN benchmark=bbtas.blif g_mode=2 file=/home/ayush/abc/blif/bbtas.blif
======== ABC command line "read_library /home/ayush/abc/genlib.genlib; read_blif /home/ayush/abc/blif/bbtas.blif; strash; map;"
RESULT g_mode=2 qor=31.00 cuts_used=28 cpu_time=390.00 post_ml_time=122.00
CUT_STATS g_mode=2 candidate_cuts=91

RUN benchmark=bbtas.blif g_mode=3 file=/home/ayush/abc/blif/bbtas.blif
======== ABC command line "read_library /home/ayush/abc/genlib.genlib; read_blif /home/ayush/abc/blif/bbtas.blif; strash; map;"
RESULT g_mode=3 qor=31.00 cuts_used=28 cpu_time=403.00 post_ml_time=122.00
CUT_STATS g_mode=3 candidate_cuts=73

RUN benchmark=beecount.blif g_mode=0 file=/home/ayush/abc/blif/beecount.blif
======== ABC command line "read_library /home/ayush/abc/genlib.genlib; read_blif /home/ayush/abc/blif/beecount.blif; strash; map;"
RESULT g_mode=0 qor=40.00 cuts_used=35 cpu_time=441.00 post_ml_time=190.00
CUT_STATS g_mode=0 candidate_cuts=160

RUN benchmark=beecount.blif g_mode=1 file=/home/ayush/abc/blif/beecount.blif
======== ABC command line "read_library /home/ayush/abc/genlib.genlib; read_blif /home/ayush/abc/blif/beecount.blif; strash; map;"
RESULT g_mode=1 qor=40.00 cuts_used=35 cpu_time=442.00 post_ml_time=166.00
CUT_STATS g_mode=1 candidate_cuts=135

RUN benchmark=beecount.blif g_mode=2 file=/home/ayush/abc/blif/beecount.blif
======== ABC command line "read_library /home/ayush/abc/genlib.genlib; read_blif /home/ayush/abc/blif/beecount.blif; strash; map;"
RESULT g_mode=2 qor=40.00 cuts_used=35 cpu_time=423.00 post_ml_time=154.00
CUT_STATS g_mode=2 candidate_cuts=122

RUN benchmark=beecount.blif g_mode=3 file=/home/ayush/abc/blif/beecount.blif
======== ABC command line "read_library /home/ayush/abc/genlib.genlib; read_blif /home/ayush/abc/blif/beecount.blif; strash; map;"
RESULT g_mode=3 qor=40.00 cuts_used=35 cpu_time=445.00 post_ml_time=166.00
CUT_STATS g_mode=3 candidate_cuts=101

RUN benchmark=bigkey.blif g_mode=0 file=/home/ayush/abc/blif/bigkey.blif
======== ABC command line "read_library /home/ayush/abc/genlib.genlib; read_blif /home/ayush/abc/blif/bigkey.blif; strash; map;"
RESULT g_mode=0 qor=6213.00 cuts_used=5789 cpu_time=54999.00 post_ml_time=29362.00
CUT_STATS g_mode=0 candidate_cuts=55157

RUN benchmark=bigkey.blif g_mode=1 file=/home/ayush/abc/blif/bigkey.blif
======== ABC command line "read_library /home/ayush/abc/genlib.genlib; read_blif /home/ayush/abc/blif/bigkey.blif; strash; map;"
RESULT g_mode=1 qor=6213.00 cuts_used=5789 cpu_time=64073.00 post_ml_time=27610.00
CUT_STATS g_mode=1 candidate_cuts=33621

RUN benchmark=bigkey.blif g_mode=2 file=/home/ayush/abc/blif/bigkey.blif
======== ABC command line "read_library /home/ayush/abc/genlib.genlib; read_blif /home/ayush/abc/blif/bigkey.blif; strash; map;"
RESULT g_mode=2 qor=6213.00 cuts_used=5789 cpu_time=67181.00 post_ml_time=28855.00
CUT_STATS g_mode=2 candidate_cuts=27749

RUN benchmark=bigkey.blif g_mode=3 file=/home/ayush/abc/blif/bigkey.blif
======== ABC command line "read_library /home/ayush/abc/genlib.genlib; read_blif /home/ayush/abc/blif/bigkey.blif; strash; map;"
RESULT g_mode=3 qor=6213.00 cuts_used=5789 cpu_time=52389.00 post_ml_time=22901.00
CUT_STATS g_mode=3 candidate_cuts=20960

RUN benchmark=bigkey.pre-vpr.blif g_mode=0 file=/home/ayush/abc/blif/bigkey.pre-vpr.blif
======== ABC command line "read_library /home/ayush/abc/genlib.genlib; read_blif /home/ayush/abc/blif/bigkey.pre-vpr.blif; strash; map;"
RESULT g_mode=0 qor=3870.00 cuts_used=3447 cpu_time=21292.00 post_ml_time=11857.00
CUT_STATS g_mode=0 candidate_cuts=28212

RUN benchmark=bigkey.pre-vpr.blif g_mode=1 file=/home/ayush/abc/blif/bigkey.pre-vpr.blif
======== ABC command line "read_library /home/ayush/abc/genlib.genlib; read_blif /home/ayush/abc/blif/bigkey.pre-vpr.blif; strash; map;"
RESULT g_mode=1 qor=3870.00 cuts_used=3447 cpu_time=33113.00 post_ml_time=14286.00
CUT_STATS g_mode=1 candidate_cuts=17433

RUN benchmark=bigkey.pre-vpr.blif g_mode=2 file=/home/ayush/abc/blif/bigkey.pre-vpr.blif
======== ABC command line "read_library /home/ayush/abc/genlib.genlib; read_blif /home/ayush/abc/blif/bigkey.pre-vpr.blif; strash; map;"
RESULT g_mode=2 qor=3870.00 cuts_used=3447 cpu_time=32935.00 post_ml_time=13641.00
CUT_STATS g_mode=2 candidate_cuts=14796

RUN benchmark=bigkey.pre-vpr.blif g_mode=3 file=/home/ayush/abc/blif/bigkey.pre-vpr.blif
======== ABC command line "read_library /home/ayush/abc/genlib.genlib; read_blif /home/ayush/abc/blif/bigkey.pre-vpr.blif; strash; map;"
RESULT g_mode=3 qor=3870.00 cuts_used=3447 cpu_time=31507.00 post_ml_time=13151.00
CUT_STATS g_mode=3 candidate_cuts=11687

RUN benchmark=bigkey.wiremap_area.blif g_mode=0 file=/home/ayush/abc/blif/bigkey.wiremap_area.blif
======== ABC command line "read_library /home/ayush/abc/genlib.genlib; read_blif /home/ayush/abc/blif/bigkey.wiremap_area.blif; strash; map;"
RESULT g_mode=0 qor=4095.00 cuts_used=3673 cpu_time=28027.00 post_ml_time=14850.00
CUT_STATS g_mode=0 candidate_cuts=29364

RUN benchmark=bigkey.wiremap_area.blif g_mode=1 file=/home/ayush/abc/blif/bigkey.wiremap_area.blif
======== ABC command line "read_library /home/ayush/abc/genlib.genlib; read_blif /home/ayush/abc/blif/bigkey.wiremap_area.blif; strash; map;"
RESULT g_mode=1 qor=4095.00 cuts_used=3673 cpu_time=34351.00 post_ml_time=15464.00
CUT_STATS g_mode=1 candidate_cuts=19913

RUN benchmark=bigkey.wiremap_area.blif g_mode=2 file=/home/ayush/abc/blif/bigkey.wiremap_area.blif
======== ABC command line "read_library /home/ayush/abc/genlib.genlib; read_blif /home/ayush/abc/blif/bigkey.wiremap_area.blif; strash; map;"
RESULT g_mode=2 qor=4095.00 cuts_used=3673 cpu_time=30714.00 post_ml_time=13607.00
CUT_STATS g_mode=2 candidate_cuts=16936

RUN benchmark=bigkey.wiremap_area.blif g_mode=3 file=/home/ayush/abc/blif/bigkey.wiremap_area.blif
======== ABC command line "read_library /home/ayush/abc/genlib.genlib; read_blif /home/ayush/abc/blif/bigkey.wiremap_area.blif; strash; map;"
RESULT g_mode=3 qor=4095.00 cuts_used=3673 cpu_time=32713.00 post_ml_time=13965.00
CUT_STATS g_mode=3 candidate_cuts=13263

RUN benchmark=bigkey.wiremap_depth.blif g_mode=0 file=/home/ayush/abc/blif/bigkey.wiremap_depth.blif
======== ABC command line "read_library /home/ayush/abc/genlib.genlib; read_blif /home/ayush/abc/blif/bigkey.wiremap_depth.blif; strash; map;"
RESULT g_mode=0 qor=3870.00 cuts_used=3447 cpu_time=22663.00 post_ml_time=11385.00
CUT_STATS g_mode=0 candidate_cuts=28212

RUN benchmark=bigkey.wiremap_depth.blif g_mode=1 file=/home/ayush/abc/blif/bigkey.wiremap_depth.blif
======== ABC command line "read_library /home/ayush/abc/genlib.genlib; read_blif /home/ayush/abc/blif/bigkey.wiremap_depth.blif; strash; map;"
RESULT g_mode=1 qor=3870.00 cuts_used=3447 cpu_time=30799.00 post_ml_time=13240.00
CUT_STATS g_mode=1 candidate_cuts=17433

RUN benchmark=bigkey.wiremap_depth.blif g_mode=2 file=/home/ayush/abc/blif/bigkey.wiremap_depth.blif
======== ABC command line "read_library /home/ayush/abc/genlib.genlib; read_blif /home/ayush/abc/blif/bigkey.wiremap_depth.blif; strash; map;"
RESULT g_mode=2 qor=3870.00 cuts_used=3447 cpu_time=32395.00 post_ml_time=13710.00
CUT_STATS g_mode=2 candidate_cuts=14796

RUN benchmark=bigkey.wiremap_depth.blif g_mode=3 file=/home/ayush/abc/blif/bigkey.wiremap_depth.blif
======== ABC command line "read_library /home/ayush/abc/genlib.genlib; read_blif /home/ayush/abc/blif/bigkey.wiremap_depth.blif; strash; map;"
RESULT g_mode=3 qor=3870.00 cuts_used=3447 cpu_time=30781.00 post_ml_time=12506.00
CUT_STATS g_mode=3 candidate_cuts=11687

RUN benchmark=bw.blif g_mode=0 file=/home/ayush/abc/blif/bw.blif
======== ABC command line "read_library /home/ayush/abc/genlib.genlib; read_blif /home/ayush/abc/blif/bw.blif; strash; map;"
RESULT g_mode=0 qor=292.00 cuts_used=285 cpu_time=1998.00 post_ml_time=892.00
CUT_STATS g_mode=0 candidate_cuts=1755

RUN benchmark=bw.blif g_mode=1 file=/home/ayush/abc/blif/bw.blif
======== ABC command line "read_library /home/ayush/abc/genlib.genlib; read_blif /home/ayush/abc/blif/bw.blif; strash; map;"
RESULT g_mode=1 qor=292.00 cuts_used=285 cpu_time=2614.00 post_ml_time=1032.00
CUT_STATS g_mode=1 candidate_cuts=1289

RUN benchmark=bw.blif g_mode=2 file=/home/ayush/abc/blif/bw.blif
======== ABC command line "read_library /home/ayush/abc/genlib.genlib; read_blif /home/ayush/abc/blif/bw.blif; strash; map;"
RESULT g_mode=2 qor=292.00 cuts_used=285 cpu_time=2174.00 post_ml_time=834.00
CUT_STATS g_mode=2 candidate_cuts=1119

RUN benchmark=bw.blif g_mode=3 file=/home/ayush/abc/blif/bw.blif
======== ABC command line "read_library /home/ayush/abc/genlib.genlib; read_blif /home/ayush/abc/blif/bw.blif; strash; map;"
RESULT g_mode=3 qor=292.00 cuts_used=285 cpu_time=2587.00 post_ml_time=990.00
CUT_STATS g_mode=3 candidate_cuts=889

RUN benchmark=C1355.blif g_mode=0 file=/home/ayush/abc/blif/C1355.blif
======== ABC command line "read_library /home/ayush/abc/genlib.genlib; read_blif /home/ayush/abc/blif/C1355.blif; strash; map;"
RESULT g_mode=0 qor=927.00 cuts_used=858 cpu_time=19497.00 post_ml_time=5247.00
CUT_STATS g_mode=0 candidate_cuts=16090

RUN benchmark=C1355.blif g_mode=1 file=/home/ayush/abc/blif/C1355.blif
======== ABC command line "read_library /home/ayush/abc/genlib.genlib; read_blif /home/ayush/abc/blif/C1355.blif; strash; map;"
RESULT g_mode=1 qor=927.00 cuts_used=858 cpu_time=17216.00 post_ml_time=3772.00
CUT_STATS g_mode=1 candidate_cuts=6772

RUN benchmark=C1355.blif g_mode=2 file=/home/ayush/abc/blif/C1355.blif
======== ABC command line "read_library /home/ayush/abc/genlib.genlib; read_blif /home/ayush/abc/blif/C1355.blif; strash; map;"
RESULT g_mode=2 qor=927.00 cuts_used=858 cpu_time=32158.00 post_ml_time=5419.00
CUT_STATS g_mode=2 candidate_cuts=5236

RUN benchmark=C1355.blif g_mode=3 file=/home/ayush/abc/blif/C1355.blif
======== ABC command line "read_library /home/ayush/abc/genlib.genlib; read_blif /home/ayush/abc/blif/C1355.blif; strash; map;"
RESULT g_mode=3 qor=927.00 cuts_used=858 cpu_time=19995.00 post_ml_time=3681.00
CUT_STATS g_mode=3 candidate_cuts=3664

RUN benchmark=C17.blif g_mode=0 file=/home/ayush/abc/blif/C17.blif
======== ABC command line "read_library /home/ayush/abc/genlib.genlib; read_blif /home/ayush/abc/blif/C17.blif; strash; map;"
RESULT g_mode=0 qor=6.00 cuts_used=6 cpu_time=162.00 post_ml_time=33.00
CUT_STATS g_mode=0 candidate_cuts=15

RUN benchmark=C17.blif g_mode=1 file=/home/ayush/abc/blif/C17.blif
======== ABC command line "read_library /home/ayush/abc/genlib.genlib; read_blif /home/ayush/abc/blif/C17.blif; strash; map;"
RESULT g_mode=1 qor=6.00 cuts_used=6 cpu_time=186.00 post_ml_time=34.00
CUT_STATS g_mode=1 candidate_cuts=15

RUN benchmark=C17.blif g_mode=2 file=/home/ayush/abc/blif/C17.blif
======== ABC command line "read_library /home/ayush/abc/genlib.genlib; read_blif /home/ayush/abc/blif/C17.blif; strash; map;"
RESULT g_mode=2 qor=6.00 cuts_used=6 cpu_time=158.00 post_ml_time=27.00
CUT_STATS g_mode=2 candidate_cuts=15

RUN benchmark=C17.blif g_mode=3 file=/home/ayush/abc/blif/C17.blif
======== ABC command line "read_library /home/ayush/abc/genlib.genlib; read_blif /home/ayush/abc/blif/C17.blif; strash; map;"
RESULT g_mode=3 qor=6.00 cuts_used=6 cpu_time=173.00 post_ml_time=33.00
CUT_STATS g_mode=3 candidate_cuts=13

RUN benchmark=C1908.blif g_mode=0 file=/home/ayush/abc/blif/C1908.blif
======== ABC command line "read_library /home/ayush/abc/genlib.genlib; read_blif /home/ayush/abc/blif/C1908.blif; strash; map;"
RESULT g_mode=0 qor=765.00 cuts_used=701 cpu_time=11688.00 post_ml_time=3005.00
CUT_STATS g_mode=0 candidate_cuts=11220

RUN benchmark=C1908.blif g_mode=1 file=/home/ayush/abc/blif/C1908.blif
======== ABC command line "read_library /home/ayush/abc/genlib.genlib; read_blif /home/ayush/abc/blif/C1908.blif; strash; map;"
RESULT g_mode=1 qor=765.00 cuts_used=701 cpu_time=12589.00 post_ml_time=2547.00
CUT_STATS g_mode=1 candidate_cuts=5117

RUN benchmark=C1908.blif g_mode=2 file=/home/ayush/abc/blif/C1908.blif
======== ABC command line "read_library /home/ayush/abc/genlib.genlib; read_blif /home/ayush/abc/blif/C1908.blif; strash; map;"
RESULT g_mode=2 qor=765.00 cuts_used=701 cpu_time=13936.00 post_ml_time=2542.00
CUT_STATS g_mode=2 candidate_cuts=4007

RUN benchmark=C1908.blif g_mode=3 file=/home/ayush/abc/blif/C1908.blif
======== ABC command line "read_library /home/ayush/abc/genlib.genlib; read_blif /home/ayush/abc/blif/C1908.blif; strash; map;"
RESULT g_mode=3 qor=765.00 cuts_used=701 cpu_time=12704.00 post_ml_time=2446.00
CUT_STATS g_mode=3 candidate_cuts=2814

RUN benchmark=C2670.blif g_mode=0 file=/home/ayush/abc/blif/C2670.blif
======== ABC command line "read_library /home/ayush/abc/genlib.genlib; read_blif /home/ayush/abc/blif/C2670.blif; strash; map;"
RESULT g_mode=0 qor=1216.00 cuts_used=1093 cpu_time=14813.00 post_ml_time=4829.00
CUT_STATS g_mode=0 candidate_cuts=13087

RUN benchmark=C2670.blif g_mode=1 file=/home/ayush/abc/blif/C2670.blif
======== ABC command line "read_library /home/ayush/abc/genlib.genlib; read_blif /home/ayush/abc/blif/C2670.blif; strash; map;"
RESULT g_mode=1 qor=1216.00 cuts_used=1093 cpu_time=17530.00 post_ml_time=4549.00
CUT_STATS g_mode=1 candidate_cuts=6699

RUN benchmark=C2670.blif g_mode=2 file=/home/ayush/abc/blif/C2670.blif
======== ABC command line "read_library /home/ayush/abc/genlib.genlib; read_blif /home/ayush/abc/blif/C2670.blif; strash; map;"
RESULT g_mode=2 qor=1216.00 cuts_used=1093 cpu_time=17546.00 post_ml_time=4591.00
CUT_STATS g_mode=2 candidate_cuts=5365

RUN benchmark=C2670.blif g_mode=3 file=/home/ayush/abc/blif/C2670.blif
======== ABC command line "read_library /home/ayush/abc/genlib.genlib; read_blif /home/ayush/abc/blif/C2670.blif; strash; map;"
RESULT g_mode=3 qor=1216.00 cuts_used=1093 cpu_time=17199.00 post_ml_time=4306.00
CUT_STATS g_mode=3 candidate_cuts=3902

RUN benchmark=C3540.blif g_mode=0 file=/home/ayush/abc/blif/C3540.blif
======== ABC command line "read_library /home/ayush/abc/genlib.genlib; read_blif /home/ayush/abc/blif/C3540.blif; strash; map;"
RESULT g_mode=0 qor=2285.00 cuts_used=2060 cpu_time=23686.00 post_ml_time=8352.00
CUT_STATS g_mode=0 candidate_cuts=23634

RUN benchmark=C3540.blif g_mode=1 file=/home/ayush/abc/blif/C3540.blif
======== ABC command line "read_library /home/ayush/abc/genlib.genlib; read_blif /home/ayush/abc/blif/C3540.blif; strash; map;"
RESULT g_mode=1 qor=2285.00 cuts_used=2060 cpu_time=33281.00 post_ml_time=9049.00
CUT_STATS g_mode=1 candidate_cuts=12299

RUN benchmark=C3540.blif g_mode=2 file=/home/ayush/abc/blif/C3540.blif
======== ABC command line "read_library /home/ayush/abc/genlib.genlib; read_blif /home/ayush/abc/blif/C3540.blif; strash; map;"
RESULT g_mode=2 qor=2285.00 cuts_used=2060 cpu_time=33662.00 post_ml_time=9033.00
CUT_STATS g_mode=2 candidate_cuts=9872

RUN benchmark=C3540.blif g_mode=3 file=/home/ayush/abc/blif/C3540.blif
======== ABC command line "read_library /home/ayush/abc/genlib.genlib; read_blif /home/ayush/abc/blif/C3540.blif; strash; map;"
RESULT g_mode=3 qor=2285.00 cuts_used=2060 cpu_time=26075.00 post_ml_time=7250.00
CUT_STATS g_mode=3 candidate_cuts=7142

RUN benchmark=C432.blif g_mode=0 file=/home/ayush/abc/blif/C432.blif
======== ABC command line "read_library /home/ayush/abc/genlib.genlib; read_blif /home/ayush/abc/blif/C432.blif; strash; map;"
RESULT g_mode=0 qor=408.00 cuts_used=349 cpu_time=3687.00 post_ml_time=1122.00
CUT_STATS g_mode=0 candidate_cuts=4295

RUN benchmark=C432.blif g_mode=1 file=/home/ayush/abc/blif/C432.blif
======== ABC command line "read_library /home/ayush/abc/genlib.genlib; read_blif /home/ayush/abc/blif/C432.blif; strash; map;"
RESULT g_mode=1 qor=408.00 cuts_used=349 cpu_time=4552.00 post_ml_time=1109.00
CUT_STATS g_mode=1 candidate_cuts=2388

RUN benchmark=C432.blif g_mode=2 file=/home/ayush/abc/blif/C432.blif
======== ABC command line "read_library /home/ayush/abc/genlib.genlib; read_blif /home/ayush/abc/blif/C432.blif; strash; map;"
RESULT g_mode=2 qor=408.00 cuts_used=349 cpu_time=4278.00 post_ml_time=1005.00
CUT_STATS g_mode=2 candidate_cuts=1887

RUN benchmark=C432.blif g_mode=3 file=/home/ayush/abc/blif/C432.blif
======== ABC command line "read_library /home/ayush/abc/genlib.genlib; read_blif /home/ayush/abc/blif/C432.blif; strash; map;"
RESULT g_mode=3 qor=408.00 cuts_used=349 cpu_time=4623.00 post_ml_time=1096.00
CUT_STATS g_mode=3 candidate_cuts=1311

RUN benchmark=C499.blif g_mode=0 file=/home/ayush/abc/blif/C499.blif
======== ABC command line "read_library /home/ayush/abc/genlib.genlib; read_blif /home/ayush/abc/blif/C499.blif; strash; map;"
RESULT g_mode=0 qor=937.00 cuts_used=871 cpu_time=14690.00 post_ml_time=3799.00
CUT_STATS g_mode=0 candidate_cuts=15971

RUN benchmark=C499.blif g_mode=1 file=/home/ayush/abc/blif/C499.blif
======== ABC command line "read_library /home/ayush/abc/genlib.genlib; read_blif /home/ayush/abc/blif/C499.blif; strash; map;"
RESULT g_mode=1 qor=937.00 cuts_used=871 cpu_time=18751.00 post_ml_time=3616.00
CUT_STATS g_mode=1 candidate_cuts=6702

RUN benchmark=C499.blif g_mode=2 file=/home/ayush/abc/blif/C499.blif
======== ABC command line "read_library /home/ayush/abc/genlib.genlib; read_blif /home/ayush/abc/blif/C499.blif; strash; map;"
RESULT g_mode=2 qor=937.00 cuts_used=871 cpu_time=20189.00 post_ml_time=3771.00
CUT_STATS g_mode=2 candidate_cuts=5182

RUN benchmark=C499.blif g_mode=3 file=/home/ayush/abc/blif/C499.blif
======== ABC command line "read_library /home/ayush/abc/genlib.genlib; read_blif /home/ayush/abc/blif/C499.blif; strash; map;"
RESULT g_mode=3 qor=937.00 cuts_used=871 cpu_time=16320.00 post_ml_time=3035.00
CUT_STATS g_mode=3 candidate_cuts=3620

RUN benchmark=C5315.blif g_mode=0 file=/home/ayush/abc/blif/C5315.blif
======== ABC command line "read_library /home/ayush/abc/genlib.genlib; read_blif /home/ayush/abc/blif/C5315.blif; strash; map;"
RESULT g_mode=0 qor=3870.00 cuts_used=3594 cpu_time=52071.00 post_ml_time=19876.00
CUT_STATS g_mode=0 candidate_cuts=40010

RUN benchmark=C5315.blif g_mode=1 file=/home/ayush/abc/blif/C5315.blif
======== ABC command line "read_library /home/ayush/abc/genlib.genlib; read_blif /home/ayush/abc/blif/C5315.blif; strash; map;"
RESULT g_mode=1 qor=3870.00 cuts_used=3594 cpu_time=49215.00 post_ml_time=15111.00
CUT_STATS g_mode=1 candidate_cuts=20812

RUN benchmark=C5315.blif g_mode=2 file=/home/ayush/abc/blif/C5315.blif
======== ABC command line "read_library /home/ayush/abc/genlib.genlib; read_blif /home/ayush/abc/blif/C5315.blif; strash; map;"
RESULT g_mode=2 qor=3870.00 cuts_used=3594 cpu_time=63020.00 post_ml_time=18378.00
CUT_STATS g_mode=2 candidate_cuts=16904

RUN benchmark=C5315.blif g_mode=3 file=/home/ayush/abc/blif/C5315.blif
======== ABC command line "read_library /home/ayush/abc/genlib.genlib; read_blif /home/ayush/abc/blif/C5315.blif; strash; map;"
RESULT g_mode=3 qor=3870.00 cuts_used=3594 cpu_time=63273.00 post_ml_time=18133.00
CUT_STATS g_mode=3 candidate_cuts=12492

RUN benchmark=C6288.blif g_mode=0 file=/home/ayush/abc/blif/C6288.blif
======== ABC command line "read_library /home/ayush/abc/genlib.genlib; read_blif /home/ayush/abc/blif/C6288.blif; strash; map;"
RESULT g_mode=0 qor=9974.00 cuts_used=9460 cpu_time=179691.00 post_ml_time=64459.00
CUT_STATS g_mode=0 candidate_cuts=129160

RUN benchmark=C6288.blif g_mode=1 file=/home/ayush/abc/blif/C6288.blif
======== ABC command line "read_library /home/ayush/abc/genlib.genlib; read_blif /home/ayush/abc/blif/C6288.blif; strash; map;"
RESULT g_mode=1 qor=9974.00 cuts_used=9461 cpu_time=198160.00 post_ml_time=58891.00
CUT_STATS g_mode=1 candidate_cuts=65230

RUN benchmark=C6288.blif g_mode=2 file=/home/ayush/abc/blif/C6288.blif
======== ABC command line "read_library /home/ayush/abc/genlib.genlib; read_blif /home/ayush/abc/blif/C6288.blif; strash; map;"
RESULT g_mode=2 qor=9974.00 cuts_used=9461 cpu_time=194446.00 post_ml_time=58410.00
CUT_STATS g_mode=2 candidate_cuts=51377

RUN benchmark=C6288.blif g_mode=3 file=/home/ayush/abc/blif/C6288.blif
======== ABC command line "read_library /home/ayush/abc/genlib.genlib; read_blif /home/ayush/abc/blif/C6288.blif; strash; map;"
RESULT g_mode=3 qor=9975.00 cuts_used=9462 cpu_time=162933.00 post_ml_time=48242.00
CUT_STATS g_mode=3 candidate_cuts=36194

RUN benchmark=C7552.blif g_mode=0 file=/home/ayush/abc/blif/C7552.blif
======== ABC command line "read_library /home/ayush/abc/genlib.genlib; read_blif /home/ayush/abc/blif/C7552.blif; strash; map;"
RESULT g_mode=0 qor=4140.00 cuts_used=3822 cpu_time=69379.00 post_ml_time=26006.00
CUT_STATS g_mode=0 candidate_cuts=54929

RUN benchmark=C7552.blif g_mode=1 file=/home/ayush/abc/blif/C7552.blif
======== ABC command line "read_library /home/ayush/abc/genlib.genlib; read_blif /home/ayush/abc/blif/C7552.blif; strash; map;"
RESULT g_mode=1 qor=4140.00 cuts_used=3822 cpu_time=88344.00 post_ml_time=24730.00
CUT_STATS g_mode=1 candidate_cuts=24620

RUN benchmark=C7552.blif g_mode=2 file=/home/ayush/abc/blif/C7552.blif
======== ABC command line "read_library /home/ayush/abc/genlib.genlib; read_blif /home/ayush/abc/blif/C7552.blif; strash; map;"
RESULT g_mode=2 qor=4140.00 cuts_used=3822 cpu_time=70437.00 post_ml_time=19670.00
CUT_STATS g_mode=2 candidate_cuts=19810

RUN benchmark=C7552.blif g_mode=3 file=/home/ayush/abc/blif/C7552.blif
======== ABC command line "read_library /home/ayush/abc/genlib.genlib; read_blif /home/ayush/abc/blif/C7552.blif; strash; map;"
RESULT g_mode=3 qor=4136.00 cuts_used=3820 cpu_time=84225.00 post_ml_time=21912.00
CUT_STATS g_mode=3 candidate_cuts=14423

RUN benchmark=C880.blif g_mode=0 file=/home/ayush/abc/blif/C880.blif
======== ABC command line "read_library /home/ayush/abc/genlib.genlib; read_blif /home/ayush/abc/blif/C880.blif; strash; map;"
RESULT g_mode=0 qor=517.00 cuts_used=488 cpu_time=5371.00 post_ml_time=1921.00
CUT_STATS g_mode=0 candidate_cuts=5470

RUN benchmark=C880.blif g_mode=1 file=/home/ayush/abc/blif/C880.blif
======== ABC command line "read_library /home/ayush/abc/genlib.genlib; read_blif /home/ayush/abc/blif/C880.blif; strash; map;"
RESULT g_mode=1 qor=517.00 cuts_used=488 cpu_time=7100.00 post_ml_time=2070.00
CUT_STATS g_mode=1 candidate_cuts=3207

RUN benchmark=C880.blif g_mode=2 file=/home/ayush/abc/blif/C880.blif
======== ABC command line "read_library /home/ayush/abc/genlib.genlib; read_blif /home/ayush/abc/blif/C880.blif; strash; map;"
RESULT g_mode=2 qor=517.00 cuts_used=488 cpu_time=6548.00 post_ml_time=1870.00
CUT_STATS g_mode=2 candidate_cuts=2520

RUN benchmark=C880.blif g_mode=3 file=/home/ayush/abc/blif/C880.blif
======== ABC command line "read_library /home/ayush/abc/genlib.genlib; read_blif /home/ayush/abc/blif/C880.blif; strash; map;"
RESULT g_mode=3 qor=517.00 cuts_used=488 cpu_time=6592.00 post_ml_time=1919.00
CUT_STATS g_mode=3 candidate_cuts=1805

RUN benchmark=c8.blif g_mode=0 file=/home/ayush/abc/blif/c8.blif
======== ABC command line "read_library /home/ayush/abc/genlib.genlib; read_blif /home/ayush/abc/blif/c8.blif; strash; map;"
RESULT g_mode=0 qor=150.00 cuts_used=132 cpu_time=956.00 post_ml_time=439.00
CUT_STATS g_mode=0 candidate_cuts=703

RUN benchmark=c8.blif g_mode=1 file=/home/ayush/abc/blif/c8.blif
======== ABC command line "read_library /home/ayush/abc/genlib.genlib; read_blif /home/ayush/abc/blif/c8.blif; strash; map;"
RESULT g_mode=1 qor=150.00 cuts_used=132 cpu_time=1012.00 post_ml_time=391.00
CUT_STATS g_mode=1 candidate_cuts=519

RUN benchmark=c8.blif g_mode=2 file=/home/ayush/abc/blif/c8.blif
======== ABC command line "read_library /home/ayush/abc/genlib.genlib; read_blif /home/ayush/abc/blif/c8.blif; strash; map;"
RESULT g_mode=2 qor=150.00 cuts_used=132 cpu_time=1277.00 post_ml_time=493.00
CUT_STATS g_mode=2 candidate_cuts=454

RUN benchmark=c8.blif g_mode=3 file=/home/ayush/abc/blif/c8.blif
======== ABC command line "read_library /home/ayush/abc/genlib.genlib; read_blif /home/ayush/abc/blif/c8.blif; strash; map;"
RESULT g_mode=3 qor=150.00 cuts_used=132 cpu_time=1204.00 post_ml_time=476.00
CUT_STATS g_mode=3 candidate_cuts=365

RUN benchmark=carry_chain.blif g_mode=0 file=/home/ayush/abc/blif/carry_chain.blif
======== ABC command line "read_library /home/ayush/abc/genlib.genlib; read_blif /home/ayush/abc/blif/carry_chain.blif; strash; map;"
Line 15: Cannot find the model for subcircuit CARRY0.
Reading network from file has failed.

RUN benchmark=carry_chain.blif g_mode=1 file=/home/ayush/abc/blif/carry_chain.blif
======== ABC command line "read_library /home/ayush/abc/genlib.genlib; read_blif /home/ayush/abc/blif/carry_chain.blif; strash; map;"
Line 15: Cannot find the model for subcircuit CARRY0.
Reading network from file has failed.

RUN benchmark=carry_chain.blif g_mode=2 file=/home/ayush/abc/blif/carry_chain.blif
======== ABC command line "read_library /home/ayush/abc/genlib.genlib; read_blif /home/ayush/abc/blif/carry_chain.blif; strash; map;"
Line 15: Cannot find the model for subcircuit CARRY0.
Reading network from file has failed.

RUN benchmark=carry_chain.blif g_mode=3 file=/home/ayush/abc/blif/carry_chain.blif
======== ABC command line "read_library /home/ayush/abc/genlib.genlib; read_blif /home/ayush/abc/blif/carry_chain.blif; strash; map;"
Line 15: Cannot find the model for subcircuit CARRY0.
Reading network from file has failed.

RUN benchmark=cc.blif g_mode=0 file=/home/ayush/abc/blif/cc.blif
======== ABC command line "read_library /home/ayush/abc/genlib.genlib; read_blif /home/ayush/abc/blif/cc.blif; strash; map;"
RESULT g_mode=0 qor=63.00 cuts_used=54 cpu_time=513.00 post_ml_time=227.00
CUT_STATS g_mode=0 candidate_cuts=285

RUN benchmark=cc.blif g_mode=1 file=/home/ayush/abc/blif/cc.blif
======== ABC command line "read_library /home/ayush/abc/genlib.genlib; read_blif /home/ayush/abc/blif/cc.blif; strash; map;"
RESULT g_mode=1 qor=63.00 cuts_used=54 cpu_time=530.00 post_ml_time=199.00
CUT_STATS g_mode=1 candidate_cuts=227

RUN benchmark=cc.blif g_mode=2 file=/home/ayush/abc/blif/cc.blif
======== ABC command line "read_library /home/ayush/abc/genlib.genlib; read_blif /home/ayush/abc/blif/cc.blif; strash; map;"
RESULT g_mode=2 qor=63.00 cuts_used=54 cpu_time=496.00 post_ml_time=183.00
CUT_STATS g_mode=2 candidate_cuts=195

RUN benchmark=cc.blif g_mode=3 file=/home/ayush/abc/blif/cc.blif
======== ABC command line "read_library /home/ayush/abc/genlib.genlib; read_blif /home/ayush/abc/blif/cc.blif; strash; map;"
RESULT g_mode=3 qor=63.00 cuts_used=54 cpu_time=512.00 post_ml_time=194.00
CUT_STATS g_mode=3 candidate_cuts=163

RUN benchmark=cht.blif g_mode=0 file=/home/ayush/abc/blif/cht.blif
======== ABC command line "read_library /home/ayush/abc/genlib.genlib; read_blif /home/ayush/abc/blif/cht.blif; strash; map;"
RESULT g_mode=0 qor=161.00 cuts_used=156 cpu_time=800.00 post_ml_time=477.00
CUT_STATS g_mode=0 candidate_cuts=505

RUN benchmark=cht.blif g_mode=1 file=/home/ayush/abc/blif/cht.blif
======== ABC command line "read_library /home/ayush/abc/genlib.genlib; read_blif /home/ayush/abc/blif/cht.blif; strash; map;"
RESULT g_mode=1 qor=161.00 cuts_used=156 cpu_time=863.00 post_ml_time=476.00
CUT_STATS g_mode=1 candidate_cuts=493

RUN benchmark=cht.blif g_mode=2 file=/home/ayush/abc/blif/cht.blif
======== ABC command line "read_library /home/ayush/abc/genlib.genlib; read_blif /home/ayush/abc/blif/cht.blif; strash; map;"
RESULT g_mode=2 qor=161.00 cuts_used=156 cpu_time=753.00 post_ml_time=410.00
CUT_STATS g_mode=2 candidate_cuts=458

RUN benchmark=cht.blif g_mode=3 file=/home/ayush/abc/blif/cht.blif
======== ABC command line "read_library /home/ayush/abc/genlib.genlib; read_blif /home/ayush/abc/blif/cht.blif; strash; map;"
RESULT g_mode=3 qor=161.00 cuts_used=156 cpu_time=821.00 post_ml_time=450.00
CUT_STATS g_mode=3 candidate_cuts=394

RUN benchmark=clip.blif g_mode=0 file=/home/ayush/abc/blif/clip.blif
======== ABC command line "read_library /home/ayush/abc/genlib.genlib; read_blif /home/ayush/abc/blif/clip.blif; strash; map;"
RESULT g_mode=0 qor=306.00 cuts_used=292 cpu_time=2422.00 post_ml_time=1026.00
CUT_STATS g_mode=0 candidate_cuts=2201

RUN benchmark=clip.blif g_mode=1 file=/home/ayush/abc/blif/clip.blif
======== ABC command line "read_library /home/ayush/abc/genlib.genlib; read_blif /home/ayush/abc/blif/clip.blif; strash; map;"
RESULT g_mode=1 qor=306.00 cuts_used=292 cpu_time=3350.00 post_ml_time=1221.00
CUT_STATS g_mode=1 candidate_cuts=1409

RUN benchmark=clip.blif g_mode=2 file=/home/ayush/abc/blif/clip.blif
======== ABC command line "read_library /home/ayush/abc/genlib.genlib; read_blif /home/ayush/abc/blif/clip.blif; strash; map;"
RESULT g_mode=2 qor=306.00 cuts_used=292 cpu_time=2789.00 post_ml_time=1025.00
CUT_STATS g_mode=2 candidate_cuts=1202

RUN benchmark=clip.blif g_mode=3 file=/home/ayush/abc/blif/clip.blif
======== ABC command line "read_library /home/ayush/abc/genlib.genlib; read_blif /home/ayush/abc/blif/clip.blif; strash; map;"
RESULT g_mode=3 qor=306.00 cuts_used=292 cpu_time=2763.00 post_ml_time=1020.00
CUT_STATS g_mode=3 candidate_cuts=949

RUN benchmark=clma.blif g_mode=0 file=/home/ayush/abc/blif/clma.blif
======== ABC command line "read_library /home/ayush/abc/genlib.genlib; read_blif /home/ayush/abc/blif/clma.blif; strash; map;"
RESULT g_mode=0 qor=16219.00 cuts_used=16019 cpu_time=255075.00 post_ml_time=125383.00
CUT_STATS g_mode=0 candidate_cuts=192390

RUN benchmark=clma.blif g_mode=1 file=/home/ayush/abc/blif/clma.blif
======== ABC command line "read_library /home/ayush/abc/genlib.genlib; read_blif /home/ayush/abc/blif/clma.blif; strash; map;"
RESULT g_mode=1 qor=16219.00 cuts_used=16020 cpu_time=265237.00 post_ml_time=113951.00
CUT_STATS g_mode=1 candidate_cuts=105433

RUN benchmark=clma.blif g_mode=2 file=/home/ayush/abc/blif/clma.blif
======== ABC command line "read_library /home/ayush/abc/genlib.genlib; read_blif /home/ayush/abc/blif/clma.blif; strash; map;"
RESULT g_mode=2 qor=16219.00 cuts_used=16020 cpu_time=330721.00 post_ml_time=133431.00
CUT_STATS g_mode=2 candidate_cuts=83981

RUN benchmark=clma.blif g_mode=3 file=/home/ayush/abc/blif/clma.blif
======== ABC command line "read_library /home/ayush/abc/genlib.genlib; read_blif /home/ayush/abc/blif/clma.blif; strash; map;"
RESULT g_mode=3 qor=16219.00 cuts_used=16020 cpu_time=308707.00 post_ml_time=127488.00
CUT_STATS g_mode=3 candidate_cuts=60647

RUN benchmark=clma.pre-vpr.blif g_mode=0 file=/home/ayush/abc/blif/clma.pre-vpr.blif
======== ABC command line "read_library /home/ayush/abc/genlib.genlib; read_blif /home/ayush/abc/blif/clma.pre-vpr.blif; strash; map;"
RESULT g_mode=0 qor=10714.00 cuts_used=10496 cpu_time=180752.00 post_ml_time=83982.00
CUT_STATS g_mode=0 candidate_cuts=144102

RUN benchmark=clma.pre-vpr.blif g_mode=1 file=/home/ayush/abc/blif/clma.pre-vpr.blif
======== ABC command line "read_library /home/ayush/abc/genlib.genlib; read_blif /home/ayush/abc/blif/clma.pre-vpr.blif; strash; map;"
RESULT g_mode=1 qor=10714.00 cuts_used=10496 cpu_time=219280.00 post_ml_time=86068.00
CUT_STATS g_mode=1 candidate_cuts=74708

RUN benchmark=clma.pre-vpr.blif g_mode=2 file=/home/ayush/abc/blif/clma.pre-vpr.blif
======== ABC command line "read_library /home/ayush/abc/genlib.genlib; read_blif /home/ayush/abc/blif/clma.pre-vpr.blif; strash; map;"
RESULT g_mode=2 qor=10714.00 cuts_used=10496 cpu_time=222806.00 post_ml_time=84864.00
CUT_STATS g_mode=2 candidate_cuts=57930

RUN benchmark=clma.pre-vpr.blif g_mode=3 file=/home/ayush/abc/blif/clma.pre-vpr.blif
======== ABC command line "read_library /home/ayush/abc/genlib.genlib; read_blif /home/ayush/abc/blif/clma.pre-vpr.blif; strash; map;"
RESULT g_mode=3 qor=10714.00 cuts_used=10496 cpu_time=238637.00 post_ml_time=73096.00
CUT_STATS g_mode=3 candidate_cuts=40238

RUN benchmark=clma.wiremap_area.blif g_mode=0 file=/home/ayush/abc/blif/clma.wiremap_area.blif
======== ABC command line "read_library /home/ayush/abc/genlib.genlib; read_blif /home/ayush/abc/blif/clma.wiremap_area.blif; strash; map;"
RESULT g_mode=0 qor=9933.00 cuts_used=9738 cpu_time=159132.00 post_ml_time=73557.00
CUT_STATS g_mode=0 candidate_cuts=139241

RUN benchmark=clma.wiremap_area.blif g_mode=1 file=/home/ayush/abc/blif/clma.wiremap_area.blif
======== ABC command line "read_library /home/ayush/abc/genlib.genlib; read_blif /home/ayush/abc/blif/clma.wiremap_area.blif; strash; map;"
RESULT g_mode=1 qor=9933.00 cuts_used=9738 cpu_time=195291.00 post_ml_time=72249.00
CUT_STATS g_mode=1 candidate_cuts=70910

RUN benchmark=clma.wiremap_area.blif g_mode=2 file=/home/ayush/abc/blif/clma.wiremap_area.blif
======== ABC command line "read_library /home/ayush/abc/genlib.genlib; read_blif /home/ayush/abc/blif/clma.wiremap_area.blif; strash; map;"
RESULT g_mode=2 qor=9933.00 cuts_used=9738 cpu_time=175565.00 post_ml_time=66138.00
CUT_STATS g_mode=2 candidate_cuts=54832

RUN benchmark=clma.wiremap_area.blif g_mode=3 file=/home/ayush/abc/blif/clma.wiremap_area.blif
======== ABC command line "read_library /home/ayush/abc/genlib.genlib; read_blif /home/ayush/abc/blif/clma.wiremap_area.blif; strash; map;"
RESULT g_mode=3 qor=9934.00 cuts_used=9739 cpu_time=185518.00 post_ml_time=67792.00
CUT_STATS g_mode=3 candidate_cuts=37569

RUN benchmark=clma.wiremap_depth.blif g_mode=0 file=/home/ayush/abc/blif/clma.wiremap_depth.blif
======== ABC command line "read_library /home/ayush/abc/genlib.genlib; read_blif /home/ayush/abc/blif/clma.wiremap_depth.blif; strash; map;"
RESULT g_mode=0 qor=10714.00 cuts_used=10496 cpu_time=200976.00 post_ml_time=89831.00
CUT_STATS g_mode=0 candidate_cuts=144102

RUN benchmark=clma.wiremap_depth.blif g_mode=1 file=/home/ayush/abc/blif/clma.wiremap_depth.blif
======== ABC command line "read_library /home/ayush/abc/genlib.genlib; read_blif /home/ayush/abc/blif/clma.wiremap_depth.blif; strash; map;"
RESULT g_mode=1 qor=10714.00 cuts_used=10496 cpu_time=239478.00 post_ml_time=90587.00
CUT_STATS g_mode=1 candidate_cuts=74708

RUN benchmark=clma.wiremap_depth.blif g_mode=2 file=/home/ayush/abc/blif/clma.wiremap_depth.blif
======== ABC command line "read_library /home/ayush/abc/genlib.genlib; read_blif /home/ayush/abc/blif/clma.wiremap_depth.blif; strash; map;"
RESULT g_mode=2 qor=10714.00 cuts_used=10496 cpu_time=181426.00 post_ml_time=70064.00
CUT_STATS g_mode=2 candidate_cuts=57930

RUN benchmark=clma.wiremap_depth.blif g_mode=3 file=/home/ayush/abc/blif/clma.wiremap_depth.blif
======== ABC command line "read_library /home/ayush/abc/genlib.genlib; read_blif /home/ayush/abc/blif/clma.wiremap_depth.blif; strash; map;"
RESULT g_mode=3 qor=10714.00 cuts_used=10496 cpu_time=227484.00 post_ml_time=83767.00
CUT_STATS g_mode=3 candidate_cuts=40238

RUN benchmark=clock_aliases.blif g_mode=0 file=/home/ayush/abc/blif/clock_aliases.blif
======== ABC command line "read_library /home/ayush/abc/genlib.genlib; read_blif /home/ayush/abc/blif/clock_aliases.blif; strash; map;"
RESULT g_mode=0 qor=18.00 cuts_used=15 cpu_time=297.00 post_ml_time=105.00
CUT_STATS g_mode=0 candidate_cuts=121

RUN benchmark=clock_aliases.blif g_mode=1 file=/home/ayush/abc/blif/clock_aliases.blif
======== ABC command line "read_library /home/ayush/abc/genlib.genlib; read_blif /home/ayush/abc/blif/clock_aliases.blif; strash; map;"
RESULT g_mode=1 qor=18.00 cuts_used=15 cpu_time=310.00 post_ml_time=104.00
CUT_STATS g_mode=1 candidate_cuts=120

RUN benchmark=clock_aliases.blif g_mode=2 file=/home/ayush/abc/blif/clock_aliases.blif
======== ABC command line "read_library /home/ayush/abc/genlib.genlib; read_blif /home/ayush/abc/blif/clock_aliases.blif; strash; map;"
RESULT g_mode=2 qor=18.00 cuts_used=15 cpu_time=320.00 post_ml_time=101.00
CUT_STATS g_mode=2 candidate_cuts=113

RUN benchmark=clock_aliases.blif g_mode=3 file=/home/ayush/abc/blif/clock_aliases.blif
======== ABC command line "read_library /home/ayush/abc/genlib.genlib; read_blif /home/ayush/abc/blif/clock_aliases.blif; strash; map;"
RESULT g_mode=3 qor=18.00 cuts_used=15 cpu_time=320.00 post_ml_time=104.00
CUT_STATS g_mode=3 candidate_cuts=90

RUN benchmark=clock_set_delay_aliases.blif g_mode=0 file=/home/ayush/abc/blif/clock_set_delay_aliases.blif
======== ABC command line "read_library /home/ayush/abc/genlib.genlib; read_blif /home/ayush/abc/blif/clock_set_delay_aliases.blif; strash; map;"
RESULT g_mode=0 qor=14.00 cuts_used=10 cpu_time=223.00 post_ml_time=82.00
CUT_STATS g_mode=0 candidate_cuts=48

RUN benchmark=clock_set_delay_aliases.blif g_mode=1 file=/home/ayush/abc/blif/clock_set_delay_aliases.blif
======== ABC command line "read_library /home/ayush/abc/genlib.genlib; read_blif /home/ayush/abc/blif/clock_set_delay_aliases.blif; strash; map;"
RESULT g_mode=1 qor=14.00 cuts_used=10 cpu_time=208.00 post_ml_time=70.00
CUT_STATS g_mode=1 candidate_cuts=48

RUN benchmark=clock_set_delay_aliases.blif g_mode=2 file=/home/ayush/abc/blif/clock_set_delay_aliases.blif
======== ABC command line "read_library /home/ayush/abc/genlib.genlib; read_blif /home/ayush/abc/blif/clock_set_delay_aliases.blif; strash; map;"
RESULT g_mode=2 qor=14.00 cuts_used=10 cpu_time=233.00 post_ml_time=80.00
CUT_STATS g_mode=2 candidate_cuts=48

RUN benchmark=clock_set_delay_aliases.blif g_mode=3 file=/home/ayush/abc/blif/clock_set_delay_aliases.blif
======== ABC command line "read_library /home/ayush/abc/genlib.genlib; read_blif /home/ayush/abc/blif/clock_set_delay_aliases.blif; strash; map;"
RESULT g_mode=3 qor=14.00 cuts_used=10 cpu_time=233.00 post_ml_time=84.00
CUT_STATS g_mode=3 candidate_cuts=48

RUN benchmark=cm138a.blif g_mode=0 file=/home/ayush/abc/blif/cm138a.blif
======== ABC command line "read_library /home/ayush/abc/genlib.genlib; read_blif /home/ayush/abc/blif/cm138a.blif; strash; map;"
RESULT g_mode=0 qor=25.00 cuts_used=22 cpu_time=196.00 post_ml_time=64.00
CUT_STATS g_mode=0 candidate_cuts=87

RUN benchmark=cm138a.blif g_mode=1 file=/home/ayush/abc/blif/cm138a.blif
======== ABC command line "read_library /home/ayush/abc/genlib.genlib; read_blif /home/ayush/abc/blif/cm138a.blif; strash; map;"
RESULT g_mode=1 qor=25.00 cuts_used=22 cpu_time=214.00 post_ml_time=61.00
CUT_STATS g_mode=1 candidate_cuts=87

RUN benchmark=cm138a.blif g_mode=2 file=/home/ayush/abc/blif/cm138a.blif
======== ABC command line "read_library /home/ayush/abc/genlib.genlib; read_blif /home/ayush/abc/blif/cm138a.blif; strash; map;"
RESULT g_mode=2 qor=25.00 cuts_used=22 cpu_time=216.00 post_ml_time=62.00
CUT_STATS g_mode=2 candidate_cuts=71

RUN benchmark=cm138a.blif g_mode=3 file=/home/ayush/abc/blif/cm138a.blif
======== ABC command line "read_library /home/ayush/abc/genlib.genlib; read_blif /home/ayush/abc/blif/cm138a.blif; strash; map;"
RESULT g_mode=3 qor=25.00 cuts_used=22 cpu_time=243.00 post_ml_time=71.00
CUT_STATS g_mode=3 candidate_cuts=55

RUN benchmark=cm150a.blif g_mode=0 file=/home/ayush/abc/blif/cm150a.blif
======== ABC command line "read_library /home/ayush/abc/genlib.genlib; read_blif /home/ayush/abc/blif/cm150a.blif; strash; map;"
RESULT g_mode=0 qor=90.00 cuts_used=80 cpu_time=656.00 post_ml_time=336.00
CUT_STATS g_mode=0 candidate_cuts=421

RUN benchmark=cm150a.blif g_mode=1 file=/home/ayush/abc/blif/cm150a.blif
======== ABC command line "read_library /home/ayush/abc/genlib.genlib; read_blif /home/ayush/abc/blif/cm150a.blif; strash; map;"
RESULT g_mode=1 qor=90.00 cuts_used=80 cpu_time=831.00 post_ml_time=342.00
CUT_STATS g_mode=1 candidate_cuts=316

RUN benchmark=cm150a.blif g_mode=2 file=/home/ayush/abc/blif/cm150a.blif
======== ABC command line "read_library /home/ayush/abc/genlib.genlib; read_blif /home/ayush/abc/blif/cm150a.blif; strash; map;"
RESULT g_mode=2 qor=90.00 cuts_used=80 cpu_time=754.00 post_ml_time=340.00
CUT_STATS g_mode=2 candidate_cuts=274

RUN benchmark=cm150a.blif g_mode=3 file=/home/ayush/abc/blif/cm150a.blif
======== ABC command line "read_library /home/ayush/abc/genlib.genlib; read_blif /home/ayush/abc/blif/cm150a.blif; strash; map;"
RESULT g_mode=3 qor=90.00 cuts_used=80 cpu_time=851.00 post_ml_time=395.00
CUT_STATS g_mode=3 candidate_cuts=220

RUN benchmark=cm151a.blif g_mode=0 file=/home/ayush/abc/blif/cm151a.blif
======== ABC command line "read_library /home/ayush/abc/genlib.genlib; read_blif /home/ayush/abc/blif/cm151a.blif; strash; map;"
RESULT g_mode=0 qor=26.00 cuts_used=23 cpu_time=237.00 post_ml_time=73.00
CUT_STATS g_mode=0 candidate_cuts=134

RUN benchmark=cm151a.blif g_mode=1 file=/home/ayush/abc/blif/cm151a.blif
======== ABC command line "read_library /home/ayush/abc/genlib.genlib; read_blif /home/ayush/abc/blif/cm151a.blif; strash; map;"
RESULT g_mode=1 qor=26.00 cuts_used=23 cpu_time=314.00 post_ml_time=85.00
CUT_STATS g_mode=1 candidate_cuts=92

RUN benchmark=cm151a.blif g_mode=2 file=/home/ayush/abc/blif/cm151a.blif
======== ABC command line "read_library /home/ayush/abc/genlib.genlib; read_blif /home/ayush/abc/blif/cm151a.blif; strash; map;"
RESULT g_mode=2 qor=26.00 cuts_used=23 cpu_time=313.00 post_ml_time=85.00
CUT_STATS g_mode=2 candidate_cuts=80

RUN benchmark=cm151a.blif g_mode=3 file=/home/ayush/abc/blif/cm151a.blif
======== ABC command line "read_library /home/ayush/abc/genlib.genlib; read_blif /home/ayush/abc/blif/cm151a.blif; strash; map;"
RESULT g_mode=3 qor=26.00 cuts_used=23 cpu_time=296.00 post_ml_time=79.00
CUT_STATS g_mode=3 candidate_cuts=64

RUN benchmark=cm152a.blif g_mode=0 file=/home/ayush/abc/blif/cm152a.blif
======== ABC command line "read_library /home/ayush/abc/genlib.genlib; read_blif /home/ayush/abc/blif/cm152a.blif; strash; map;"
RESULT g_mode=0 qor=23.00 cuts_used=21 cpu_time=265.00 post_ml_time=87.00
CUT_STATS g_mode=0 candidate_cuts=125

RUN benchmark=cm152a.blif g_mode=1 file=/home/ayush/abc/blif/cm152a.blif
======== ABC command line "read_library /home/ayush/abc/genlib.genlib; read_blif /home/ayush/abc/blif/cm152a.blif; strash; map;"
RESULT g_mode=1 qor=23.00 cuts_used=21 cpu_time=299.00 post_ml_time=87.00
CUT_STATS g_mode=1 candidate_cuts=84

RUN benchmark=cm152a.blif g_mode=2 file=/home/ayush/abc/blif/cm152a.blif
======== ABC command line "read_library /home/ayush/abc/genlib.genlib; read_blif /home/ayush/abc/blif/cm152a.blif; strash; map;"
RESULT g_mode=2 qor=23.00 cuts_used=21 cpu_time=279.00 post_ml_time=79.00
CUT_STATS g_mode=2 candidate_cuts=74

RUN benchmark=cm152a.blif g_mode=3 file=/home/ayush/abc/blif/cm152a.blif
======== ABC command line "read_library /home/ayush/abc/genlib.genlib; read_blif /home/ayush/abc/blif/cm152a.blif; strash; map;"
RESULT g_mode=3 qor=23.00 cuts_used=21 cpu_time=400.00 post_ml_time=116.00
CUT_STATS g_mode=3 candidate_cuts=60

RUN benchmark=cm162a.blif g_mode=0 file=/home/ayush/abc/blif/cm162a.blif
======== ABC command line "read_library /home/ayush/abc/genlib.genlib; read_blif /home/ayush/abc/blif/cm162a.blif; strash; map;"
RESULT g_mode=0 qor=59.00 cuts_used=55 cpu_time=472.00 post_ml_time=205.00
CUT_STATS g_mode=0 candidate_cuts=313

RUN benchmark=cm162a.blif g_mode=1 file=/home/ayush/abc/blif/cm162a.blif
======== ABC command line "read_library /home/ayush/abc/genlib.genlib; read_blif /home/ayush/abc/blif/cm162a.blif; strash; map;"
RESULT g_mode=1 qor=59.00 cuts_used=55 cpu_time=615.00 post_ml_time=238.00
CUT_STATS g_mode=1 candidate_cuts=234

RUN benchmark=cm162a.blif g_mode=2 file=/home/ayush/abc/blif/cm162a.blif
======== ABC command line "read_library /home/ayush/abc/genlib.genlib; read_blif /home/ayush/abc/blif/cm162a.blif; strash; map;"
RESULT g_mode=2 qor=59.00 cuts_used=55 cpu_time=547.00 post_ml_time=210.00
CUT_STATS g_mode=2 candidate_cuts=205

RUN benchmark=cm162a.blif g_mode=3 file=/home/ayush/abc/blif/cm162a.blif
======== ABC command line "read_library /home/ayush/abc/genlib.genlib; read_blif /home/ayush/abc/blif/cm162a.blif; strash; map;"
RESULT g_mode=3 qor=59.00 cuts_used=55 cpu_time=603.00 post_ml_time=231.00
CUT_STATS g_mode=3 candidate_cuts=163

RUN benchmark=cm163a.blif g_mode=0 file=/home/ayush/abc/blif/cm163a.blif
======== ABC command line "read_library /home/ayush/abc/genlib.genlib; read_blif /home/ayush/abc/blif/cm163a.blif; strash; map;"
RESULT g_mode=0 qor=42.00 cuts_used=39 cpu_time=402.00 post_ml_time=167.00
CUT_STATS g_mode=0 candidate_cuts=196

RUN benchmark=cm163a.blif g_mode=1 file=/home/ayush/abc/blif/cm163a.blif
======== ABC command line "read_library /home/ayush/abc/genlib.genlib; read_blif /home/ayush/abc/blif/cm163a.blif; strash; map;"
RESULT g_mode=1 qor=42.00 cuts_used=39 cpu_time=425.00 post_ml_time=147.00
CUT_STATS g_mode=1 candidate_cuts=158

RUN benchmark=cm163a.blif g_mode=2 file=/home/ayush/abc/blif/cm163a.blif
======== ABC command line "read_library /home/ayush/abc/genlib.genlib; read_blif /home/ayush/abc/blif/cm163a.blif; strash; map;"
RESULT g_mode=2 qor=42.00 cuts_used=39 cpu_time=369.00 post_ml_time=126.00
CUT_STATS g_mode=2 candidate_cuts=136

RUN benchmark=cm163a.blif g_mode=3 file=/home/ayush/abc/blif/cm163a.blif
======== ABC command line "read_library /home/ayush/abc/genlib.genlib; read_blif /home/ayush/abc/blif/cm163a.blif; strash; map;"
RESULT g_mode=3 qor=42.00 cuts_used=39 cpu_time=385.00 post_ml_time=130.00
CUT_STATS g_mode=3 candidate_cuts=106

RUN benchmark=cm42a.blif g_mode=0 file=/home/ayush/abc/blif/cm42a.blif
======== ABC command line "read_library /home/ayush/abc/genlib.genlib; read_blif /home/ayush/abc/blif/cm42a.blif; strash; map;"
RESULT g_mode=0 qor=19.00 cuts_used=17 cpu_time=162.00 post_ml_time=44.00
CUT_STATS g_mode=0 candidate_cuts=47

RUN benchmark=cm42a.blif g_mode=1 file=/home/ayush/abc/blif/cm42a.blif
======== ABC command line "read_library /home/ayush/abc/genlib.genlib; read_blif /home/ayush/abc/blif/cm42a.blif; strash; map;"
RESULT g_mode=1 qor=19.00 cuts_used=17 cpu_time=181.00 post_ml_time=45.00
CUT_STATS g_mode=1 candidate_cuts=47

RUN benchmark=cm42a.blif g_mode=2 file=/home/ayush/abc/blif/cm42a.blif
======== ABC command line "read_library /home/ayush/abc/genlib.genlib; read_blif /home/ayush/abc/blif/cm42a.blif; strash; map;"
RESULT g_mode=2 qor=19.00 cuts_used=17 cpu_time=190.00 post_ml_time=48.00
CUT_STATS g_mode=2 candidate_cuts=47

RUN benchmark=cm42a.blif g_mode=3 file=/home/ayush/abc/blif/cm42a.blif
======== ABC command line "read_library /home/ayush/abc/genlib.genlib; read_blif /home/ayush/abc/blif/cm42a.blif; strash; map;"
RESULT g_mode=3 qor=19.00 cuts_used=17 cpu_time=199.00 post_ml_time=50.00
CUT_STATS g_mode=3 candidate_cuts=47

RUN benchmark=cm82a.blif g_mode=0 file=/home/ayush/abc/blif/cm82a.blif
======== ABC command line "read_library /home/ayush/abc/genlib.genlib; read_blif /home/ayush/abc/blif/cm82a.blif; strash; map;"
RESULT g_mode=0 qor=21.00 cuts_used=19 cpu_time=288.00 post_ml_time=94.00
CUT_STATS g_mode=0 candidate_cuts=138

RUN benchmark=cm82a.blif g_mode=1 file=/home/ayush/abc/blif/cm82a.blif
======== ABC command line "read_library /home/ayush/abc/genlib.genlib; read_blif /home/ayush/abc/blif/cm82a.blif; strash; map;"
RESULT g_mode=1 qor=21.00 cuts_used=19 cpu_time=367.00 post_ml_time=108.00
CUT_STATS g_mode=1 candidate_cuts=85

RUN benchmark=cm82a.blif g_mode=2 file=/home/ayush/abc/blif/cm82a.blif
======== ABC command line "read_library /home/ayush/abc/genlib.genlib; read_blif /home/ayush/abc/blif/cm82a.blif; strash; map;"
RESULT g_mode=2 qor=21.00 cuts_used=19 cpu_time=351.00 post_ml_time=109.00
CUT_STATS g_mode=2 candidate_cuts=73

RUN benchmark=cm82a.blif g_mode=3 file=/home/ayush/abc/blif/cm82a.blif
======== ABC command line "read_library /home/ayush/abc/genlib.genlib; read_blif /home/ayush/abc/blif/cm82a.blif; strash; map;"
RESULT g_mode=3 qor=21.00 cuts_used=19 cpu_time=355.00 post_ml_time=114.00
CUT_STATS g_mode=3 candidate_cuts=59

RUN benchmark=cm85a.blif g_mode=0 file=/home/ayush/abc/blif/cm85a.blif
======== ABC command line "read_library /home/ayush/abc/genlib.genlib; read_blif /home/ayush/abc/blif/cm85a.blif; strash; map;"
RESULT g_mode=0 qor=40.00 cuts_used=36 cpu_time=398.00 post_ml_time=157.00
CUT_STATS g_mode=0 candidate_cuts=218

RUN benchmark=cm85a.blif g_mode=1 file=/home/ayush/abc/blif/cm85a.blif
======== ABC command line "read_library /home/ayush/abc/genlib.genlib; read_blif /home/ayush/abc/blif/cm85a.blif; strash; map;"
RESULT g_mode=1 qor=40.00 cuts_used=36 cpu_time=449.00 post_ml_time=157.00
CUT_STATS g_mode=1 candidate_cuts=162

RUN benchmark=cm85a.blif g_mode=2 file=/home/ayush/abc/blif/cm85a.blif
======== ABC command line "read_library /home/ayush/abc/genlib.genlib; read_blif /home/ayush/abc/blif/cm85a.blif; strash; map;"
RESULT g_mode=2 qor=40.00 cuts_used=36 cpu_time=433.00 post_ml_time=153.00
CUT_STATS g_mode=2 candidate_cuts=144

RUN benchmark=cm85a.blif g_mode=3 file=/home/ayush/abc/blif/cm85a.blif
======== ABC command line "read_library /home/ayush/abc/genlib.genlib; read_blif /home/ayush/abc/blif/cm85a.blif; strash; map;"
RESULT g_mode=3 qor=40.00 cuts_used=36 cpu_time=509.00 post_ml_time=176.00
CUT_STATS g_mode=3 candidate_cuts=112

RUN benchmark=cmb.blif g_mode=0 file=/home/ayush/abc/blif/cmb.blif
======== ABC command line "read_library /home/ayush/abc/genlib.genlib; read_blif /home/ayush/abc/blif/cmb.blif; strash; map;"
RESULT g_mode=0 qor=58.00 cuts_used=49 cpu_time=371.00 post_ml_time=159.00
CUT_STATS g_mode=0 candidate_cuts=256

RUN benchmark=cmb.blif g_mode=1 file=/home/ayush/abc/blif/cmb.blif
======== ABC command line "read_library /home/ayush/abc/genlib.genlib; read_blif /home/ayush/abc/blif/cmb.blif; strash; map;"
RESULT g_mode=1 qor=58.00 cuts_used=49 cpu_time=524.00 post_ml_time=196.00
CUT_STATS g_mode=1 candidate_cuts=179

RUN benchmark=cmb.blif g_mode=2 file=/home/ayush/abc/blif/cmb.blif
======== ABC command line "read_library /home/ayush/abc/genlib.genlib; read_blif /home/ayush/abc/blif/cmb.blif; strash; map;"
RESULT g_mode=2 qor=58.00 cuts_used=49 cpu_time=592.00 post_ml_time=209.00
CUT_STATS g_mode=2 candidate_cuts=157

RUN benchmark=cmb.blif g_mode=3 file=/home/ayush/abc/blif/cmb.blif
======== ABC command line "read_library /home/ayush/abc/genlib.genlib; read_blif /home/ayush/abc/blif/cmb.blif; strash; map;"
RESULT g_mode=3 qor=58.00 cuts_used=49 cpu_time=424.00 post_ml_time=154.00
CUT_STATS g_mode=3 candidate_cuts=135

RUN benchmark=combinational.blif g_mode=0 file=/home/ayush/abc/blif/combinational.blif
======== ABC command line "read_library /home/ayush/abc/genlib.genlib; read_blif /home/ayush/abc/blif/combinational.blif; strash; map;"
RESULT g_mode=0 qor=2.00 cuts_used=1 cpu_time=112.00 post_ml_time=9.00
CUT_STATS g_mode=0 candidate_cuts=1

RUN benchmark=combinational.blif g_mode=1 file=/home/ayush/abc/blif/combinational.blif
======== ABC command line "read_library /home/ayush/abc/genlib.genlib; read_blif /home/ayush/abc/blif/combinational.blif; strash; map;"
RESULT g_mode=1 qor=2.00 cuts_used=1 cpu_time=118.00 post_ml_time=9.00
CUT_STATS g_mode=1 candidate_cuts=1

RUN benchmark=combinational.blif g_mode=2 file=/home/ayush/abc/blif/combinational.blif
======== ABC command line "read_library /home/ayush/abc/genlib.genlib; read_blif /home/ayush/abc/blif/combinational.blif; strash; map;"
RESULT g_mode=2 qor=2.00 cuts_used=1 cpu_time=126.00 post_ml_time=10.00
CUT_STATS g_mode=2 candidate_cuts=1

RUN benchmark=combinational.blif g_mode=3 file=/home/ayush/abc/blif/combinational.blif
======== ABC command line "read_library /home/ayush/abc/genlib.genlib; read_blif /home/ayush/abc/blif/combinational.blif; strash; map;"
RESULT g_mode=3 qor=2.00 cuts_used=1 cpu_time=125.00 post_ml_time=11.00
CUT_STATS g_mode=3 candidate_cuts=1

RUN benchmark=comp.blif g_mode=0 file=/home/ayush/abc/blif/comp.blif
======== ABC command line "read_library /home/ayush/abc/genlib.genlib; read_blif /home/ayush/abc/blif/comp.blif; strash; map;"
RESULT g_mode=0 qor=147.00 cuts_used=125 cpu_time=1530.00 post_ml_time=580.00
CUT_STATS g_mode=0 candidate_cuts=1169

RUN benchmark=comp.blif g_mode=1 file=/home/ayush/abc/blif/comp.blif
======== ABC command line "read_library /home/ayush/abc/genlib.genlib; read_blif /home/ayush/abc/blif/comp.blif; strash; map;"
RESULT g_mode=1 qor=147.00 cuts_used=125 cpu_time=1823.00 post_ml_time=564.00
CUT_STATS g_mode=1 candidate_cuts=595

RUN benchmark=comp.blif g_mode=2 file=/home/ayush/abc/blif/comp.blif
======== ABC command line "read_library /home/ayush/abc/genlib.genlib; read_blif /home/ayush/abc/blif/comp.blif; strash; map;"
RESULT g_mode=2 qor=147.00 cuts_used=125 cpu_time=1485.00 post_ml_time=442.00
CUT_STATS g_mode=2 candidate_cuts=489

RUN benchmark=comp.blif g_mode=3 file=/home/ayush/abc/blif/comp.blif
======== ABC command line "read_library /home/ayush/abc/genlib.genlib; read_blif /home/ayush/abc/blif/comp.blif; strash; map;"
RESULT g_mode=3 qor=147.00 cuts_used=125 cpu_time=1647.00 post_ml_time=522.00
CUT_STATS g_mode=3 candidate_cuts=377

RUN benchmark=complex_16_noc_1D_chain.blif g_mode=0 file=/home/ayush/abc/blif/complex_16_noc_1D_chain.blif
======== ABC command line "read_library /home/ayush/abc/genlib.genlib; read_blif /home/ayush/abc/blif/complex_16_noc_1D_chain.blif; strash; map;"
Line 51: Cannot find PI "devpor" of the model "dffeas" as a formal input of the subcircuit.
Reading network from file has failed.

RUN benchmark=complex_16_noc_1D_chain.blif g_mode=1 file=/home/ayush/abc/blif/complex_16_noc_1D_chain.blif
======== ABC command line "read_library /home/ayush/abc/genlib.genlib; read_blif /home/ayush/abc/blif/complex_16_noc_1D_chain.blif; strash; map;"
Line 51: Cannot find PI "devpor" of the model "dffeas" as a formal input of the subcircuit.
Reading network from file has failed.

RUN benchmark=complex_16_noc_1D_chain.blif g_mode=2 file=/home/ayush/abc/blif/complex_16_noc_1D_chain.blif
======== ABC command line "read_library /home/ayush/abc/genlib.genlib; read_blif /home/ayush/abc/blif/complex_16_noc_1D_chain.blif; strash; map;"
Line 51: Cannot find PI "devpor" of the model "dffeas" as a formal input of the subcircuit.
Reading network from file has failed.

RUN benchmark=complex_16_noc_1D_chain.blif g_mode=3 file=/home/ayush/abc/blif/complex_16_noc_1D_chain.blif
======== ABC command line "read_library /home/ayush/abc/genlib.genlib; read_blif /home/ayush/abc/blif/complex_16_noc_1D_chain.blif; strash; map;"
Line 51: Cannot find PI "devpor" of the model "dffeas" as a formal input of the subcircuit.
Reading network from file has failed.

RUN benchmark=complex_2_noc_1D_chain.blif g_mode=0 file=/home/ayush/abc/blif/complex_2_noc_1D_chain.blif
======== ABC command line "read_library /home/ayush/abc/genlib.genlib; read_blif /home/ayush/abc/blif/complex_2_noc_1D_chain.blif; strash; map;"
Line 51: Cannot find PI "devpor" of the model "stratixiv_mac_out.opmode{one_level_adder}.input_type{comb}.output_type{comb}" as a formal input of the subcircuit.
Reading network from file has failed.

RUN benchmark=complex_2_noc_1D_chain.blif g_mode=1 file=/home/ayush/abc/blif/complex_2_noc_1D_chain.blif
======== ABC command line "read_library /home/ayush/abc/genlib.genlib; read_blif /home/ayush/abc/blif/complex_2_noc_1D_chain.blif; strash; map;"
Line 51: Cannot find PI "devpor" of the model "stratixiv_mac_out.opmode{one_level_adder}.input_type{comb}.output_type{comb}" as a formal input of the subcircuit.
Reading network from file has failed.

RUN benchmark=complex_2_noc_1D_chain.blif g_mode=2 file=/home/ayush/abc/blif/complex_2_noc_1D_chain.blif
======== ABC command line "read_library /home/ayush/abc/genlib.genlib; read_blif /home/ayush/abc/blif/complex_2_noc_1D_chain.blif; strash; map;"
Line 51: Cannot find PI "devpor" of the model "stratixiv_mac_out.opmode{one_level_adder}.input_type{comb}.output_type{comb}" as a formal input of the subcircuit.
Reading network from file has failed.

RUN benchmark=complex_2_noc_1D_chain.blif g_mode=3 file=/home/ayush/abc/blif/complex_2_noc_1D_chain.blif
======== ABC command line "read_library /home/ayush/abc/genlib.genlib; read_blif /home/ayush/abc/blif/complex_2_noc_1D_chain.blif; strash; map;"
Line 51: Cannot find PI "devpor" of the model "stratixiv_mac_out.opmode{one_level_adder}.input_type{comb}.output_type{comb}" as a formal input of the subcircuit.
Reading network from file has failed.

RUN benchmark=complex_32_noc_clique.blif g_mode=0 file=/home/ayush/abc/blif/complex_32_noc_clique.blif
======== ABC command line "read_library /home/ayush/abc/genlib.genlib; read_blif /home/ayush/abc/blif/complex_32_noc_clique.blif; strash; map;"
Line 179: Cannot find PI "devpor" of the model "dffeas" as a formal input of the subcircuit.
Reading network from file has failed.

RUN benchmark=complex_32_noc_clique.blif g_mode=1 file=/home/ayush/abc/blif/complex_32_noc_clique.blif
======== ABC command line "read_library /home/ayush/abc/genlib.genlib; read_blif /home/ayush/abc/blif/complex_32_noc_clique.blif; strash; map;"
Line 179: Cannot find PI "devpor" of the model "dffeas" as a formal input of the subcircuit.
Reading network from file has failed.

RUN benchmark=complex_32_noc_clique.blif g_mode=2 file=/home/ayush/abc/blif/complex_32_noc_clique.blif
======== ABC command line "read_library /home/ayush/abc/genlib.genlib; read_blif /home/ayush/abc/blif/complex_32_noc_clique.blif; strash; map;"
Line 179: Cannot find PI "devpor" of the model "dffeas" as a formal input of the subcircuit.
Reading network from file has failed.

RUN benchmark=complex_32_noc_clique.blif g_mode=3 file=/home/ayush/abc/blif/complex_32_noc_clique.blif
======== ABC command line "read_library /home/ayush/abc/genlib.genlib; read_blif /home/ayush/abc/blif/complex_32_noc_clique.blif; strash; map;"
Line 179: Cannot find PI "devpor" of the model "dffeas" as a formal input of the subcircuit.
Reading network from file has failed.

RUN benchmark=complex_32_noc_star.blif g_mode=0 file=/home/ayush/abc/blif/complex_32_noc_star.blif
======== ABC command line "read_library /home/ayush/abc/genlib.genlib; read_blif /home/ayush/abc/blif/complex_32_noc_star.blif; strash; map;"
Line 179: Cannot find PI "devpor" of the model "dffeas" as a formal input of the subcircuit.
Reading network from file has failed.

RUN benchmark=complex_32_noc_star.blif g_mode=1 file=/home/ayush/abc/blif/complex_32_noc_star.blif
======== ABC command line "read_library /home/ayush/abc/genlib.genlib; read_blif /home/ayush/abc/blif/complex_32_noc_star.blif; strash; map;"
Line 179: Cannot find PI "devpor" of the model "dffeas" as a formal input of the subcircuit.
Reading network from file has failed.

RUN benchmark=complex_32_noc_star.blif g_mode=2 file=/home/ayush/abc/blif/complex_32_noc_star.blif
======== ABC command line "read_library /home/ayush/abc/genlib.genlib; read_blif /home/ayush/abc/blif/complex_32_noc_star.blif; strash; map;"
Line 179: Cannot find PI "devpor" of the model "dffeas" as a formal input of the subcircuit.
Reading network from file has failed.

RUN benchmark=complex_32_noc_star.blif g_mode=3 file=/home/ayush/abc/blif/complex_32_noc_star.blif
======== ABC command line "read_library /home/ayush/abc/genlib.genlib; read_blif /home/ayush/abc/blif/complex_32_noc_star.blif; strash; map;"
Line 179: Cannot find PI "devpor" of the model "dffeas" as a formal input of the subcircuit.
Reading network from file has failed.

RUN benchmark=complex_4_noc_1D_chain.blif g_mode=0 file=/home/ayush/abc/blif/complex_4_noc_1D_chain.blif
======== ABC command line "read_library /home/ayush/abc/genlib.genlib; read_blif /home/ayush/abc/blif/complex_4_noc_1D_chain.blif; strash; map;"
Line 51: Cannot find PI "devpor" of the model "dffeas" as a formal input of the subcircuit.
Reading network from file has failed.

RUN benchmark=complex_4_noc_1D_chain.blif g_mode=1 file=/home/ayush/abc/blif/complex_4_noc_1D_chain.blif
======== ABC command line "read_library /home/ayush/abc/genlib.genlib; read_blif /home/ayush/abc/blif/complex_4_noc_1D_chain.blif; strash; map;"
Line 51: Cannot find PI "devpor" of the model "dffeas" as a formal input of the subcircuit.
Reading network from file has failed.

RUN benchmark=complex_4_noc_1D_chain.blif g_mode=2 file=/home/ayush/abc/blif/complex_4_noc_1D_chain.blif
======== ABC command line "read_library /home/ayush/abc/genlib.genlib; read_blif /home/ayush/abc/blif/complex_4_noc_1D_chain.blif; strash; map;"
Line 51: Cannot find PI "devpor" of the model "dffeas" as a formal input of the subcircuit.
Reading network from file has failed.

RUN benchmark=complex_4_noc_1D_chain.blif g_mode=3 file=/home/ayush/abc/blif/complex_4_noc_1D_chain.blif
======== ABC command line "read_library /home/ayush/abc/genlib.genlib; read_blif /home/ayush/abc/blif/complex_4_noc_1D_chain.blif; strash; map;"
Line 51: Cannot find PI "devpor" of the model "dffeas" as a formal input of the subcircuit.
Reading network from file has failed.

RUN benchmark=complex_64_noc_clique.blif g_mode=0 file=/home/ayush/abc/blif/complex_64_noc_clique.blif
======== ABC command line "read_library /home/ayush/abc/genlib.genlib; read_blif /home/ayush/abc/blif/complex_64_noc_clique.blif; strash; map;"
Line 179: Cannot find PI "devpor" of the model "dffeas" as a formal input of the subcircuit.
Reading network from file has failed.

RUN benchmark=complex_64_noc_clique.blif g_mode=1 file=/home/ayush/abc/blif/complex_64_noc_clique.blif
======== ABC command line "read_library /home/ayush/abc/genlib.genlib; read_blif /home/ayush/abc/blif/complex_64_noc_clique.blif; strash; map;"
Line 179: Cannot find PI "devpor" of the model "dffeas" as a formal input of the subcircuit.
Reading network from file has failed.

RUN benchmark=complex_64_noc_clique.blif g_mode=2 file=/home/ayush/abc/blif/complex_64_noc_clique.blif
======== ABC command line "read_library /home/ayush/abc/genlib.genlib; read_blif /home/ayush/abc/blif/complex_64_noc_clique.blif; strash; map;"
Line 179: Cannot find PI "devpor" of the model "dffeas" as a formal input of the subcircuit.
Reading network from file has failed.

RUN benchmark=complex_64_noc_clique.blif g_mode=3 file=/home/ayush/abc/blif/complex_64_noc_clique.blif
======== ABC command line "read_library /home/ayush/abc/genlib.genlib; read_blif /home/ayush/abc/blif/complex_64_noc_clique.blif; strash; map;"
Line 179: Cannot find PI "devpor" of the model "dffeas" as a formal input of the subcircuit.
Reading network from file has failed.

RUN benchmark=complex_64_noc_nearest_neighbor.blif g_mode=0 file=/home/ayush/abc/blif/complex_64_noc_nearest_neighbor.blif
======== ABC command line "read_library /home/ayush/abc/genlib.genlib; read_blif /home/ayush/abc/blif/complex_64_noc_nearest_neighbor.blif; strash; map;"
Line 51: Cannot find PI "devpor" of the model "dffeas" as a formal input of the subcircuit.
Reading network from file has failed.

RUN benchmark=complex_64_noc_nearest_neighbor.blif g_mode=1 file=/home/ayush/abc/blif/complex_64_noc_nearest_neighbor.blif
======== ABC command line "read_library /home/ayush/abc/genlib.genlib; read_blif /home/ayush/abc/blif/complex_64_noc_nearest_neighbor.blif; strash; map;"
Line 51: Cannot find PI "devpor" of the model "dffeas" as a formal input of the subcircuit.
Reading network from file has failed.

RUN benchmark=complex_64_noc_nearest_neighbor.blif g_mode=2 file=/home/ayush/abc/blif/complex_64_noc_nearest_neighbor.blif
======== ABC command line "read_library /home/ayush/abc/genlib.genlib; read_blif /home/ayush/abc/blif/complex_64_noc_nearest_neighbor.blif; strash; map;"
Line 51: Cannot find PI "devpor" of the model "dffeas" as a formal input of the subcircuit.
Reading network from file has failed.

RUN benchmark=complex_64_noc_nearest_neighbor.blif g_mode=3 file=/home/ayush/abc/blif/complex_64_noc_nearest_neighbor.blif
======== ABC command line "read_library /home/ayush/abc/genlib.genlib; read_blif /home/ayush/abc/blif/complex_64_noc_nearest_neighbor.blif; strash; map;"
Line 51: Cannot find PI "devpor" of the model "dffeas" as a formal input of the subcircuit.
Reading network from file has failed.

RUN benchmark=complex_64_noc_star.blif g_mode=0 file=/home/ayush/abc/blif/complex_64_noc_star.blif
======== ABC command line "read_library /home/ayush/abc/genlib.genlib; read_blif /home/ayush/abc/blif/complex_64_noc_star.blif; strash; map;"
Line 51: Cannot find PI "devpor" of the model "dffeas" as a formal input of the subcircuit.
Reading network from file has failed.

RUN benchmark=complex_64_noc_star.blif g_mode=1 file=/home/ayush/abc/blif/complex_64_noc_star.blif
======== ABC command line "read_library /home/ayush/abc/genlib.genlib; read_blif /home/ayush/abc/blif/complex_64_noc_star.blif; strash; map;"
Line 51: Cannot find PI "devpor" of the model "dffeas" as a formal input of the subcircuit.
Reading network from file has failed.

RUN benchmark=complex_64_noc_star.blif g_mode=2 file=/home/ayush/abc/blif/complex_64_noc_star.blif
======== ABC command line "read_library /home/ayush/abc/genlib.genlib; read_blif /home/ayush/abc/blif/complex_64_noc_star.blif; strash; map;"
Line 51: Cannot find PI "devpor" of the model "dffeas" as a formal input of the subcircuit.
Reading network from file has failed.

RUN benchmark=complex_64_noc_star.blif g_mode=3 file=/home/ayush/abc/blif/complex_64_noc_star.blif
======== ABC command line "read_library /home/ayush/abc/genlib.genlib; read_blif /home/ayush/abc/blif/complex_64_noc_star.blif; strash; map;"
Line 51: Cannot find PI "devpor" of the model "dffeas" as a formal input of the subcircuit.
Reading network from file has failed.

RUN benchmark=complex_8_noc_1D_chain.blif g_mode=0 file=/home/ayush/abc/blif/complex_8_noc_1D_chain.blif
======== ABC command line "read_library /home/ayush/abc/genlib.genlib; read_blif /home/ayush/abc/blif/complex_8_noc_1D_chain.blif; strash; map;"
Line 51: Cannot find PI "devpor" of the model "dffeas" as a formal input of the subcircuit.
Reading network from file has failed.

RUN benchmark=complex_8_noc_1D_chain.blif g_mode=1 file=/home/ayush/abc/blif/complex_8_noc_1D_chain.blif
======== ABC command line "read_library /home/ayush/abc/genlib.genlib; read_blif /home/ayush/abc/blif/complex_8_noc_1D_chain.blif; strash; map;"
Line 51: Cannot find PI "devpor" of the model "dffeas" as a formal input of the subcircuit.
Reading network from file has failed.

RUN benchmark=complex_8_noc_1D_chain.blif g_mode=2 file=/home/ayush/abc/blif/complex_8_noc_1D_chain.blif
======== ABC command line "read_library /home/ayush/abc/genlib.genlib; read_blif /home/ayush/abc/blif/complex_8_noc_1D_chain.blif; strash; map;"
Line 51: Cannot find PI "devpor" of the model "dffeas" as a formal input of the subcircuit.
Reading network from file has failed.

RUN benchmark=complex_8_noc_1D_chain.blif g_mode=3 file=/home/ayush/abc/blif/complex_8_noc_1D_chain.blif
======== ABC command line "read_library /home/ayush/abc/genlib.genlib; read_blif /home/ayush/abc/blif/complex_8_noc_1D_chain.blif; strash; map;"
Line 51: Cannot find PI "devpor" of the model "dffeas" as a formal input of the subcircuit.
Reading network from file has failed.

RUN benchmark=con1.blif g_mode=0 file=/home/ayush/abc/blif/con1.blif
======== ABC command line "read_library /home/ayush/abc/genlib.genlib; read_blif /home/ayush/abc/blif/con1.blif; strash; map;"
RESULT g_mode=0 qor=18.00 cuts_used=17 cpu_time=204.00 post_ml_time=60.00
CUT_STATS g_mode=0 candidate_cuts=77

RUN benchmark=con1.blif g_mode=1 file=/home/ayush/abc/blif/con1.blif
======== ABC command line "read_library /home/ayush/abc/genlib.genlib; read_blif /home/ayush/abc/blif/con1.blif; strash; map;"
RESULT g_mode=1 qor=18.00 cuts_used=17 cpu_time=238.00 post_ml_time=68.00
CUT_STATS g_mode=1 candidate_cuts=53

RUN benchmark=con1.blif g_mode=2 file=/home/ayush/abc/blif/con1.blif
======== ABC command line "read_library /home/ayush/abc/genlib.genlib; read_blif /home/ayush/abc/blif/con1.blif; strash; map;"
RESULT g_mode=2 qor=18.00 cuts_used=17 cpu_time=251.00 post_ml_time=71.00
CUT_STATS g_mode=2 candidate_cuts=47

RUN benchmark=con1.blif g_mode=3 file=/home/ayush/abc/blif/con1.blif
======== ABC command line "read_library /home/ayush/abc/genlib.genlib; read_blif /home/ayush/abc/blif/con1.blif; strash; map;"
RESULT g_mode=3 qor=18.00 cuts_used=17 cpu_time=290.00 post_ml_time=83.00
CUT_STATS g_mode=3 candidate_cuts=40

RUN benchmark=constant_outputs_only.blif g_mode=0 file=/home/ayush/abc/blif/constant_outputs_only.blif
======== ABC command line "read_library /home/ayush/abc/genlib.genlib; read_blif /home/ayush/abc/blif/constant_outputs_only.blif; strash; map;"
RESULT g_mode=0 qor=0.00 cuts_used=0 cpu_time=125.00 post_ml_time=3.00
CUT_STATS g_mode=0 candidate_cuts=0

RUN benchmark=constant_outputs_only.blif g_mode=1 file=/home/ayush/abc/blif/constant_outputs_only.blif
======== ABC command line "read_library /home/ayush/abc/genlib.genlib; read_blif /home/ayush/abc/blif/constant_outputs_only.blif; strash; map;"
RESULT g_mode=1 qor=0.00 cuts_used=0 cpu_time=88.00 post_ml_time=2.00
CUT_STATS g_mode=1 candidate_cuts=0

RUN benchmark=constant_outputs_only.blif g_mode=2 file=/home/ayush/abc/blif/constant_outputs_only.blif
======== ABC command line "read_library /home/ayush/abc/genlib.genlib; read_blif /home/ayush/abc/blif/constant_outputs_only.blif; strash; map;"
RESULT g_mode=2 qor=0.00 cuts_used=0 cpu_time=95.00 post_ml_time=2.00
CUT_STATS g_mode=2 candidate_cuts=0

RUN benchmark=constant_outputs_only.blif g_mode=3 file=/home/ayush/abc/blif/constant_outputs_only.blif
======== ABC command line "read_library /home/ayush/abc/genlib.genlib; read_blif /home/ayush/abc/blif/constant_outputs_only.blif; strash; map;"
RESULT g_mode=3 qor=0.00 cuts_used=0 cpu_time=99.00 post_ml_time=2.00
CUT_STATS g_mode=3 candidate_cuts=0

RUN benchmark=const_false.blif g_mode=0 file=/home/ayush/abc/blif/const_false.blif
======== ABC command line "read_library /home/ayush/abc/genlib.genlib; read_blif /home/ayush/abc/blif/const_false.blif; strash; map;"
RESULT g_mode=0 qor=0.00 cuts_used=0 cpu_time=85.00 post_ml_time=2.00
CUT_STATS g_mode=0 candidate_cuts=0

RUN benchmark=const_false.blif g_mode=1 file=/home/ayush/abc/blif/const_false.blif
======== ABC command line "read_library /home/ayush/abc/genlib.genlib; read_blif /home/ayush/abc/blif/const_false.blif; strash; map;"
RESULT g_mode=1 qor=0.00 cuts_used=0 cpu_time=76.00 post_ml_time=2.00
CUT_STATS g_mode=1 candidate_cuts=0

RUN benchmark=const_false.blif g_mode=2 file=/home/ayush/abc/blif/const_false.blif
======== ABC command line "read_library /home/ayush/abc/genlib.genlib; read_blif /home/ayush/abc/blif/const_false.blif; strash; map;"
RESULT g_mode=2 qor=0.00 cuts_used=0 cpu_time=79.00 post_ml_time=2.00
CUT_STATS g_mode=2 candidate_cuts=0

RUN benchmark=const_false.blif g_mode=3 file=/home/ayush/abc/blif/const_false.blif
======== ABC command line "read_library /home/ayush/abc/genlib.genlib; read_blif /home/ayush/abc/blif/const_false.blif; strash; map;"
RESULT g_mode=3 qor=0.00 cuts_used=0 cpu_time=101.00 post_ml_time=2.00
CUT_STATS g_mode=3 candidate_cuts=0

RUN benchmark=const_true.blif g_mode=0 file=/home/ayush/abc/blif/const_true.blif
======== ABC command line "read_library /home/ayush/abc/genlib.genlib; read_blif /home/ayush/abc/blif/const_true.blif; strash; map;"
RESULT g_mode=0 qor=0.00 cuts_used=0 cpu_time=75.00 post_ml_time=2.00
CUT_STATS g_mode=0 candidate_cuts=0

RUN benchmark=const_true.blif g_mode=1 file=/home/ayush/abc/blif/const_true.blif
======== ABC command line "read_library /home/ayush/abc/genlib.genlib; read_blif /home/ayush/abc/blif/const_true.blif; strash; map;"
RESULT g_mode=1 qor=0.00 cuts_used=0 cpu_time=91.00 post_ml_time=2.00
CUT_STATS g_mode=1 candidate_cuts=0

RUN benchmark=const_true.blif g_mode=2 file=/home/ayush/abc/blif/const_true.blif
======== ABC command line "read_library /home/ayush/abc/genlib.genlib; read_blif /home/ayush/abc/blif/const_true.blif; strash; map;"
RESULT g_mode=2 qor=0.00 cuts_used=0 cpu_time=94.00 post_ml_time=2.00
CUT_STATS g_mode=2 candidate_cuts=0

RUN benchmark=const_true.blif g_mode=3 file=/home/ayush/abc/blif/const_true.blif
======== ABC command line "read_library /home/ayush/abc/genlib.genlib; read_blif /home/ayush/abc/blif/const_true.blif; strash; map;"
RESULT g_mode=3 qor=0.00 cuts_used=0 cpu_time=82.00 post_ml_time=2.00
CUT_STATS g_mode=3 candidate_cuts=0

RUN benchmark=cordic.blif g_mode=0 file=/home/ayush/abc/blif/cordic.blif
======== ABC command line "read_library /home/ayush/abc/genlib.genlib; read_blif /home/ayush/abc/blif/cordic.blif; strash; map;"
RESULT g_mode=0 qor=1291.00 cuts_used=1266 cpu_time=14072.00 post_ml_time=6326.00
CUT_STATS g_mode=0 candidate_cuts=13485

RUN benchmark=cordic.blif g_mode=1 file=/home/ayush/abc/blif/cordic.blif
======== ABC command line "read_library /home/ayush/abc/genlib.genlib; read_blif /home/ayush/abc/blif/cordic.blif; strash; map;"
RESULT g_mode=1 qor=1291.00 cuts_used=1266 cpu_time=19825.00 post_ml_time=7199.00
CUT_STATS g_mode=1 candidate_cuts=7875

RUN benchmark=cordic.blif g_mode=2 file=/home/ayush/abc/blif/cordic.blif
======== ABC command line "read_library /home/ayush/abc/genlib.genlib; read_blif /home/ayush/abc/blif/cordic.blif; strash; map;"
RESULT g_mode=2 qor=1291.00 cuts_used=1266 cpu_time=18809.00 post_ml_time=6797.00
CUT_STATS g_mode=2 candidate_cuts=6373

RUN benchmark=cordic.blif g_mode=3 file=/home/ayush/abc/blif/cordic.blif
======== ABC command line "read_library /home/ayush/abc/genlib.genlib; read_blif /home/ayush/abc/blif/cordic.blif; strash; map;"
RESULT g_mode=3 qor=1291.00 cuts_used=1266 cpu_time=20050.00 post_ml_time=7137.00
CUT_STATS g_mode=3 candidate_cuts=4698

RUN benchmark=count.blif g_mode=0 file=/home/ayush/abc/blif/count.blif
======== ABC command line "read_library /home/ayush/abc/genlib.genlib; read_blif /home/ayush/abc/blif/count.blif; strash; map;"
RESULT g_mode=0 qor=159.00 cuts_used=149 cpu_time=1152.00 post_ml_time=491.00
CUT_STATS g_mode=0 candidate_cuts=1034

RUN benchmark=count.blif g_mode=1 file=/home/ayush/abc/blif/count.blif
======== ABC command line "read_library /home/ayush/abc/genlib.genlib; read_blif /home/ayush/abc/blif/count.blif; strash; map;"
RESULT g_mode=1 qor=159.00 cuts_used=149 cpu_time=1447.00 post_ml_time=527.00
CUT_STATS g_mode=1 candidate_cuts=777

RUN benchmark=count.blif g_mode=2 file=/home/ayush/abc/blif/count.blif
======== ABC command line "read_library /home/ayush/abc/genlib.genlib; read_blif /home/ayush/abc/blif/count.blif; strash; map;"
RESULT g_mode=2 qor=159.00 cuts_used=149 cpu_time=1773.00 post_ml_time=547.00
CUT_STATS g_mode=2 candidate_cuts=633

RUN benchmark=count.blif g_mode=3 file=/home/ayush/abc/blif/count.blif
======== ABC command line "read_library /home/ayush/abc/genlib.genlib; read_blif /home/ayush/abc/blif/count.blif; strash; map;"
RESULT g_mode=3 qor=159.00 cuts_used=149 cpu_time=1401.00 post_ml_time=499.00
CUT_STATS g_mode=3 candidate_cuts=461

RUN benchmark=cps.blif g_mode=0 file=/home/ayush/abc/blif/cps.blif
======== ABC command line "read_library /home/ayush/abc/genlib.genlib; read_blif /home/ayush/abc/blif/cps.blif; strash; map;"
RESULT g_mode=0 qor=2017.00 cuts_used=1986 cpu_time=20512.00 post_ml_time=9101.00
CUT_STATS g_mode=0 candidate_cuts=16112

RUN benchmark=cps.blif g_mode=1 file=/home/ayush/abc/blif/cps.blif
======== ABC command line "read_library /home/ayush/abc/genlib.genlib; read_blif /home/ayush/abc/blif/cps.blif; strash; map;"
RESULT g_mode=1 qor=2017.00 cuts_used=1986 cpu_time=19132.00 post_ml_time=8417.00
CUT_STATS g_mode=1 candidate_cuts=10775

RUN benchmark=cps.blif g_mode=2 file=/home/ayush/abc/blif/cps.blif
======== ABC command line "read_library /home/ayush/abc/genlib.genlib; read_blif /home/ayush/abc/blif/cps.blif; strash; map;"
RESULT g_mode=2 qor=2017.00 cuts_used=1986 cpu_time=20607.00 post_ml_time=8280.00
CUT_STATS g_mode=2 candidate_cuts=8949

RUN benchmark=cps.blif g_mode=3 file=/home/ayush/abc/blif/cps.blif
======== ABC command line "read_library /home/ayush/abc/genlib.genlib; read_blif /home/ayush/abc/blif/cps.blif; strash; map;"
RESULT g_mode=3 qor=2017.00 cuts_used=1986 cpu_time=22863.00 post_ml_time=10439.00
CUT_STATS g_mode=3 candidate_cuts=6931

RUN benchmark=cse.blif g_mode=0 file=/home/ayush/abc/blif/cse.blif
======== ABC command line "read_library /home/ayush/abc/genlib.genlib; read_blif /home/ayush/abc/blif/cse.blif; strash; map;"
RESULT g_mode=0 qor=237.00 cuts_used=228 cpu_time=1924.00 post_ml_time=1012.00
CUT_STATS g_mode=0 candidate_cuts=1316

RUN benchmark=cse.blif g_mode=1 file=/home/ayush/abc/blif/cse.blif
======== ABC command line "read_library /home/ayush/abc/genlib.genlib; read_blif /home/ayush/abc/blif/cse.blif; strash; map;"
RESULT g_mode=1 qor=237.00 cuts_used=228 cpu_time=1823.00 post_ml_time=832.00
CUT_STATS g_mode=1 candidate_cuts=1042

RUN benchmark=cse.blif g_mode=2 file=/home/ayush/abc/blif/cse.blif
======== ABC command line "read_library /home/ayush/abc/genlib.genlib; read_blif /home/ayush/abc/blif/cse.blif; strash; map;"
RESULT g_mode=2 qor=237.00 cuts_used=228 cpu_time=1963.00 post_ml_time=899.00
CUT_STATS g_mode=2 candidate_cuts=905

RUN benchmark=cse.blif g_mode=3 file=/home/ayush/abc/blif/cse.blif
======== ABC command line "read_library /home/ayush/abc/genlib.genlib; read_blif /home/ayush/abc/blif/cse.blif; strash; map;"
RESULT g_mode=3 qor=237.00 cuts_used=228 cpu_time=2224.00 post_ml_time=1044.00
CUT_STATS g_mode=3 candidate_cuts=719

RUN benchmark=cu.blif g_mode=0 file=/home/ayush/abc/blif/cu.blif
======== ABC command line "read_library /home/ayush/abc/genlib.genlib; read_blif /home/ayush/abc/blif/cu.blif; strash; map;"
RESULT g_mode=0 qor=76.00 cuts_used=68 cpu_time=463.00 post_ml_time=228.00
CUT_STATS g_mode=0 candidate_cuts=275

RUN benchmark=cu.blif g_mode=1 file=/home/ayush/abc/blif/cu.blif
======== ABC command line "read_library /home/ayush/abc/genlib.genlib; read_blif /home/ayush/abc/blif/cu.blif; strash; map;"
RESULT g_mode=1 qor=76.00 cuts_used=68 cpu_time=479.00 post_ml_time=222.00
CUT_STATS g_mode=1 candidate_cuts=236

RUN benchmark=cu.blif g_mode=2 file=/home/ayush/abc/blif/cu.blif
======== ABC command line "read_library /home/ayush/abc/genlib.genlib; read_blif /home/ayush/abc/blif/cu.blif; strash; map;"
RESULT g_mode=2 qor=76.00 cuts_used=68 cpu_time=545.00 post_ml_time=249.00
CUT_STATS g_mode=2 candidate_cuts=218

RUN benchmark=cu.blif g_mode=3 file=/home/ayush/abc/blif/cu.blif
======== ABC command line "read_library /home/ayush/abc/genlib.genlib; read_blif /home/ayush/abc/blif/cu.blif; strash; map;"
RESULT g_mode=3 qor=76.00 cuts_used=68 cpu_time=595.00 post_ml_time=264.00
CUT_STATS g_mode=3 candidate_cuts=192

RUN benchmark=daio.blif g_mode=0 file=/home/ayush/abc/blif/daio.blif
======== ABC command line "read_library /home/ayush/abc/genlib.genlib; read_blif /home/ayush/abc/blif/daio.blif; strash; map;"
RESULT g_mode=0 qor=14.00 cuts_used=10 cpu_time=228.00 post_ml_time=70.00
CUT_STATS g_mode=0 candidate_cuts=33

RUN benchmark=daio.blif g_mode=1 file=/home/ayush/abc/blif/daio.blif
======== ABC command line "read_library /home/ayush/abc/genlib.genlib; read_blif /home/ayush/abc/blif/daio.blif; strash; map;"
RESULT g_mode=1 qor=14.00 cuts_used=10 cpu_time=219.00 post_ml_time=57.00
CUT_STATS g_mode=1 candidate_cuts=33

RUN benchmark=daio.blif g_mode=2 file=/home/ayush/abc/blif/daio.blif
======== ABC command line "read_library /home/ayush/abc/genlib.genlib; read_blif /home/ayush/abc/blif/daio.blif; strash; map;"
RESULT g_mode=2 qor=14.00 cuts_used=10 cpu_time=207.00 post_ml_time=52.00
CUT_STATS g_mode=2 candidate_cuts=31

RUN benchmark=daio.blif g_mode=3 file=/home/ayush/abc/blif/daio.blif
======== ABC command line "read_library /home/ayush/abc/genlib.genlib; read_blif /home/ayush/abc/blif/daio.blif; strash; map;"
RESULT g_mode=3 qor=14.00 cuts_used=10 cpu_time=203.00 post_ml_time=55.00
CUT_STATS g_mode=3 candidate_cuts=26

RUN benchmark=daio-rec.blif g_mode=0 file=/home/ayush/abc/blif/daio-rec.blif
======== ABC command line "read_library /home/ayush/abc/genlib.genlib; read_blif /home/ayush/abc/blif/daio-rec.blif; strash; map;"
RESULT g_mode=0 qor=850.00 cuts_used=748 cpu_time=6203.00 post_ml_time=2435.00
CUT_STATS g_mode=0 candidate_cuts=7026

RUN benchmark=daio-rec.blif g_mode=1 file=/home/ayush/abc/blif/daio-rec.blif
======== ABC command line "read_library /home/ayush/abc/genlib.genlib; read_blif /home/ayush/abc/blif/daio-rec.blif; strash; map;"
RESULT g_mode=1 qor=850.00 cuts_used=748 cpu_time=7331.00 post_ml_time=2350.00
CUT_STATS g_mode=1 candidate_cuts=4553

RUN benchmark=daio-rec.blif g_mode=2 file=/home/ayush/abc/blif/daio-rec.blif
======== ABC command line "read_library /home/ayush/abc/genlib.genlib; read_blif /home/ayush/abc/blif/daio-rec.blif; strash; map;"
RESULT g_mode=2 qor=850.00 cuts_used=748 cpu_time=7510.00 post_ml_time=2377.00
CUT_STATS g_mode=2 candidate_cuts=3681

RUN benchmark=daio-rec.blif g_mode=3 file=/home/ayush/abc/blif/daio-rec.blif
======== ABC command line "read_library /home/ayush/abc/genlib.genlib; read_blif /home/ayush/abc/blif/daio-rec.blif; strash; map;"
RESULT g_mode=3 qor=850.00 cuts_used=748 cpu_time=7393.00 post_ml_time=2298.00
CUT_STATS g_mode=3 candidate_cuts=2654

RUN benchmark=dalu.blif g_mode=0 file=/home/ayush/abc/blif/dalu.blif
======== ABC command line "read_library /home/ayush/abc/genlib.genlib; read_blif /home/ayush/abc/blif/dalu.blif; strash; map;"
RESULT g_mode=0 qor=1366.00 cuts_used=1343 cpu_time=14216.00 post_ml_time=6344.00
CUT_STATS g_mode=0 candidate_cuts=12339

RUN benchmark=dalu.blif g_mode=1 file=/home/ayush/abc/blif/dalu.blif
======== ABC command line "read_library /home/ayush/abc/genlib.genlib; read_blif /home/ayush/abc/blif/dalu.blif; strash; map;"
RESULT g_mode=1 qor=1366.00 cuts_used=1343 cpu_time=14793.00 post_ml_time=5452.00
CUT_STATS g_mode=1 candidate_cuts=7307

RUN benchmark=dalu.blif g_mode=2 file=/home/ayush/abc/blif/dalu.blif
======== ABC command line "read_library /home/ayush/abc/genlib.genlib; read_blif /home/ayush/abc/blif/dalu.blif; strash; map;"
RESULT g_mode=2 qor=1366.00 cuts_used=1343 cpu_time=14996.00 post_ml_time=5374.00
CUT_STATS g_mode=2 candidate_cuts=6022

RUN benchmark=dalu.blif g_mode=3 file=/home/ayush/abc/blif/dalu.blif
======== ABC command line "read_library /home/ayush/abc/genlib.genlib; read_blif /home/ayush/abc/blif/dalu.blif; strash; map;"
RESULT g_mode=3 qor=1366.00 cuts_used=1343 cpu_time=14693.00 post_ml_time=5177.00
CUT_STATS g_mode=3 candidate_cuts=4427

RUN benchmark=decod.blif g_mode=0 file=/home/ayush/abc/blif/decod.blif
======== ABC command line "read_library /home/ayush/abc/genlib.genlib; read_blif /home/ayush/abc/blif/decod.blif; strash; map;"
RESULT g_mode=0 qor=47.00 cuts_used=44 cpu_time=232.00 post_ml_time=93.00
CUT_STATS g_mode=0 candidate_cuts=132

RUN benchmark=decod.blif g_mode=1 file=/home/ayush/abc/blif/decod.blif
======== ABC command line "read_library /home/ayush/abc/genlib.genlib; read_blif /home/ayush/abc/blif/decod.blif; strash; map;"
RESULT g_mode=1 qor=47.00 cuts_used=44 cpu_time=264.00 post_ml_time=98.00
CUT_STATS g_mode=1 candidate_cuts=132

RUN benchmark=decod.blif g_mode=2 file=/home/ayush/abc/blif/decod.blif
======== ABC command line "read_library /home/ayush/abc/genlib.genlib; read_blif /home/ayush/abc/blif/decod.blif; strash; map;"
RESULT g_mode=2 qor=47.00 cuts_used=44 cpu_time=282.00 post_ml_time=103.00
CUT_STATS g_mode=2 candidate_cuts=132

RUN benchmark=decod.blif g_mode=3 file=/home/ayush/abc/blif/decod.blif
======== ABC command line "read_library /home/ayush/abc/genlib.genlib; read_blif /home/ayush/abc/blif/decod.blif; strash; map;"
RESULT g_mode=3 qor=47.00 cuts_used=44 cpu_time=304.00 post_ml_time=112.00
CUT_STATS g_mode=3 candidate_cuts=132

RUN benchmark=des.blif g_mode=0 file=/home/ayush/abc/blif/des.blif
======== ABC command line "read_library /home/ayush/abc/genlib.genlib; read_blif /home/ayush/abc/blif/des.blif; strash; map;"
RESULT g_mode=0 qor=5382.00 cuts_used=5296 cpu_time=128832.00 post_ml_time=41770.00
CUT_STATS g_mode=0 candidate_cuts=97466

RUN benchmark=des.blif g_mode=1 file=/home/ayush/abc/blif/des.blif
======== ABC command line "read_library /home/ayush/abc/genlib.genlib; read_blif /home/ayush/abc/blif/des.blif; strash; map;"
RESULT g_mode=1 qor=5384.00 cuts_used=5298 cpu_time=152256.00 post_ml_time=38312.00
CUT_STATS g_mode=1 candidate_cuts=37110

RUN benchmark=des.blif g_mode=2 file=/home/ayush/abc/blif/des.blif
======== ABC command line "read_library /home/ayush/abc/genlib.genlib; read_blif /home/ayush/abc/blif/des.blif; strash; map;"
RESULT g_mode=2 qor=5384.00 cuts_used=5298 cpu_time=140780.00 post_ml_time=33724.00
CUT_STATS g_mode=2 candidate_cuts=28868

RUN benchmark=des.blif g_mode=3 file=/home/ayush/abc/blif/des.blif
======== ABC command line "read_library /home/ayush/abc/genlib.genlib; read_blif /home/ayush/abc/blif/des.blif; strash; map;"
RESULT g_mode=3 qor=5384.00 cuts_used=5298 cpu_time=137612.00 post_ml_time=33129.00
CUT_STATS g_mode=3 candidate_cuts=20448

RUN benchmark=des.pre-vpr.blif g_mode=0 file=/home/ayush/abc/blif/des.pre-vpr.blif
======== ABC command line "read_library /home/ayush/abc/genlib.genlib; read_blif /home/ayush/abc/blif/des.pre-vpr.blif; strash; map;"
RESULT g_mode=0 qor=3385.00 cuts_used=3288 cpu_time=48812.00 post_ml_time=16975.00
CUT_STATS g_mode=0 candidate_cuts=54384

RUN benchmark=des.pre-vpr.blif g_mode=1 file=/home/ayush/abc/blif/des.pre-vpr.blif
======== ABC command line "read_library /home/ayush/abc/genlib.genlib; read_blif /home/ayush/abc/blif/des.pre-vpr.blif; strash; map;"
RESULT g_mode=1 qor=3385.00 cuts_used=3288 cpu_time=72590.00 post_ml_time=17929.00
CUT_STATS g_mode=1 candidate_cuts=23487

RUN benchmark=des.pre-vpr.blif g_mode=2 file=/home/ayush/abc/blif/des.pre-vpr.blif
======== ABC command line "read_library /home/ayush/abc/genlib.genlib; read_blif /home/ayush/abc/blif/des.pre-vpr.blif; strash; map;"
RESULT g_mode=2 qor=3385.00 cuts_used=3288 cpu_time=73884.00 post_ml_time=17572.00
CUT_STATS g_mode=2 candidate_cuts=18082

RUN benchmark=des.pre-vpr.blif g_mode=3 file=/home/ayush/abc/blif/des.pre-vpr.blif
======== ABC command line "read_library /home/ayush/abc/genlib.genlib; read_blif /home/ayush/abc/blif/des.pre-vpr.blif; strash; map;"
RESULT g_mode=3 qor=3385.00 cuts_used=3288 cpu_time=54181.00 post_ml_time=13265.00
CUT_STATS g_mode=3 candidate_cuts=12671

RUN benchmark=des.wiremap_area.blif g_mode=0 file=/home/ayush/abc/blif/des.wiremap_area.blif
======== ABC command line "read_library /home/ayush/abc/genlib.genlib; read_blif /home/ayush/abc/blif/des.wiremap_area.blif; strash; map;"
RESULT g_mode=0 qor=3356.00 cuts_used=3280 cpu_time=58754.00 post_ml_time=19892.00
CUT_STATS g_mode=0 candidate_cuts=54255

RUN benchmark=des.wiremap_area.blif g_mode=1 file=/home/ayush/abc/blif/des.wiremap_area.blif
======== ABC command line "read_library /home/ayush/abc/genlib.genlib; read_blif /home/ayush/abc/blif/des.wiremap_area.blif; strash; map;"
RESULT g_mode=1 qor=3356.00 cuts_used=3280 cpu_time=63112.00 post_ml_time=17849.00
CUT_STATS g_mode=1 candidate_cuts=23609

RUN benchmark=des.wiremap_area.blif g_mode=2 file=/home/ayush/abc/blif/des.wiremap_area.blif
======== ABC command line "read_library /home/ayush/abc/genlib.genlib; read_blif /home/ayush/abc/blif/des.wiremap_area.blif; strash; map;"
RESULT g_mode=2 qor=3356.00 cuts_used=3280 cpu_time=69285.00 post_ml_time=15065.00
CUT_STATS g_mode=2 candidate_cuts=18110

RUN benchmark=des.wiremap_area.blif g_mode=3 file=/home/ayush/abc/blif/des.wiremap_area.blif
======== ABC command line "read_library /home/ayush/abc/genlib.genlib; read_blif /home/ayush/abc/blif/des.wiremap_area.blif; strash; map;"
RESULT g_mode=3 qor=3356.00 cuts_used=3280 cpu_time=64876.00 post_ml_time=15003.00
CUT_STATS g_mode=3 candidate_cuts=12603

RUN benchmark=des.wiremap_depth.blif g_mode=0 file=/home/ayush/abc/blif/des.wiremap_depth.blif
======== ABC command line "read_library /home/ayush/abc/genlib.genlib; read_blif /home/ayush/abc/blif/des.wiremap_depth.blif; strash; map;"
RESULT g_mode=0 qor=3385.00 cuts_used=3288 cpu_time=62923.00 post_ml_time=21390.00
CUT_STATS g_mode=0 candidate_cuts=54384

RUN benchmark=des.wiremap_depth.blif g_mode=1 file=/home/ayush/abc/blif/des.wiremap_depth.blif
======== ABC command line "read_library /home/ayush/abc/genlib.genlib; read_blif /home/ayush/abc/blif/des.wiremap_depth.blif; strash; map;"
RESULT g_mode=1 qor=3385.00 cuts_used=3288 cpu_time=72829.00 post_ml_time=17703.00
CUT_STATS g_mode=1 candidate_cuts=23487

RUN benchmark=des.wiremap_depth.blif g_mode=2 file=/home/ayush/abc/blif/des.wiremap_depth.blif
======== ABC command line "read_library /home/ayush/abc/genlib.genlib; read_blif /home/ayush/abc/blif/des.wiremap_depth.blif; strash; map;"
RESULT g_mode=2 qor=3385.00 cuts_used=3288 cpu_time=59326.00 post_ml_time=15195.00
CUT_STATS g_mode=2 candidate_cuts=18082

RUN benchmark=des.wiremap_depth.blif g_mode=3 file=/home/ayush/abc/blif/des.wiremap_depth.blif
======== ABC command line "read_library /home/ayush/abc/genlib.genlib; read_blif /home/ayush/abc/blif/des.wiremap_depth.blif; strash; map;"
RESULT g_mode=3 qor=3385.00 cuts_used=3288 cpu_time=66678.00 post_ml_time=16624.00
CUT_STATS g_mode=3 candidate_cuts=12671

RUN benchmark=diffeq.blif g_mode=0 file=/home/ayush/abc/blif/diffeq.blif
======== ABC command line "read_library /home/ayush/abc/genlib.genlib; read_blif /home/ayush/abc/blif/diffeq.blif; strash; map;"
RESULT g_mode=0 qor=3717.00 cuts_used=3435 cpu_time=32362.00 post_ml_time=13092.00
CUT_STATS g_mode=0 candidate_cuts=32375

RUN benchmark=diffeq.blif g_mode=1 file=/home/ayush/abc/blif/diffeq.blif
======== ABC command line "read_library /home/ayush/abc/genlib.genlib; read_blif /home/ayush/abc/blif/diffeq.blif; strash; map;"
RESULT g_mode=1 qor=3717.00 cuts_used=3435 cpu_time=44482.00 post_ml_time=13817.00
CUT_STATS g_mode=1 candidate_cuts=18891

RUN benchmark=diffeq.blif g_mode=2 file=/home/ayush/abc/blif/diffeq.blif
======== ABC command line "read_library /home/ayush/abc/genlib.genlib; read_blif /home/ayush/abc/blif/diffeq.blif; strash; map;"
RESULT g_mode=2 qor=3717.00 cuts_used=3435 cpu_time=34344.00 post_ml_time=10639.00
CUT_STATS g_mode=2 candidate_cuts=15561

RUN benchmark=diffeq.blif g_mode=3 file=/home/ayush/abc/blif/diffeq.blif
======== ABC command line "read_library /home/ayush/abc/genlib.genlib; read_blif /home/ayush/abc/blif/diffeq.blif; strash; map;"
RESULT g_mode=3 qor=3717.00 cuts_used=3435 cpu_time=43199.00 post_ml_time=13376.00
CUT_STATS g_mode=3 candidate_cuts=11491

RUN benchmark=diffeq.pre-vpr.blif g_mode=0 file=/home/ayush/abc/blif/diffeq.pre-vpr.blif
======== ABC command line "read_library /home/ayush/abc/genlib.genlib; read_blif /home/ayush/abc/blif/diffeq.pre-vpr.blif; strash; map;"
RESULT g_mode=0 qor=2874.00 cuts_used=2643 cpu_time=27615.00 post_ml_time=11009.00
CUT_STATS g_mode=0 candidate_cuts=25863

RUN benchmark=diffeq.pre-vpr.blif g_mode=1 file=/home/ayush/abc/blif/diffeq.pre-vpr.blif
======== ABC command line "read_library /home/ayush/abc/genlib.genlib; read_blif /home/ayush/abc/blif/diffeq.pre-vpr.blif; strash; map;"
RESULT g_mode=1 qor=2874.00 cuts_used=2643 cpu_time=35325.00 post_ml_time=10752.00
CUT_STATS g_mode=1 candidate_cuts=15085

RUN benchmark=diffeq.pre-vpr.blif g_mode=2 file=/home/ayush/abc/blif/diffeq.pre-vpr.blif
======== ABC command line "read_library /home/ayush/abc/genlib.genlib; read_blif /home/ayush/abc/blif/diffeq.pre-vpr.blif; strash; map;"
RESULT g_mode=2 qor=2874.00 cuts_used=2643 cpu_time=32735.00 post_ml_time=10120.00
CUT_STATS g_mode=2 candidate_cuts=12200

RUN benchmark=diffeq.pre-vpr.blif g_mode=3 file=/home/ayush/abc/blif/diffeq.pre-vpr.blif
======== ABC command line "read_library /home/ayush/abc/genlib.genlib; read_blif /home/ayush/abc/blif/diffeq.pre-vpr.blif; strash; map;"
RESULT g_mode=3 qor=2874.00 cuts_used=2643 cpu_time=24291.00 post_ml_time=6661.00
CUT_STATS g_mode=3 candidate_cuts=8910

RUN benchmark=diffeq.wiremap_area.blif g_mode=0 file=/home/ayush/abc/blif/diffeq.wiremap_area.blif
======== ABC command line "read_library /home/ayush/abc/genlib.genlib; read_blif /home/ayush/abc/blif/diffeq.wiremap_area.blif; strash; map;"
RESULT g_mode=0 qor=2840.00 cuts_used=2619 cpu_time=32723.00 post_ml_time=11930.00
CUT_STATS g_mode=0 candidate_cuts=25134

RUN benchmark=diffeq.wiremap_area.blif g_mode=1 file=/home/ayush/abc/blif/diffeq.wiremap_area.blif
======== ABC command line "read_library /home/ayush/abc/genlib.genlib; read_blif /home/ayush/abc/blif/diffeq.wiremap_area.blif; strash; map;"
RESULT g_mode=1 qor=2841.00 cuts_used=2619 cpu_time=28502.00 post_ml_time=8468.00
CUT_STATS g_mode=1 candidate_cuts=14471

RUN benchmark=diffeq.wiremap_area.blif g_mode=2 file=/home/ayush/abc/blif/diffeq.wiremap_area.blif
======== ABC command line "read_library /home/ayush/abc/genlib.genlib; read_blif /home/ayush/abc/blif/diffeq.wiremap_area.blif; strash; map;"
RESULT g_mode=2 qor=2841.00 cuts_used=2619 cpu_time=31928.00 post_ml_time=9236.00
CUT_STATS g_mode=2 candidate_cuts=11874

RUN benchmark=diffeq.wiremap_area.blif g_mode=3 file=/home/ayush/abc/blif/diffeq.wiremap_area.blif
======== ABC command line "read_library /home/ayush/abc/genlib.genlib; read_blif /home/ayush/abc/blif/diffeq.wiremap_area.blif; strash; map;"
RESULT g_mode=3 qor=2841.00 cuts_used=2619 cpu_time=33532.00 post_ml_time=8857.00
CUT_STATS g_mode=3 candidate_cuts=8727

RUN benchmark=diffeq.wiremap_depth.blif g_mode=0 file=/home/ayush/abc/blif/diffeq.wiremap_depth.blif
======== ABC command line "read_library /home/ayush/abc/genlib.genlib; read_blif /home/ayush/abc/blif/diffeq.wiremap_depth.blif; strash; map;"
RESULT g_mode=0 qor=2874.00 cuts_used=2643 cpu_time=25408.00 post_ml_time=10759.00
CUT_STATS g_mode=0 candidate_cuts=25863

RUN benchmark=diffeq.wiremap_depth.blif g_mode=1 file=/home/ayush/abc/blif/diffeq.wiremap_depth.blif
======== ABC command line "read_library /home/ayush/abc/genlib.genlib; read_blif /home/ayush/abc/blif/diffeq.wiremap_depth.blif; strash; map;"
RESULT g_mode=1 qor=2874.00 cuts_used=2643 cpu_time=33851.00 post_ml_time=9715.00
CUT_STATS g_mode=1 candidate_cuts=15085

RUN benchmark=diffeq.wiremap_depth.blif g_mode=2 file=/home/ayush/abc/blif/diffeq.wiremap_depth.blif
======== ABC command line "read_library /home/ayush/abc/genlib.genlib; read_blif /home/ayush/abc/blif/diffeq.wiremap_depth.blif; strash; map;"
RESULT g_mode=2 qor=2874.00 cuts_used=2643 cpu_time=25932.00 post_ml_time=7613.00
CUT_STATS g_mode=2 candidate_cuts=12200

RUN benchmark=diffeq.wiremap_depth.blif g_mode=3 file=/home/ayush/abc/blif/diffeq.wiremap_depth.blif
======== ABC command line "read_library /home/ayush/abc/genlib.genlib; read_blif /home/ayush/abc/blif/diffeq.wiremap_depth.blif; strash; map;"
RESULT g_mode=3 qor=2874.00 cuts_used=2643 cpu_time=32951.00 post_ml_time=9870.00
CUT_STATS g_mode=3 candidate_cuts=8910

RUN benchmark=dk14.blif g_mode=0 file=/home/ayush/abc/blif/dk14.blif
======== ABC command line "read_library /home/ayush/abc/genlib.genlib; read_blif /home/ayush/abc/blif/dk14.blif; strash; map;"
RESULT g_mode=0 qor=117.00 cuts_used=111 cpu_time=589.00 post_ml_time=258.00
CUT_STATS g_mode=0 candidate_cuts=625

RUN benchmark=dk14.blif g_mode=1 file=/home/ayush/abc/blif/dk14.blif
======== ABC command line "read_library /home/ayush/abc/genlib.genlib; read_blif /home/ayush/abc/blif/dk14.blif; strash; map;"
RESULT g_mode=1 qor=117.00 cuts_used=111 cpu_time=949.00 post_ml_time=354.00
CUT_STATS g_mode=1 candidate_cuts=491

RUN benchmark=dk14.blif g_mode=2 file=/home/ayush/abc/blif/dk14.blif
======== ABC command line "read_library /home/ayush/abc/genlib.genlib; read_blif /home/ayush/abc/blif/dk14.blif; strash; map;"
RESULT g_mode=2 qor=117.00 cuts_used=111 cpu_time=929.00 post_ml_time=363.00
CUT_STATS g_mode=2 candidate_cuts=426

RUN benchmark=dk14.blif g_mode=3 file=/home/ayush/abc/blif/dk14.blif
======== ABC command line "read_library /home/ayush/abc/genlib.genlib; read_blif /home/ayush/abc/blif/dk14.blif; strash; map;"
RESULT g_mode=3 qor=117.00 cuts_used=111 cpu_time=882.00 post_ml_time=349.00
CUT_STATS g_mode=3 candidate_cuts=332

RUN benchmark=dk15.blif g_mode=0 file=/home/ayush/abc/blif/dk15.blif
======== ABC command line "read_library /home/ayush/abc/genlib.genlib; read_blif /home/ayush/abc/blif/dk15.blif; strash; map;"
RESULT g_mode=0 qor=68.00 cuts_used=63 cpu_time=485.00 post_ml_time=197.00
CUT_STATS g_mode=0 candidate_cuts=327

RUN benchmark=dk15.blif g_mode=1 file=/home/ayush/abc/blif/dk15.blif
======== ABC command line "read_library /home/ayush/abc/genlib.genlib; read_blif /home/ayush/abc/blif/dk15.blif; strash; map;"
RESULT g_mode=1 qor=68.00 cuts_used=63 cpu_time=540.00 post_ml_time=199.00
CUT_STATS g_mode=1 candidate_cuts=245

RUN benchmark=dk15.blif g_mode=2 file=/home/ayush/abc/blif/dk15.blif
======== ABC command line "read_library /home/ayush/abc/genlib.genlib; read_blif /home/ayush/abc/blif/dk15.blif; strash; map;"
RESULT g_mode=2 qor=68.00 cuts_used=63 cpu_time=592.00 post_ml_time=218.00
CUT_STATS g_mode=2 candidate_cuts=214

RUN benchmark=dk15.blif g_mode=3 file=/home/ayush/abc/blif/dk15.blif
======== ABC command line "read_library /home/ayush/abc/genlib.genlib; read_blif /home/ayush/abc/blif/dk15.blif; strash; map;"
RESULT g_mode=3 qor=68.00 cuts_used=63 cpu_time=697.00 post_ml_time=253.00
CUT_STATS g_mode=3 candidate_cuts=170

RUN benchmark=dk16.blif g_mode=0 file=/home/ayush/abc/blif/dk16.blif
======== ABC command line "read_library /home/ayush/abc/genlib.genlib; read_blif /home/ayush/abc/blif/dk16.blif; strash; map;"
RESULT g_mode=0 qor=246.00 cuts_used=239 cpu_time=1776.00 post_ml_time=852.00
CUT_STATS g_mode=0 candidate_cuts=1461

RUN benchmark=dk16.blif g_mode=1 file=/home/ayush/abc/blif/dk16.blif
======== ABC command line "read_library /home/ayush/abc/genlib.genlib; read_blif /home/ayush/abc/blif/dk16.blif; strash; map;"
RESULT g_mode=1 qor=246.00 cuts_used=239 cpu_time=1876.00 post_ml_time=756.00
CUT_STATS g_mode=1 candidate_cuts=1123

RUN benchmark=dk16.blif g_mode=2 file=/home/ayush/abc/blif/dk16.blif
======== ABC command line "read_library /home/ayush/abc/genlib.genlib; read_blif /home/ayush/abc/blif/dk16.blif; strash; map;"
RESULT g_mode=2 qor=246.00 cuts_used=239 cpu_time=2091.00 post_ml_time=876.00
CUT_STATS g_mode=2 candidate_cuts=963

RUN benchmark=dk16.blif g_mode=3 file=/home/ayush/abc/blif/dk16.blif
======== ABC command line "read_library /home/ayush/abc/genlib.genlib; read_blif /home/ayush/abc/blif/dk16.blif; strash; map;"
RESULT g_mode=3 qor=246.00 cuts_used=239 cpu_time=1945.00 post_ml_time=816.00
CUT_STATS g_mode=3 candidate_cuts=749

RUN benchmark=dk17.blif g_mode=0 file=/home/ayush/abc/blif/dk17.blif
======== ABC command line "read_library /home/ayush/abc/genlib.genlib; read_blif /home/ayush/abc/blif/dk17.blif; strash; map;"
RESULT g_mode=0 qor=48.00 cuts_used=44 cpu_time=345.00 post_ml_time=137.00
CUT_STATS g_mode=0 candidate_cuts=213

RUN benchmark=dk17.blif g_mode=1 file=/home/ayush/abc/blif/dk17.blif
======== ABC command line "read_library /home/ayush/abc/genlib.genlib; read_blif /home/ayush/abc/blif/dk17.blif; strash; map;"
RESULT g_mode=1 qor=48.00 cuts_used=44 cpu_time=469.00 post_ml_time=172.00
CUT_STATS g_mode=1 candidate_cuts=166

RUN benchmark=dk17.blif g_mode=2 file=/home/ayush/abc/blif/dk17.blif
======== ABC command line "read_library /home/ayush/abc/genlib.genlib; read_blif /home/ayush/abc/blif/dk17.blif; strash; map;"
RESULT g_mode=2 qor=48.00 cuts_used=44 cpu_time=400.00 post_ml_time=146.00
CUT_STATS g_mode=2 candidate_cuts=153

RUN benchmark=dk17.blif g_mode=3 file=/home/ayush/abc/blif/dk17.blif
======== ABC command line "read_library /home/ayush/abc/genlib.genlib; read_blif /home/ayush/abc/blif/dk17.blif; strash; map;"
RESULT g_mode=3 qor=48.00 cuts_used=44 cpu_time=416.00 post_ml_time=147.00
CUT_STATS g_mode=3 candidate_cuts=127

RUN benchmark=dk27.blif g_mode=0 file=/home/ayush/abc/blif/dk27.blif
======== ABC command line "read_library /home/ayush/abc/genlib.genlib; read_blif /home/ayush/abc/blif/dk27.blif; strash; map;"
RESULT g_mode=0 qor=19.00 cuts_used=18 cpu_time=189.00 post_ml_time=64.00
CUT_STATS g_mode=0 candidate_cuts=59

RUN benchmark=dk27.blif g_mode=1 file=/home/ayush/abc/blif/dk27.blif
======== ABC command line "read_library /home/ayush/abc/genlib.genlib; read_blif /home/ayush/abc/blif/dk27.blif; strash; map;"
RESULT g_mode=1 qor=19.00 cuts_used=18 cpu_time=238.00 post_ml_time=64.00
CUT_STATS g_mode=1 candidate_cuts=56

RUN benchmark=dk27.blif g_mode=2 file=/home/ayush/abc/blif/dk27.blif
======== ABC command line "read_library /home/ayush/abc/genlib.genlib; read_blif /home/ayush/abc/blif/dk27.blif; strash; map;"
RESULT g_mode=2 qor=19.00 cuts_used=18 cpu_time=233.00 post_ml_time=67.00
CUT_STATS g_mode=2 candidate_cuts=52

RUN benchmark=dk27.blif g_mode=3 file=/home/ayush/abc/blif/dk27.blif
======== ABC command line "read_library /home/ayush/abc/genlib.genlib; read_blif /home/ayush/abc/blif/dk27.blif; strash; map;"
RESULT g_mode=3 qor=19.00 cuts_used=18 cpu_time=247.00 post_ml_time=75.00
CUT_STATS g_mode=3 candidate_cuts=44

RUN benchmark=dk512.blif g_mode=0 file=/home/ayush/abc/blif/dk512.blif
======== ABC command line "read_library /home/ayush/abc/genlib.genlib; read_blif /home/ayush/abc/blif/dk512.blif; strash; map;"
RESULT g_mode=0 qor=51.00 cuts_used=47 cpu_time=521.00 post_ml_time=223.00
CUT_STATS g_mode=0 candidate_cuts=205

RUN benchmark=dk512.blif g_mode=1 file=/home/ayush/abc/blif/dk512.blif
======== ABC command line "read_library /home/ayush/abc/genlib.genlib; read_blif /home/ayush/abc/blif/dk512.blif; strash; map;"
RESULT g_mode=1 qor=51.00 cuts_used=47 cpu_time=418.00 post_ml_time=159.00
CUT_STATS g_mode=1 candidate_cuts=160

RUN benchmark=dk512.blif g_mode=2 file=/home/ayush/abc/blif/dk512.blif
======== ABC command line "read_library /home/ayush/abc/genlib.genlib; read_blif /home/ayush/abc/blif/dk512.blif; strash; map;"
RESULT g_mode=2 qor=51.00 cuts_used=47 cpu_time=414.00 post_ml_time=153.00
CUT_STATS g_mode=2 candidate_cuts=147

RUN benchmark=dk512.blif g_mode=3 file=/home/ayush/abc/blif/dk512.blif
======== ABC command line "read_library /home/ayush/abc/genlib.genlib; read_blif /home/ayush/abc/blif/dk512.blif; strash; map;"
RESULT g_mode=3 qor=51.00 cuts_used=47 cpu_time=422.00 post_ml_time=156.00
CUT_STATS g_mode=3 candidate_cuts=120

RUN benchmark=dsip.blif g_mode=0 file=/home/ayush/abc/blif/dsip.blif
======== ABC command line "read_library /home/ayush/abc/genlib.genlib; read_blif /home/ayush/abc/blif/dsip.blif; strash; map;"
RESULT g_mode=0 qor=5875.00 cuts_used=5676 cpu_time=42742.00 post_ml_time=23642.00
CUT_STATS g_mode=0 candidate_cuts=49081

RUN benchmark=dsip.blif g_mode=1 file=/home/ayush/abc/blif/dsip.blif
======== ABC command line "read_library /home/ayush/abc/genlib.genlib; read_blif /home/ayush/abc/blif/dsip.blif; strash; map;"
RESULT g_mode=1 qor=5875.00 cuts_used=5676 cpu_time=55498.00 post_ml_time=28371.00
CUT_STATS g_mode=1 candidate_cuts=31260

RUN benchmark=dsip.blif g_mode=2 file=/home/ayush/abc/blif/dsip.blif
======== ABC command line "read_library /home/ayush/abc/genlib.genlib; read_blif /home/ayush/abc/blif/dsip.blif; strash; map;"
RESULT g_mode=2 qor=5875.00 cuts_used=5676 cpu_time=60371.00 post_ml_time=27821.00
CUT_STATS g_mode=2 candidate_cuts=25834

RUN benchmark=dsip.blif g_mode=3 file=/home/ayush/abc/blif/dsip.blif
======== ABC command line "read_library /home/ayush/abc/genlib.genlib; read_blif /home/ayush/abc/blif/dsip.blif; strash; map;"
RESULT g_mode=3 qor=5875.00 cuts_used=5676 cpu_time=43586.00 post_ml_time=20058.00
CUT_STATS g_mode=3 candidate_cuts=19494

RUN benchmark=dsip.pre-vpr.blif g_mode=0 file=/home/ayush/abc/blif/dsip.pre-vpr.blif
======== ABC command line "read_library /home/ayush/abc/genlib.genlib; read_blif /home/ayush/abc/blif/dsip.pre-vpr.blif; strash; map;"
RESULT g_mode=0 qor=3189.00 cuts_used=2991 cpu_time=17047.00 post_ml_time=8595.00
CUT_STATS g_mode=0 candidate_cuts=26639

RUN benchmark=dsip.pre-vpr.blif g_mode=1 file=/home/ayush/abc/blif/dsip.pre-vpr.blif
======== ABC command line "read_library /home/ayush/abc/genlib.genlib; read_blif /home/ayush/abc/blif/dsip.pre-vpr.blif; strash; map;"
RESULT g_mode=1 qor=3189.00 cuts_used=2991 cpu_time=23280.00 post_ml_time=9495.00
CUT_STATS g_mode=1 candidate_cuts=17147

RUN benchmark=dsip.pre-vpr.blif g_mode=2 file=/home/ayush/abc/blif/dsip.pre-vpr.blif
======== ABC command line "read_library /home/ayush/abc/genlib.genlib; read_blif /home/ayush/abc/blif/dsip.pre-vpr.blif; strash; map;"
RESULT g_mode=2 qor=3189.00 cuts_used=2991 cpu_time=23338.00 post_ml_time=9097.00
CUT_STATS g_mode=2 candidate_cuts=13961

RUN benchmark=dsip.pre-vpr.blif g_mode=3 file=/home/ayush/abc/blif/dsip.pre-vpr.blif
======== ABC command line "read_library /home/ayush/abc/genlib.genlib; read_blif /home/ayush/abc/blif/dsip.pre-vpr.blif; strash; map;"
RESULT g_mode=3 qor=3189.00 cuts_used=2991 cpu_time=22889.00 post_ml_time=8842.00
CUT_STATS g_mode=3 candidate_cuts=10531

RUN benchmark=dsip.wiremap_area.blif g_mode=0 file=/home/ayush/abc/blif/dsip.wiremap_area.blif
======== ABC command line "read_library /home/ayush/abc/genlib.genlib; read_blif /home/ayush/abc/blif/dsip.wiremap_area.blif; strash; map;"
RESULT g_mode=0 qor=3189.00 cuts_used=2991 cpu_time=16762.00 post_ml_time=8969.00
CUT_STATS g_mode=0 candidate_cuts=25601

RUN benchmark=dsip.wiremap_area.blif g_mode=1 file=/home/ayush/abc/blif/dsip.wiremap_area.blif
======== ABC command line "read_library /home/ayush/abc/genlib.genlib; read_blif /home/ayush/abc/blif/dsip.wiremap_area.blif; strash; map;"
RESULT g_mode=1 qor=3189.00 cuts_used=2991 cpu_time=27930.00 post_ml_time=11926.00
CUT_STATS g_mode=1 candidate_cuts=17147

RUN benchmark=dsip.wiremap_area.blif g_mode=2 file=/home/ayush/abc/blif/dsip.wiremap_area.blif
======== ABC command line "read_library /home/ayush/abc/genlib.genlib; read_blif /home/ayush/abc/blif/dsip.wiremap_area.blif; strash; map;"
RESULT g_mode=2 qor=3189.00 cuts_used=2991 cpu_time=28467.00 post_ml_time=11694.00
CUT_STATS g_mode=2 candidate_cuts=13961

RUN benchmark=dsip.wiremap_area.blif g_mode=3 file=/home/ayush/abc/blif/dsip.wiremap_area.blif
======== ABC command line "read_library /home/ayush/abc/genlib.genlib; read_blif /home/ayush/abc/blif/dsip.wiremap_area.blif; strash; map;"
RESULT g_mode=3 qor=3189.00 cuts_used=2991 cpu_time=26831.00 post_ml_time=11226.00
CUT_STATS g_mode=3 candidate_cuts=10531

RUN benchmark=dsip.wiremap_depth.blif g_mode=0 file=/home/ayush/abc/blif/dsip.wiremap_depth.blif
======== ABC command line "read_library /home/ayush/abc/genlib.genlib; read_blif /home/ayush/abc/blif/dsip.wiremap_depth.blif; strash; map;"
RESULT g_mode=0 qor=3189.00 cuts_used=2991 cpu_time=21708.00 post_ml_time=11022.00
CUT_STATS g_mode=0 candidate_cuts=26639

RUN benchmark=dsip.wiremap_depth.blif g_mode=1 file=/home/ayush/abc/blif/dsip.wiremap_depth.blif
======== ABC command line "read_library /home/ayush/abc/genlib.genlib; read_blif /home/ayush/abc/blif/dsip.wiremap_depth.blif; strash; map;"
RESULT g_mode=1 qor=3189.00 cuts_used=2991 cpu_time=28689.00 post_ml_time=11874.00
CUT_STATS g_mode=1 candidate_cuts=17147

RUN benchmark=dsip.wiremap_depth.blif g_mode=2 file=/home/ayush/abc/blif/dsip.wiremap_depth.blif
======== ABC command line "read_library /home/ayush/abc/genlib.genlib; read_blif /home/ayush/abc/blif/dsip.wiremap_depth.blif; strash; map;"
RESULT g_mode=2 qor=3189.00 cuts_used=2991 cpu_time=28571.00 post_ml_time=11426.00
CUT_STATS g_mode=2 candidate_cuts=13961

RUN benchmark=dsip.wiremap_depth.blif g_mode=3 file=/home/ayush/abc/blif/dsip.wiremap_depth.blif
======== ABC command line "read_library /home/ayush/abc/genlib.genlib; read_blif /home/ayush/abc/blif/dsip.wiremap_depth.blif; strash; map;"
RESULT g_mode=3 qor=3189.00 cuts_used=2991 cpu_time=20935.00 post_ml_time=7693.00
CUT_STATS g_mode=3 candidate_cuts=10531

RUN benchmark=duke2.blif g_mode=0 file=/home/ayush/abc/blif/duke2.blif
======== ABC command line "read_library /home/ayush/abc/genlib.genlib; read_blif /home/ayush/abc/blif/duke2.blif; strash; map;"
RESULT g_mode=0 qor=694.00 cuts_used=675 cpu_time=6539.00 post_ml_time=3632.00
CUT_STATS g_mode=0 candidate_cuts=4783

RUN benchmark=duke2.blif g_mode=1 file=/home/ayush/abc/blif/duke2.blif
======== ABC command line "read_library /home/ayush/abc/genlib.genlib; read_blif /home/ayush/abc/blif/duke2.blif; strash; map;"
RESULT g_mode=1 qor=694.00 cuts_used=675 cpu_time=5408.00 post_ml_time=2201.00
CUT_STATS g_mode=1 candidate_cuts=3213

RUN benchmark=duke2.blif g_mode=2 file=/home/ayush/abc/blif/duke2.blif
======== ABC command line "read_library /home/ayush/abc/genlib.genlib; read_blif /home/ayush/abc/blif/duke2.blif; strash; map;"
RESULT g_mode=2 qor=694.00 cuts_used=675 cpu_time=6353.00 post_ml_time=2569.00
CUT_STATS g_mode=2 candidate_cuts=2773

RUN benchmark=duke2.blif g_mode=3 file=/home/ayush/abc/blif/duke2.blif
======== ABC command line "read_library /home/ayush/abc/genlib.genlib; read_blif /home/ayush/abc/blif/duke2.blif; strash; map;"
RESULT g_mode=3 qor=694.00 cuts_used=675 cpu_time=6821.00 post_ml_time=2740.00
CUT_STATS g_mode=3 candidate_cuts=2267

RUN benchmark=e64.blif g_mode=0 file=/home/ayush/abc/blif/e64.blif
======== ABC command line "read_library /home/ayush/abc/genlib.genlib; read_blif /home/ayush/abc/blif/e64.blif; strash; map;"
RESULT g_mode=0 qor=783.00 cuts_used=730 cpu_time=3839.00 post_ml_time=1982.00
CUT_STATS g_mode=0 candidate_cuts=5002

RUN benchmark=e64.blif g_mode=1 file=/home/ayush/abc/blif/e64.blif
======== ABC command line "read_library /home/ayush/abc/genlib.genlib; read_blif /home/ayush/abc/blif/e64.blif; strash; map;"
RESULT g_mode=1 qor=783.00 cuts_used=730 cpu_time=4147.00 post_ml_time=1775.00
CUT_STATS g_mode=1 candidate_cuts=3436

RUN benchmark=e64.blif g_mode=2 file=/home/ayush/abc/blif/e64.blif
======== ABC command line "read_library /home/ayush/abc/genlib.genlib; read_blif /home/ayush/abc/blif/e64.blif; strash; map;"
RESULT g_mode=2 qor=783.00 cuts_used=730 cpu_time=4970.00 post_ml_time=2177.00
CUT_STATS g_mode=2 candidate_cuts=2910

RUN benchmark=e64.blif g_mode=3 file=/home/ayush/abc/blif/e64.blif
======== ABC command line "read_library /home/ayush/abc/genlib.genlib; read_blif /home/ayush/abc/blif/e64.blif; strash; map;"
RESULT g_mode=3 qor=783.00 cuts_used=730 cpu_time=5422.00 post_ml_time=2279.00
CUT_STATS g_mode=3 candidate_cuts=2380

RUN benchmark=ecc.blif g_mode=0 file=/home/ayush/abc/blif/ecc.blif
======== ABC command line "read_library /home/ayush/abc/genlib.genlib; read_blif /home/ayush/abc/blif/ecc.blif; strash; map;"
RESULT g_mode=0 qor=823.00 cuts_used=744 cpu_time=6352.00 post_ml_time=3076.00
CUT_STATS g_mode=0 candidate_cuts=4712

RUN benchmark=ecc.blif g_mode=1 file=/home/ayush/abc/blif/ecc.blif
======== ABC command line "read_library /home/ayush/abc/genlib.genlib; read_blif /home/ayush/abc/blif/ecc.blif; strash; map;"
RESULT g_mode=1 qor=823.00 cuts_used=744 cpu_time=6499.00 post_ml_time=2668.00
CUT_STATS g_mode=1 candidate_cuts=3345

RUN benchmark=ecc.blif g_mode=2 file=/home/ayush/abc/blif/ecc.blif
======== ABC command line "read_library /home/ayush/abc/genlib.genlib; read_blif /home/ayush/abc/blif/ecc.blif; strash; map;"
RESULT g_mode=2 qor=823.00 cuts_used=744 cpu_time=6512.00 post_ml_time=2684.00
CUT_STATS g_mode=2 candidate_cuts=2834

RUN benchmark=ecc.blif g_mode=3 file=/home/ayush/abc/blif/ecc.blif
======== ABC command line "read_library /home/ayush/abc/genlib.genlib; read_blif /home/ayush/abc/blif/ecc.blif; strash; map;"
RESULT g_mode=3 qor=823.00 cuts_used=744 cpu_time=4683.00 post_ml_time=1898.00
CUT_STATS g_mode=3 candidate_cuts=2232

RUN benchmark=elliptic.blif g_mode=0 file=/home/ayush/abc/blif/elliptic.blif
======== ABC command line "read_library /home/ayush/abc/genlib.genlib; read_blif /home/ayush/abc/blif/elliptic.blif; strash; map;"
RESULT g_mode=0 qor=8192.00 cuts_used=7820 cpu_time=77629.00 post_ml_time=36079.00
CUT_STATS g_mode=0 candidate_cuts=63581

RUN benchmark=elliptic.blif g_mode=1 file=/home/ayush/abc/blif/elliptic.blif
======== ABC command line "read_library /home/ayush/abc/genlib.genlib; read_blif /home/ayush/abc/blif/elliptic.blif; strash; map;"
RESULT g_mode=1 qor=8192.00 cuts_used=7820 cpu_time=87684.00 post_ml_time=34545.00
CUT_STATS g_mode=1 candidate_cuts=41598

RUN benchmark=elliptic.blif g_mode=2 file=/home/ayush/abc/blif/elliptic.blif
======== ABC command line "read_library /home/ayush/abc/genlib.genlib; read_blif /home/ayush/abc/blif/elliptic.blif; strash; map;"
RESULT g_mode=2 qor=8192.00 cuts_used=7820 cpu_time=81408.00 post_ml_time=31451.00
CUT_STATS g_mode=2 candidate_cuts=34334

RUN benchmark=elliptic.blif g_mode=3 file=/home/ayush/abc/blif/elliptic.blif
======== ABC command line "read_library /home/ayush/abc/genlib.genlib; read_blif /home/ayush/abc/blif/elliptic.blif; strash; map;"
RESULT g_mode=3 qor=8192.00 cuts_used=7820 cpu_time=84942.00 post_ml_time=32143.00
CUT_STATS g_mode=3 candidate_cuts=25408

RUN benchmark=elliptic.pre-vpr.blif g_mode=0 file=/home/ayush/abc/blif/elliptic.pre-vpr.blif
======== ABC command line "read_library /home/ayush/abc/genlib.genlib; read_blif /home/ayush/abc/blif/elliptic.pre-vpr.blif; strash; map;"
RESULT g_mode=0 qor=6841.00 cuts_used=6468 cpu_time=58092.00 post_ml_time=25683.00
CUT_STATS g_mode=0 candidate_cuts=60507

RUN benchmark=elliptic.pre-vpr.blif g_mode=1 file=/home/ayush/abc/blif/elliptic.pre-vpr.blif
======== ABC command line "read_library /home/ayush/abc/genlib.genlib; read_blif /home/ayush/abc/blif/elliptic.pre-vpr.blif; strash; map;"
RESULT g_mode=1 qor=6841.00 cuts_used=6468 cpu_time=76534.00 post_ml_time=26761.00
CUT_STATS g_mode=1 candidate_cuts=36402

RUN benchmark=elliptic.pre-vpr.blif g_mode=2 file=/home/ayush/abc/blif/elliptic.pre-vpr.blif
======== ABC command line "read_library /home/ayush/abc/genlib.genlib; read_blif /home/ayush/abc/blif/elliptic.pre-vpr.blif; strash; map;"
RESULT g_mode=2 qor=6841.00 cuts_used=6468 cpu_time=77236.00 post_ml_time=27224.00
CUT_STATS g_mode=2 candidate_cuts=29118

RUN benchmark=elliptic.pre-vpr.blif g_mode=3 file=/home/ayush/abc/blif/elliptic.pre-vpr.blif
======== ABC command line "read_library /home/ayush/abc/genlib.genlib; read_blif /home/ayush/abc/blif/elliptic.pre-vpr.blif; strash; map;"
RESULT g_mode=3 qor=6841.00 cuts_used=6468 cpu_time=74226.00 post_ml_time=25081.00
CUT_STATS g_mode=3 candidate_cuts=21345

RUN benchmark=elliptic.wiremap_area.blif g_mode=0 file=/home/ayush/abc/blif/elliptic.wiremap_area.blif
======== ABC command line "read_library /home/ayush/abc/genlib.genlib; read_blif /home/ayush/abc/blif/elliptic.wiremap_area.blif; strash; map;"
RESULT g_mode=0 qor=6709.00 cuts_used=6423 cpu_time=62389.00 post_ml_time=27986.00
CUT_STATS g_mode=0 candidate_cuts=60777

RUN benchmark=elliptic.wiremap_area.blif g_mode=1 file=/home/ayush/abc/blif/elliptic.wiremap_area.blif
======== ABC command line "read_library /home/ayush/abc/genlib.genlib; read_blif /home/ayush/abc/blif/elliptic.wiremap_area.blif; strash; map;"
RESULT g_mode=1 qor=6709.00 cuts_used=6423 cpu_time=72639.00 post_ml_time=27441.00
CUT_STATS g_mode=1 candidate_cuts=36081

RUN benchmark=elliptic.wiremap_area.blif g_mode=2 file=/home/ayush/abc/blif/elliptic.wiremap_area.blif
======== ABC command line "read_library /home/ayush/abc/genlib.genlib; read_blif /home/ayush/abc/blif/elliptic.wiremap_area.blif; strash; map;"
RESULT g_mode=2 qor=6709.00 cuts_used=6423 cpu_time=79695.00 post_ml_time=27668.00
CUT_STATS g_mode=2 candidate_cuts=28982

RUN benchmark=elliptic.wiremap_area.blif g_mode=3 file=/home/ayush/abc/blif/elliptic.wiremap_area.blif
======== ABC command line "read_library /home/ayush/abc/genlib.genlib; read_blif /home/ayush/abc/blif/elliptic.wiremap_area.blif; strash; map;"
RESULT g_mode=3 qor=6709.00 cuts_used=6423 cpu_time=61635.00 post_ml_time=21752.00
CUT_STATS g_mode=3 candidate_cuts=21282

RUN benchmark=elliptic.wiremap_depth.blif g_mode=0 file=/home/ayush/abc/blif/elliptic.wiremap_depth.blif
======== ABC command line "read_library /home/ayush/abc/genlib.genlib; read_blif /home/ayush/abc/blif/elliptic.wiremap_depth.blif; strash; map;"
RESULT g_mode=0 qor=6841.00 cuts_used=6468 cpu_time=59133.00 post_ml_time=26240.00
CUT_STATS g_mode=0 candidate_cuts=60507

RUN benchmark=elliptic.wiremap_depth.blif g_mode=1 file=/home/ayush/abc/blif/elliptic.wiremap_depth.blif
======== ABC command line "read_library /home/ayush/abc/genlib.genlib; read_blif /home/ayush/abc/blif/elliptic.wiremap_depth.blif; strash; map;"
RESULT g_mode=1 qor=6841.00 cuts_used=6468 cpu_time=60727.00 post_ml_time=22704.00
CUT_STATS g_mode=1 candidate_cuts=36402

RUN benchmark=elliptic.wiremap_depth.blif g_mode=2 file=/home/ayush/abc/blif/elliptic.wiremap_depth.blif
======== ABC command line "read_library /home/ayush/abc/genlib.genlib; read_blif /home/ayush/abc/blif/elliptic.wiremap_depth.blif; strash; map;"
RESULT g_mode=2 qor=6841.00 cuts_used=6468 cpu_time=64544.00 post_ml_time=23352.00
CUT_STATS g_mode=2 candidate_cuts=29118

RUN benchmark=elliptic.wiremap_depth.blif g_mode=3 file=/home/ayush/abc/blif/elliptic.wiremap_depth.blif
======== ABC command line "read_library /home/ayush/abc/genlib.genlib; read_blif /home/ayush/abc/blif/elliptic.wiremap_depth.blif; strash; map;"
RESULT g_mode=3 qor=6841.00 cuts_used=6468 cpu_time=65303.00 post_ml_time=22341.00
CUT_STATS g_mode=3 candidate_cuts=21345

RUN benchmark=equivalent.blif g_mode=0 file=/home/ayush/abc/blif/equivalent.blif
======== ABC command line "read_library /home/ayush/abc/genlib.genlib; read_blif /home/ayush/abc/blif/equivalent.blif; strash; map;"
Line 7: Cannot find the model for subcircuit IO_0.
Reading network from file has failed.

RUN benchmark=equivalent.blif g_mode=1 file=/home/ayush/abc/blif/equivalent.blif
======== ABC command line "read_library /home/ayush/abc/genlib.genlib; read_blif /home/ayush/abc/blif/equivalent.blif; strash; map;"
Line 7: Cannot find the model for subcircuit IO_0.
Reading network from file has failed.

RUN benchmark=equivalent.blif g_mode=2 file=/home/ayush/abc/blif/equivalent.blif
======== ABC command line "read_library /home/ayush/abc/genlib.genlib; read_blif /home/ayush/abc/blif/equivalent.blif; strash; map;"
Line 7: Cannot find the model for subcircuit IO_0.
Reading network from file has failed.

RUN benchmark=equivalent.blif g_mode=3 file=/home/ayush/abc/blif/equivalent.blif
======== ABC command line "read_library /home/ayush/abc/genlib.genlib; read_blif /home/ayush/abc/blif/equivalent.blif; strash; map;"
Line 7: Cannot find the model for subcircuit IO_0.
Reading network from file has failed.

RUN benchmark=ex1010.blif g_mode=0 file=/home/ayush/abc/blif/ex1010.blif
======== ABC command line "read_library /home/ayush/abc/genlib.genlib; read_blif /home/ayush/abc/blif/ex1010.blif; strash; map;"
RESULT g_mode=0 qor=10211.00 cuts_used=10189 cpu_time=167580.00 post_ml_time=89290.00
CUT_STATS g_mode=0 candidate_cuts=110512

RUN benchmark=ex1010.blif g_mode=1 file=/home/ayush/abc/blif/ex1010.blif
======== ABC command line "read_library /home/ayush/abc/genlib.genlib; read_blif /home/ayush/abc/blif/ex1010.blif; strash; map;"
RESULT g_mode=1 qor=10211.00 cuts_used=10189 cpu_time=203685.00 post_ml_time=92280.00
CUT_STATS g_mode=1 candidate_cuts=67789

RUN benchmark=ex1010.blif g_mode=2 file=/home/ayush/abc/blif/ex1010.blif
======== ABC command line "read_library /home/ayush/abc/genlib.genlib; read_blif /home/ayush/abc/blif/ex1010.blif; strash; map;"
RESULT g_mode=2 qor=10211.00 cuts_used=10189 cpu_time=153304.00 post_ml_time=68252.00
CUT_STATS g_mode=2 candidate_cuts=54764

RUN benchmark=ex1010.blif g_mode=3 file=/home/ayush/abc/blif/ex1010.blif
======== ABC command line "read_library /home/ayush/abc/genlib.genlib; read_blif /home/ayush/abc/blif/ex1010.blif; strash; map;"
RESULT g_mode=3 qor=10211.00 cuts_used=10189 cpu_time=151193.00 post_ml_time=66810.00
CUT_STATS g_mode=3 candidate_cuts=39241

RUN benchmark=ex1010.pre-vpr.blif g_mode=0 file=/home/ayush/abc/blif/ex1010.pre-vpr.blif
======== ABC command line "read_library /home/ayush/abc/genlib.genlib; read_blif /home/ayush/abc/blif/ex1010.pre-vpr.blif; strash; map;"
RESULT g_mode=0 qor=9985.00 cuts_used=9921 cpu_time=155741.00 post_ml_time=76322.00
CUT_STATS g_mode=0 candidate_cuts=135626

RUN benchmark=ex1010.pre-vpr.blif g_mode=1 file=/home/ayush/abc/blif/ex1010.pre-vpr.blif
======== ABC command line "read_library /home/ayush/abc/genlib.genlib; read_blif /home/ayush/abc/blif/ex1010.pre-vpr.blif; strash; map;"
RESULT g_mode=1 qor=9985.00 cuts_used=9921 cpu_time=180103.00 post_ml_time=71046.00
CUT_STATS g_mode=1 candidate_cuts=70877

RUN benchmark=ex1010.pre-vpr.blif g_mode=2 file=/home/ayush/abc/blif/ex1010.pre-vpr.blif
======== ABC command line "read_library /home/ayush/abc/genlib.genlib; read_blif /home/ayush/abc/blif/ex1010.pre-vpr.blif; strash; map;"
RESULT g_mode=2 qor=9985.00 cuts_used=9921 cpu_time=175243.00 post_ml_time=70242.00
CUT_STATS g_mode=2 candidate_cuts=55504

RUN benchmark=ex1010.pre-vpr.blif g_mode=3 file=/home/ayush/abc/blif/ex1010.pre-vpr.blif
======== ABC command line "read_library /home/ayush/abc/genlib.genlib; read_blif /home/ayush/abc/blif/ex1010.pre-vpr.blif; strash; map;"
RESULT g_mode=3 qor=9985.00 cuts_used=9921 cpu_time=172085.00 post_ml_time=67970.00
CUT_STATS g_mode=3 candidate_cuts=38954

RUN benchmark=ex1010.wiremap_area.blif g_mode=0 file=/home/ayush/abc/blif/ex1010.wiremap_area.blif
======== ABC command line "read_library /home/ayush/abc/genlib.genlib; read_blif /home/ayush/abc/blif/ex1010.wiremap_area.blif; strash; map;"
RESULT g_mode=0 qor=9379.00 cuts_used=9321 cpu_time=214442.00 post_ml_time=96804.00
CUT_STATS g_mode=0 candidate_cuts=147297

RUN benchmark=ex1010.wiremap_area.blif g_mode=1 file=/home/ayush/abc/blif/ex1010.wiremap_area.blif
======== ABC command line "read_library /home/ayush/abc/genlib.genlib; read_blif /home/ayush/abc/blif/ex1010.wiremap_area.blif; strash; map;"
RESULT g_mode=1 qor=9379.00 cuts_used=9321 cpu_time=232264.00 post_ml_time=87964.00
CUT_STATS g_mode=1 candidate_cuts=69921

RUN benchmark=ex1010.wiremap_area.blif g_mode=2 file=/home/ayush/abc/blif/ex1010.wiremap_area.blif
======== ABC command line "read_library /home/ayush/abc/genlib.genlib; read_blif /home/ayush/abc/blif/ex1010.wiremap_area.blif; strash; map;"
RESULT g_mode=2 qor=9379.00 cuts_used=9321 cpu_time=229317.00 post_ml_time=82553.00
CUT_STATS g_mode=2 candidate_cuts=53924

RUN benchmark=ex1010.wiremap_area.blif g_mode=3 file=/home/ayush/abc/blif/ex1010.wiremap_area.blif
======== ABC command line "read_library /home/ayush/abc/genlib.genlib; read_blif /home/ayush/abc/blif/ex1010.wiremap_area.blif; strash; map;"
RESULT g_mode=3 qor=9379.00 cuts_used=9321 cpu_time=238722.00 post_ml_time=87524.00
CUT_STATS g_mode=3 candidate_cuts=36678

RUN benchmark=ex1010.wiremap_depth.blif g_mode=0 file=/home/ayush/abc/blif/ex1010.wiremap_depth.blif
======== ABC command line "read_library /home/ayush/abc/genlib.genlib; read_blif /home/ayush/abc/blif/ex1010.wiremap_depth.blif; strash; map;"
RESULT g_mode=0 qor=9985.00 cuts_used=9921 cpu_time=157701.00 post_ml_time=76681.00
CUT_STATS g_mode=0 candidate_cuts=135626

RUN benchmark=ex1010.wiremap_depth.blif g_mode=1 file=/home/ayush/abc/blif/ex1010.wiremap_depth.blif
======== ABC command line "read_library /home/ayush/abc/genlib.genlib; read_blif /home/ayush/abc/blif/ex1010.wiremap_depth.blif; strash; map;"
RESULT g_mode=1 qor=9985.00 cuts_used=9921 cpu_time=196425.00 post_ml_time=79282.00
CUT_STATS g_mode=1 candidate_cuts=70877

RUN benchmark=ex1010.wiremap_depth.blif g_mode=2 file=/home/ayush/abc/blif/ex1010.wiremap_depth.blif
======== ABC command line "read_library /home/ayush/abc/genlib.genlib; read_blif /home/ayush/abc/blif/ex1010.wiremap_depth.blif; strash; map;"
RESULT g_mode=2 qor=9985.00 cuts_used=9921 cpu_time=180439.00 post_ml_time=71864.00
CUT_STATS g_mode=2 candidate_cuts=55504

RUN benchmark=ex1010.wiremap_depth.blif g_mode=3 file=/home/ayush/abc/blif/ex1010.wiremap_depth.blif
======== ABC command line "read_library /home/ayush/abc/genlib.genlib; read_blif /home/ayush/abc/blif/ex1010.wiremap_depth.blif; strash; map;"
RESULT g_mode=3 qor=9985.00 cuts_used=9921 cpu_time=182025.00 post_ml_time=72450.00
CUT_STATS g_mode=3 candidate_cuts=38954

RUN benchmark=ex1.blif g_mode=0 file=/home/ayush/abc/blif/ex1.blif
======== ABC command line "read_library /home/ayush/abc/genlib.genlib; read_blif /home/ayush/abc/blif/ex1.blif; strash; map;"
RESULT g_mode=0 qor=318.00 cuts_used=309 cpu_time=2354.00 post_ml_time=1125.00
CUT_STATS g_mode=0 candidate_cuts=1793

RUN benchmark=ex1.blif g_mode=1 file=/home/ayush/abc/blif/ex1.blif
======== ABC command line "read_library /home/ayush/abc/genlib.genlib; read_blif /home/ayush/abc/blif/ex1.blif; strash; map;"
RESULT g_mode=1 qor=318.00 cuts_used=309 cpu_time=2406.00 post_ml_time=1047.00
CUT_STATS g_mode=1 candidate_cuts=1417

RUN benchmark=ex1.blif g_mode=2 file=/home/ayush/abc/blif/ex1.blif
======== ABC command line "read_library /home/ayush/abc/genlib.genlib; read_blif /home/ayush/abc/blif/ex1.blif; strash; map;"
RESULT g_mode=2 qor=318.00 cuts_used=309 cpu_time=2206.00 post_ml_time=957.00
CUT_STATS g_mode=2 candidate_cuts=1231

RUN benchmark=ex1.blif g_mode=3 file=/home/ayush/abc/blif/ex1.blif
======== ABC command line "read_library /home/ayush/abc/genlib.genlib; read_blif /home/ayush/abc/blif/ex1.blif; strash; map;"
RESULT g_mode=3 qor=318.00 cuts_used=309 cpu_time=2165.00 post_ml_time=927.00
CUT_STATS g_mode=3 candidate_cuts=970

RUN benchmark=ex4.blif g_mode=0 file=/home/ayush/abc/blif/ex4.blif
======== ABC command line "read_library /home/ayush/abc/genlib.genlib; read_blif /home/ayush/abc/blif/ex4.blif; strash; map;"
RESULT g_mode=0 qor=88.00 cuts_used=82 cpu_time=671.00 post_ml_time=296.00
CUT_STATS g_mode=0 candidate_cuts=406

RUN benchmark=ex4.blif g_mode=1 file=/home/ayush/abc/blif/ex4.blif
======== ABC command line "read_library /home/ayush/abc/genlib.genlib; read_blif /home/ayush/abc/blif/ex4.blif; strash; map;"
RESULT g_mode=1 qor=88.00 cuts_used=82 cpu_time=710.00 post_ml_time=280.00
CUT_STATS g_mode=1 candidate_cuts=315

RUN benchmark=ex4.blif g_mode=2 file=/home/ayush/abc/blif/ex4.blif
======== ABC command line "read_library /home/ayush/abc/genlib.genlib; read_blif /home/ayush/abc/blif/ex4.blif; strash; map;"
RESULT g_mode=2 qor=88.00 cuts_used=82 cpu_time=812.00 post_ml_time=316.00
CUT_STATS g_mode=2 candidate_cuts=283

RUN benchmark=ex4.blif g_mode=3 file=/home/ayush/abc/blif/ex4.blif
======== ABC command line "read_library /home/ayush/abc/genlib.genlib; read_blif /home/ayush/abc/blif/ex4.blif; strash; map;"
RESULT g_mode=3 qor=88.00 cuts_used=82 cpu_time=648.00 post_ml_time=263.00
CUT_STATS g_mode=3 candidate_cuts=231

RUN benchmark=ex4p.blif g_mode=0 file=/home/ayush/abc/blif/ex4p.blif
======== ABC command line "read_library /home/ayush/abc/genlib.genlib; read_blif /home/ayush/abc/blif/ex4p.blif; strash; map;"
RESULT g_mode=0 qor=957.00 cuts_used=908 cpu_time=6077.00 post_ml_time=3404.00
CUT_STATS g_mode=0 candidate_cuts=5147

RUN benchmark=ex4p.blif g_mode=1 file=/home/ayush/abc/blif/ex4p.blif
======== ABC command line "read_library /home/ayush/abc/genlib.genlib; read_blif /home/ayush/abc/blif/ex4p.blif; strash; map;"
RESULT g_mode=1 qor=957.00 cuts_used=908 cpu_time=7617.00 post_ml_time=3838.00
CUT_STATS g_mode=1 candidate_cuts=3795

RUN benchmark=ex4p.blif g_mode=2 file=/home/ayush/abc/blif/ex4p.blif
======== ABC command line "read_library /home/ayush/abc/genlib.genlib; read_blif /home/ayush/abc/blif/ex4p.blif; strash; map;"
RESULT g_mode=2 qor=957.00 cuts_used=908 cpu_time=8554.00 post_ml_time=4181.00
CUT_STATS g_mode=2 candidate_cuts=3398

RUN benchmark=ex4p.blif g_mode=3 file=/home/ayush/abc/blif/ex4p.blif
======== ABC command line "read_library /home/ayush/abc/genlib.genlib; read_blif /home/ayush/abc/blif/ex4p.blif; strash; map;"
RESULT g_mode=3 qor=957.00 cuts_used=908 cpu_time=8027.00 post_ml_time=3995.00
CUT_STATS g_mode=3 candidate_cuts=2889

RUN benchmark=ex5p.blif g_mode=0 file=/home/ayush/abc/blif/ex5p.blif
======== ABC command line "read_library /home/ayush/abc/genlib.genlib; read_blif /home/ayush/abc/blif/ex5p.blif; strash; map;"
RESULT g_mode=0 qor=1583.00 cuts_used=1572 cpu_time=13857.00 post_ml_time=6619.00
CUT_STATS g_mode=0 candidate_cuts=13067

RUN benchmark=ex5p.blif g_mode=1 file=/home/ayush/abc/blif/ex5p.blif
======== ABC command line "read_library /home/ayush/abc/genlib.genlib; read_blif /home/ayush/abc/blif/ex5p.blif; strash; map;"
RESULT g_mode=1 qor=1583.00 cuts_used=1572 cpu_time=19484.00 post_ml_time=7370.00
CUT_STATS g_mode=1 candidate_cuts=8573

RUN benchmark=ex5p.blif g_mode=2 file=/home/ayush/abc/blif/ex5p.blif
======== ABC command line "read_library /home/ayush/abc/genlib.genlib; read_blif /home/ayush/abc/blif/ex5p.blif; strash; map;"
RESULT g_mode=2 qor=1583.00 cuts_used=1572 cpu_time=19280.00 post_ml_time=6713.00
CUT_STATS g_mode=2 candidate_cuts=7232

RUN benchmark=ex5p.blif g_mode=3 file=/home/ayush/abc/blif/ex5p.blif
======== ABC command line "read_library /home/ayush/abc/genlib.genlib; read_blif /home/ayush/abc/blif/ex5p.blif; strash; map;"
RESULT g_mode=3 qor=1583.00 cuts_used=1572 cpu_time=14390.00 post_ml_time=5128.00
CUT_STATS g_mode=3 candidate_cuts=5532

RUN benchmark=ex5p.pre-vpr.blif g_mode=0 file=/home/ayush/abc/blif/ex5p.pre-vpr.blif
======== ABC command line "read_library /home/ayush/abc/genlib.genlib; read_blif /home/ayush/abc/blif/ex5p.pre-vpr.blif; strash; map;"
RESULT g_mode=0 qor=2303.00 cuts_used=2272 cpu_time=34355.00 post_ml_time=13188.00
CUT_STATS g_mode=0 candidate_cuts=28588

RUN benchmark=ex5p.pre-vpr.blif g_mode=1 file=/home/ayush/abc/blif/ex5p.pre-vpr.blif
======== ABC command line "read_library /home/ayush/abc/genlib.genlib; read_blif /home/ayush/abc/blif/ex5p.pre-vpr.blif; strash; map;"
RESULT g_mode=1 qor=2303.00 cuts_used=2272 cpu_time=34723.00 post_ml_time=9693.00
CUT_STATS g_mode=1 candidate_cuts=15044

RUN benchmark=ex5p.pre-vpr.blif g_mode=2 file=/home/ayush/abc/blif/ex5p.pre-vpr.blif
======== ABC command line "read_library /home/ayush/abc/genlib.genlib; read_blif /home/ayush/abc/blif/ex5p.pre-vpr.blif; strash; map;"
RESULT g_mode=2 qor=2303.00 cuts_used=2272 cpu_time=33683.00 post_ml_time=9438.00
CUT_STATS g_mode=2 candidate_cuts=11969

RUN benchmark=ex5p.pre-vpr.blif g_mode=3 file=/home/ayush/abc/blif/ex5p.pre-vpr.blif
======== ABC command line "read_library /home/ayush/abc/genlib.genlib; read_blif /home/ayush/abc/blif/ex5p.pre-vpr.blif; strash; map;"
RESULT g_mode=3 qor=2303.00 cuts_used=2272 cpu_time=34456.00 post_ml_time=9453.00
CUT_STATS g_mode=3 candidate_cuts=8592

RUN benchmark=ex5p.wiremap_area.blif g_mode=0 file=/home/ayush/abc/blif/ex5p.wiremap_area.blif
======== ABC command line "read_library /home/ayush/abc/genlib.genlib; read_blif /home/ayush/abc/blif/ex5p.wiremap_area.blif; strash; map;"
RESULT g_mode=0 qor=2223.00 cuts_used=2194 cpu_time=39461.00 post_ml_time=15003.00
CUT_STATS g_mode=0 candidate_cuts=28372

RUN benchmark=ex5p.wiremap_area.blif g_mode=1 file=/home/ayush/abc/blif/ex5p.wiremap_area.blif
======== ABC command line "read_library /home/ayush/abc/genlib.genlib; read_blif /home/ayush/abc/blif/ex5p.wiremap_area.blif; strash; map;"
RESULT g_mode=1 qor=2223.00 cuts_used=2194 cpu_time=38213.00 post_ml_time=11168.00
CUT_STATS g_mode=1 candidate_cuts=15019

RUN benchmark=ex5p.wiremap_area.blif g_mode=2 file=/home/ayush/abc/blif/ex5p.wiremap_area.blif
======== ABC command line "read_library /home/ayush/abc/genlib.genlib; read_blif /home/ayush/abc/blif/ex5p.wiremap_area.blif; strash; map;"
RESULT g_mode=2 qor=2223.00 cuts_used=2194 cpu_time=31406.00 post_ml_time=8758.00
CUT_STATS g_mode=2 candidate_cuts=11869

RUN benchmark=ex5p.wiremap_area.blif g_mode=3 file=/home/ayush/abc/blif/ex5p.wiremap_area.blif
======== ABC command line "read_library /home/ayush/abc/genlib.genlib; read_blif /home/ayush/abc/blif/ex5p.wiremap_area.blif; strash; map;"
RESULT g_mode=3 qor=2223.00 cuts_used=2194 cpu_time=37635.00 post_ml_time=10225.00
CUT_STATS g_mode=3 candidate_cuts=8299

RUN benchmark=ex5p.wiremap_depth.blif g_mode=0 file=/home/ayush/abc/blif/ex5p.wiremap_depth.blif
======== ABC command line "read_library /home/ayush/abc/genlib.genlib; read_blif /home/ayush/abc/blif/ex5p.wiremap_depth.blif; strash; map;"
RESULT g_mode=0 qor=2303.00 cuts_used=2272 cpu_time=36567.00 post_ml_time=13714.00
CUT_STATS g_mode=0 candidate_cuts=28588

RUN benchmark=ex5p.wiremap_depth.blif g_mode=1 file=/home/ayush/abc/blif/ex5p.wiremap_depth.blif
======== ABC command line "read_library /home/ayush/abc/genlib.genlib; read_blif /home/ayush/abc/blif/ex5p.wiremap_depth.blif; strash; map;"
RESULT g_mode=1 qor=2303.00 cuts_used=2272 cpu_time=34744.00 post_ml_time=10049.00
CUT_STATS g_mode=1 candidate_cuts=15044

RUN benchmark=ex5p.wiremap_depth.blif g_mode=2 file=/home/ayush/abc/blif/ex5p.wiremap_depth.blif
======== ABC command line "read_library /home/ayush/abc/genlib.genlib; read_blif /home/ayush/abc/blif/ex5p.wiremap_depth.blif; strash; map;"
RESULT g_mode=2 qor=2303.00 cuts_used=2272 cpu_time=30799.00 post_ml_time=8561.00
CUT_STATS g_mode=2 candidate_cuts=11969

RUN benchmark=ex5p.wiremap_depth.blif g_mode=3 file=/home/ayush/abc/blif/ex5p.wiremap_depth.blif
======== ABC command line "read_library /home/ayush/abc/genlib.genlib; read_blif /home/ayush/abc/blif/ex5p.wiremap_depth.blif; strash; map;"
RESULT g_mode=3 qor=2303.00 cuts_used=2272 cpu_time=31697.00 post_ml_time=8817.00
CUT_STATS g_mode=3 candidate_cuts=8592

RUN benchmark=ex6.blif g_mode=0 file=/home/ayush/abc/blif/ex6.blif
======== ABC command line "read_library /home/ayush/abc/genlib.genlib; read_blif /home/ayush/abc/blif/ex6.blif; strash; map;"
RESULT g_mode=0 qor=205.00 cuts_used=197 cpu_time=1462.00 post_ml_time=684.00
CUT_STATS g_mode=0 candidate_cuts=1150

RUN benchmark=ex6.blif g_mode=1 file=/home/ayush/abc/blif/ex6.blif
======== ABC command line "read_library /home/ayush/abc/genlib.genlib; read_blif /home/ayush/abc/blif/ex6.blif; strash; map;"
RESULT g_mode=1 qor=205.00 cuts_used=197 cpu_time=2777.00 post_ml_time=1210.00
CUT_STATS g_mode=1 candidate_cuts=906

RUN benchmark=ex6.blif g_mode=2 file=/home/ayush/abc/blif/ex6.blif
======== ABC command line "read_library /home/ayush/abc/genlib.genlib; read_blif /home/ayush/abc/blif/ex6.blif; strash; map;"
RESULT g_mode=2 qor=205.00 cuts_used=197 cpu_time=2309.00 post_ml_time=973.00
CUT_STATS g_mode=2 candidate_cuts=771

RUN benchmark=ex6.blif g_mode=3 file=/home/ayush/abc/blif/ex6.blif
======== ABC command line "read_library /home/ayush/abc/genlib.genlib; read_blif /home/ayush/abc/blif/ex6.blif; strash; map;"
RESULT g_mode=3 qor=205.00 cuts_used=197 cpu_time=2081.00 post_ml_time=875.00
CUT_STATS g_mode=3 candidate_cuts=596

RUN benchmark=example2.blif g_mode=0 file=/home/ayush/abc/blif/example2.blif
======== ABC command line "read_library /home/ayush/abc/genlib.genlib; read_blif /home/ayush/abc/blif/example2.blif; strash; map;"
RESULT g_mode=0 qor=372.00 cuts_used=356 cpu_time=2034.00 post_ml_time=1062.00
CUT_STATS g_mode=0 candidate_cuts=1866

RUN benchmark=example2.blif g_mode=1 file=/home/ayush/abc/blif/example2.blif
======== ABC command line "read_library /home/ayush/abc/genlib.genlib; read_blif /home/ayush/abc/blif/example2.blif; strash; map;"
RESULT g_mode=1 qor=372.00 cuts_used=356 cpu_time=2334.00 post_ml_time=1092.00
CUT_STATS g_mode=1 candidate_cuts=1488

RUN benchmark=example2.blif g_mode=2 file=/home/ayush/abc/blif/example2.blif
======== ABC command line "read_library /home/ayush/abc/genlib.genlib; read_blif /home/ayush/abc/blif/example2.blif; strash; map;"
RESULT g_mode=2 qor=372.00 cuts_used=356 cpu_time=2355.00 post_ml_time=1086.00
CUT_STATS g_mode=2 candidate_cuts=1327

RUN benchmark=example2.blif g_mode=3 file=/home/ayush/abc/blif/example2.blif
======== ABC command line "read_library /home/ayush/abc/genlib.genlib; read_blif /home/ayush/abc/blif/example2.blif; strash; map;"
RESULT g_mode=3 qor=372.00 cuts_used=356 cpu_time=3224.00 post_ml_time=1448.00
CUT_STATS g_mode=3 candidate_cuts=1097

RUN benchmark=f51m.blif g_mode=0 file=/home/ayush/abc/blif/f51m.blif
======== ABC command line "read_library /home/ayush/abc/genlib.genlib; read_blif /home/ayush/abc/blif/f51m.blif; strash; map;"
RESULT g_mode=0 qor=148.00 cuts_used=141 cpu_time=1745.00 post_ml_time=848.00
CUT_STATS g_mode=0 candidate_cuts=866

RUN benchmark=f51m.blif g_mode=1 file=/home/ayush/abc/blif/f51m.blif
======== ABC command line "read_library /home/ayush/abc/genlib.genlib; read_blif /home/ayush/abc/blif/f51m.blif; strash; map;"
RESULT g_mode=1 qor=148.00 cuts_used=141 cpu_time=1333.00 post_ml_time=549.00
CUT_STATS g_mode=1 candidate_cuts=645

RUN benchmark=f51m.blif g_mode=2 file=/home/ayush/abc/blif/f51m.blif
======== ABC command line "read_library /home/ayush/abc/genlib.genlib; read_blif /home/ayush/abc/blif/f51m.blif; strash; map;"
RESULT g_mode=2 qor=148.00 cuts_used=141 cpu_time=1873.00 post_ml_time=796.00
CUT_STATS g_mode=2 candidate_cuts=545

RUN benchmark=f51m.blif g_mode=3 file=/home/ayush/abc/blif/f51m.blif
======== ABC command line "read_library /home/ayush/abc/genlib.genlib; read_blif /home/ayush/abc/blif/f51m.blif; strash; map;"
RESULT g_mode=3 qor=148.00 cuts_used=141 cpu_time=1290.00 post_ml_time=524.00
CUT_STATS g_mode=3 candidate_cuts=417

RUN benchmark=false_path_mux.blif g_mode=0 file=/home/ayush/abc/blif/false_path_mux.blif
======== ABC command line "read_library /home/ayush/abc/genlib.genlib; read_blif /home/ayush/abc/blif/false_path_mux.blif; strash; map;"
RESULT g_mode=0 qor=11.00 cuts_used=10 cpu_time=283.00 post_ml_time=83.00
CUT_STATS g_mode=0 candidate_cuts=75

RUN benchmark=false_path_mux.blif g_mode=1 file=/home/ayush/abc/blif/false_path_mux.blif
======== ABC command line "read_library /home/ayush/abc/genlib.genlib; read_blif /home/ayush/abc/blif/false_path_mux.blif; strash; map;"
RESULT g_mode=1 qor=11.00 cuts_used=10 cpu_time=319.00 post_ml_time=72.00
CUT_STATS g_mode=1 candidate_cuts=54

RUN benchmark=false_path_mux.blif g_mode=2 file=/home/ayush/abc/blif/false_path_mux.blif
======== ABC command line "read_library /home/ayush/abc/genlib.genlib; read_blif /home/ayush/abc/blif/false_path_mux.blif; strash; map;"
RESULT g_mode=2 qor=11.00 cuts_used=10 cpu_time=319.00 post_ml_time=73.00
CUT_STATS g_mode=2 candidate_cuts=45

RUN benchmark=false_path_mux.blif g_mode=3 file=/home/ayush/abc/blif/false_path_mux.blif
======== ABC command line "read_library /home/ayush/abc/genlib.genlib; read_blif /home/ayush/abc/blif/false_path_mux.blif; strash; map;"
RESULT g_mode=3 qor=11.00 cuts_used=10 cpu_time=300.00 post_ml_time=66.00
CUT_STATS g_mode=3 candidate_cuts=34

RUN benchmark=frg1.blif g_mode=0 file=/home/ayush/abc/blif/frg1.blif
======== ABC command line "read_library /home/ayush/abc/genlib.genlib; read_blif /home/ayush/abc/blif/frg1.blif; strash; map;"
RESULT g_mode=0 qor=129.00 cuts_used=111 cpu_time=1723.00 post_ml_time=1031.00
CUT_STATS g_mode=0 candidate_cuts=599

RUN benchmark=frg1.blif g_mode=1 file=/home/ayush/abc/blif/frg1.blif
======== ABC command line "read_library /home/ayush/abc/genlib.genlib; read_blif /home/ayush/abc/blif/frg1.blif; strash; map;"
RESULT g_mode=1 qor=129.00 cuts_used=111 cpu_time=2220.00 post_ml_time=1119.00
CUT_STATS g_mode=1 candidate_cuts=484

RUN benchmark=frg1.blif g_mode=2 file=/home/ayush/abc/blif/frg1.blif
======== ABC command line "read_library /home/ayush/abc/genlib.genlib; read_blif /home/ayush/abc/blif/frg1.blif; strash; map;"
RESULT g_mode=2 qor=129.00 cuts_used=111 cpu_time=1511.00 post_ml_time=790.00
CUT_STATS g_mode=2 candidate_cuts=413

RUN benchmark=frg1.blif g_mode=3 file=/home/ayush/abc/blif/frg1.blif
======== ABC command line "read_library /home/ayush/abc/genlib.genlib; read_blif /home/ayush/abc/blif/frg1.blif; strash; map;"
RESULT g_mode=3 qor=129.00 cuts_used=111 cpu_time=1316.00 post_ml_time=673.00
CUT_STATS g_mode=3 candidate_cuts=319

RUN benchmark=frg2.blif g_mode=0 file=/home/ayush/abc/blif/frg2.blif
======== ABC command line "read_library /home/ayush/abc/genlib.genlib; read_blif /home/ayush/abc/blif/frg2.blif; strash; map;"
RESULT g_mode=0 qor=904.00 cuts_used=850 cpu_time=9383.00 post_ml_time=3792.00
CUT_STATS g_mode=0 candidate_cuts=7391

RUN benchmark=frg2.blif g_mode=1 file=/home/ayush/abc/blif/frg2.blif
======== ABC command line "read_library /home/ayush/abc/genlib.genlib; read_blif /home/ayush/abc/blif/frg2.blif; strash; map;"
RESULT g_mode=1 qor=904.00 cuts_used=850 cpu_time=8358.00 post_ml_time=2834.00
CUT_STATS g_mode=1 candidate_cuts=4961

RUN benchmark=frg2.blif g_mode=2 file=/home/ayush/abc/blif/frg2.blif
======== ABC command line "read_library /home/ayush/abc/genlib.genlib; read_blif /home/ayush/abc/blif/frg2.blif; strash; map;"
RESULT g_mode=2 qor=904.00 cuts_used=850 cpu_time=8084.00 post_ml_time=2737.00
CUT_STATS g_mode=2 candidate_cuts=4084

RUN benchmark=frg2.blif g_mode=3 file=/home/ayush/abc/blif/frg2.blif
======== ABC command line "read_library /home/ayush/abc/genlib.genlib; read_blif /home/ayush/abc/blif/frg2.blif; strash; map;"
RESULT g_mode=3 qor=904.00 cuts_used=850 cpu_time=9613.00 post_ml_time=2991.00
CUT_STATS g_mode=3 candidate_cuts=2983

RUN benchmark=frisc.blif g_mode=0 file=/home/ayush/abc/blif/frisc.blif
======== ABC command line "read_library /home/ayush/abc/genlib.genlib; read_blif /home/ayush/abc/blif/frisc.blif; strash; map;"
RESULT g_mode=0 qor=9195.00 cuts_used=8737 cpu_time=121482.00 post_ml_time=48655.00
CUT_STATS g_mode=0 candidate_cuts=101515

RUN benchmark=frisc.blif g_mode=1 file=/home/ayush/abc/blif/frisc.blif
======== ABC command line "read_library /home/ayush/abc/genlib.genlib; read_blif /home/ayush/abc/blif/frisc.blif; strash; map;"
RESULT g_mode=1 qor=9195.00 cuts_used=8737 cpu_time=115394.00 post_ml_time=38763.00
CUT_STATS g_mode=1 candidate_cuts=59447

RUN benchmark=frisc.blif g_mode=2 file=/home/ayush/abc/blif/frisc.blif
======== ABC command line "read_library /home/ayush/abc/genlib.genlib; read_blif /home/ayush/abc/blif/frisc.blif; strash; map;"
RESULT g_mode=2 qor=9195.00 cuts_used=8737 cpu_time=121112.00 post_ml_time=39659.00
CUT_STATS g_mode=2 candidate_cuts=46961

RUN benchmark=frisc.blif g_mode=3 file=/home/ayush/abc/blif/frisc.blif
======== ABC command line "read_library /home/ayush/abc/genlib.genlib; read_blif /home/ayush/abc/blif/frisc.blif; strash; map;"
RESULT g_mode=3 qor=9195.00 cuts_used=8737 cpu_time=124077.00 post_ml_time=39963.00
CUT_STATS g_mode=3 candidate_cuts=33049

RUN benchmark=frisc.pre-vpr.blif g_mode=0 file=/home/ayush/abc/blif/frisc.pre-vpr.blif
======== ABC command line "read_library /home/ayush/abc/genlib.genlib; read_blif /home/ayush/abc/blif/frisc.pre-vpr.blif; strash; map;"
RESULT g_mode=0 qor=7483.00 cuts_used=7053 cpu_time=97959.00 post_ml_time=38272.00
CUT_STATS g_mode=0 candidate_cuts=86787

RUN benchmark=frisc.pre-vpr.blif g_mode=1 file=/home/ayush/abc/blif/frisc.pre-vpr.blif
======== ABC command line "read_library /home/ayush/abc/genlib.genlib; read_blif /home/ayush/abc/blif/frisc.pre-vpr.blif; strash; map;"
RESULT g_mode=1 qor=7483.00 cuts_used=7053 cpu_time=113712.00 post_ml_time=36312.00
CUT_STATS g_mode=1 candidate_cuts=49985

RUN benchmark=frisc.pre-vpr.blif g_mode=2 file=/home/ayush/abc/blif/frisc.pre-vpr.blif
======== ABC command line "read_library /home/ayush/abc/genlib.genlib; read_blif /home/ayush/abc/blif/frisc.pre-vpr.blif; strash; map;"
RESULT g_mode=2 qor=7483.00 cuts_used=7053 cpu_time=97178.00 post_ml_time=31066.00
CUT_STATS g_mode=2 candidate_cuts=38757

RUN benchmark=frisc.pre-vpr.blif g_mode=3 file=/home/ayush/abc/blif/frisc.pre-vpr.blif
======== ABC command line "read_library /home/ayush/abc/genlib.genlib; read_blif /home/ayush/abc/blif/frisc.pre-vpr.blif; strash; map;"
RESULT g_mode=3 qor=7483.00 cuts_used=7053 cpu_time=121424.00 post_ml_time=37415.00
CUT_STATS g_mode=3 candidate_cuts=26744

RUN benchmark=frisc.wiremap_area.blif g_mode=0 file=/home/ayush/abc/blif/frisc.wiremap_area.blif
======== ABC command line "read_library /home/ayush/abc/genlib.genlib; read_blif /home/ayush/abc/blif/frisc.wiremap_area.blif; strash; map;"
RESULT g_mode=0 qor=7389.00 cuts_used=7021 cpu_time=103102.00 post_ml_time=41737.00
CUT_STATS g_mode=0 candidate_cuts=84754

RUN benchmark=frisc.wiremap_area.blif g_mode=1 file=/home/ayush/abc/blif/frisc.wiremap_area.blif
======== ABC command line "read_library /home/ayush/abc/genlib.genlib; read_blif /home/ayush/abc/blif/frisc.wiremap_area.blif; strash; map;"
RESULT g_mode=1 qor=7389.00 cuts_used=7021 cpu_time=119221.00 post_ml_time=37329.00
CUT_STATS g_mode=1 candidate_cuts=49520

RUN benchmark=frisc.wiremap_area.blif g_mode=2 file=/home/ayush/abc/blif/frisc.wiremap_area.blif
======== ABC command line "read_library /home/ayush/abc/genlib.genlib; read_blif /home/ayush/abc/blif/frisc.wiremap_area.blif; strash; map;"
RESULT g_mode=2 qor=7389.00 cuts_used=7021 cpu_time=98886.00 post_ml_time=31836.00
CUT_STATS g_mode=2 candidate_cuts=38531

RUN benchmark=frisc.wiremap_area.blif g_mode=3 file=/home/ayush/abc/blif/frisc.wiremap_area.blif
======== ABC command line "read_library /home/ayush/abc/genlib.genlib; read_blif /home/ayush/abc/blif/frisc.wiremap_area.blif; strash; map;"
RESULT g_mode=3 qor=7389.00 cuts_used=7021 cpu_time=120291.00 post_ml_time=38372.00
CUT_STATS g_mode=3 candidate_cuts=26637

RUN benchmark=frisc.wiremap_depth.blif g_mode=0 file=/home/ayush/abc/blif/frisc.wiremap_depth.blif
======== ABC command line "read_library /home/ayush/abc/genlib.genlib; read_blif /home/ayush/abc/blif/frisc.wiremap_depth.blif; strash; map;"
RESULT g_mode=0 qor=7483.00 cuts_used=7053 cpu_time=83736.00 post_ml_time=33631.00
CUT_STATS g_mode=0 candidate_cuts=86787

RUN benchmark=frisc.wiremap_depth.blif g_mode=1 file=/home/ayush/abc/blif/frisc.wiremap_depth.blif
======== ABC command line "read_library /home/ayush/abc/genlib.genlib; read_blif /home/ayush/abc/blif/frisc.wiremap_depth.blif; strash; map;"
RESULT g_mode=1 qor=7483.00 cuts_used=7053 cpu_time=102685.00 post_ml_time=33801.00
CUT_STATS g_mode=1 candidate_cuts=49985

RUN benchmark=frisc.wiremap_depth.blif g_mode=2 file=/home/ayush/abc/blif/frisc.wiremap_depth.blif
======== ABC command line "read_library /home/ayush/abc/genlib.genlib; read_blif /home/ayush/abc/blif/frisc.wiremap_depth.blif; strash; map;"
RESULT g_mode=2 qor=7483.00 cuts_used=7053 cpu_time=124460.00 post_ml_time=37675.00
CUT_STATS g_mode=2 candidate_cuts=38757

RUN benchmark=frisc.wiremap_depth.blif g_mode=3 file=/home/ayush/abc/blif/frisc.wiremap_depth.blif
======== ABC command line "read_library /home/ayush/abc/genlib.genlib; read_blif /home/ayush/abc/blif/frisc.wiremap_depth.blif; strash; map;"
RESULT g_mode=3 qor=7483.00 cuts_used=7053 cpu_time=127233.00 post_ml_time=39179.00
CUT_STATS g_mode=3 candidate_cuts=26744

RUN benchmark=gcd.blif g_mode=0 file=/home/ayush/abc/blif/gcd.blif
======== ABC command line "read_library /home/ayush/abc/genlib.genlib; read_blif /home/ayush/abc/blif/gcd.blif; strash; map;"
RESULT g_mode=0 qor=891.00 cuts_used=815 cpu_time=8074.00 post_ml_time=2942.00
CUT_STATS g_mode=0 candidate_cuts=7785

RUN benchmark=gcd.blif g_mode=1 file=/home/ayush/abc/blif/gcd.blif
======== ABC command line "read_library /home/ayush/abc/genlib.genlib; read_blif /home/ayush/abc/blif/gcd.blif; strash; map;"
RESULT g_mode=1 qor=891.00 cuts_used=815 cpu_time=9646.00 post_ml_time=3101.00
CUT_STATS g_mode=1 candidate_cuts=4969

RUN benchmark=gcd.blif g_mode=2 file=/home/ayush/abc/blif/gcd.blif
======== ABC command line "read_library /home/ayush/abc/genlib.genlib; read_blif /home/ayush/abc/blif/gcd.blif; strash; map;"
RESULT g_mode=2 qor=891.00 cuts_used=815 cpu_time=12967.00 post_ml_time=4045.00
CUT_STATS g_mode=2 candidate_cuts=4056

RUN benchmark=gcd.blif g_mode=3 file=/home/ayush/abc/blif/gcd.blif
======== ABC command line "read_library /home/ayush/abc/genlib.genlib; read_blif /home/ayush/abc/blif/gcd.blif; strash; map;"
RESULT g_mode=3 qor=891.00 cuts_used=815 cpu_time=9413.00 post_ml_time=2883.00
CUT_STATS g_mode=3 candidate_cuts=2988

RUN benchmark=i10.blif g_mode=0 file=/home/ayush/abc/blif/i10.blif
======== ABC command line "read_library /home/ayush/abc/genlib.genlib; read_blif /home/ayush/abc/blif/i10.blif; strash; map;"
RESULT g_mode=0 qor=4566.00 cuts_used=4266 cpu_time=46953.00 post_ml_time=19385.00
CUT_STATS g_mode=0 candidate_cuts=44534

RUN benchmark=i10.blif g_mode=1 file=/home/ayush/abc/blif/i10.blif
======== ABC command line "read_library /home/ayush/abc/genlib.genlib; read_blif /home/ayush/abc/blif/i10.blif; strash; map;"
RESULT g_mode=1 qor=4566.00 cuts_used=4266 cpu_time=58588.00 post_ml_time=19905.00
CUT_STATS g_mode=1 candidate_cuts=25473

RUN benchmark=i10.blif g_mode=2 file=/home/ayush/abc/blif/i10.blif
======== ABC command line "read_library /home/ayush/abc/genlib.genlib; read_blif /home/ayush/abc/blif/i10.blif; strash; map;"
RESULT g_mode=2 qor=4566.00 cuts_used=4266 cpu_time=75586.00 post_ml_time=31566.00
CUT_STATS g_mode=2 candidate_cuts=20854

RUN benchmark=i10.blif g_mode=3 file=/home/ayush/abc/blif/i10.blif
======== ABC command line "read_library /home/ayush/abc/genlib.genlib; read_blif /home/ayush/abc/blif/i10.blif; strash; map;"
RESULT g_mode=3 qor=4551.00 cuts_used=4265 cpu_time=83895.00 post_ml_time=27483.00
CUT_STATS g_mode=3 candidate_cuts=15422

RUN benchmark=i1.blif g_mode=0 file=/home/ayush/abc/blif/i1.blif
======== ABC command line "read_library /home/ayush/abc/genlib.genlib; read_blif /home/ayush/abc/blif/i1.blif; strash; map;"
RESULT g_mode=0 qor=45.00 cuts_used=38 cpu_time=638.00 post_ml_time=276.00
CUT_STATS g_mode=0 candidate_cuts=128

RUN benchmark=i1.blif g_mode=1 file=/home/ayush/abc/blif/i1.blif
======== ABC command line "read_library /home/ayush/abc/genlib.genlib; read_blif /home/ayush/abc/blif/i1.blif; strash; map;"
RESULT g_mode=1 qor=45.00 cuts_used=38 cpu_time=783.00 post_ml_time=331.00
CUT_STATS g_mode=1 candidate_cuts=118

RUN benchmark=i1.blif g_mode=2 file=/home/ayush/abc/blif/i1.blif
======== ABC command line "read_library /home/ayush/abc/genlib.genlib; read_blif /home/ayush/abc/blif/i1.blif; strash; map;"
RESULT g_mode=2 qor=45.00 cuts_used=38 cpu_time=445.00 post_ml_time=179.00
CUT_STATS g_mode=2 candidate_cuts=110

RUN benchmark=i1.blif g_mode=3 file=/home/ayush/abc/blif/i1.blif
======== ABC command line "read_library /home/ayush/abc/genlib.genlib; read_blif /home/ayush/abc/blif/i1.blif; strash; map;"
RESULT g_mode=3 qor=45.00 cuts_used=38 cpu_time=353.00 post_ml_time=133.00
CUT_STATS g_mode=3 candidate_cuts=102

RUN benchmark=i2.blif g_mode=0 file=/home/ayush/abc/blif/i2.blif
======== ABC command line "read_library /home/ayush/abc/genlib.genlib; read_blif /home/ayush/abc/blif/i2.blif; strash; map;"
RESULT g_mode=0 qor=216.00 cuts_used=215 cpu_time=1906.00 post_ml_time=1087.00
CUT_STATS g_mode=0 candidate_cuts=1285

RUN benchmark=i2.blif g_mode=1 file=/home/ayush/abc/blif/i2.blif
======== ABC command line "read_library /home/ayush/abc/genlib.genlib; read_blif /home/ayush/abc/blif/i2.blif; strash; map;"
RESULT g_mode=1 qor=216.00 cuts_used=215 cpu_time=2212.00 post_ml_time=1128.00
CUT_STATS g_mode=1 candidate_cuts=805

RUN benchmark=i2.blif g_mode=2 file=/home/ayush/abc/blif/i2.blif
======== ABC command line "read_library /home/ayush/abc/genlib.genlib; read_blif /home/ayush/abc/blif/i2.blif; strash; map;"
RESULT g_mode=2 qor=216.00 cuts_used=215 cpu_time=2307.00 post_ml_time=1255.00
CUT_STATS g_mode=2 candidate_cuts=689

RUN benchmark=i2.blif g_mode=3 file=/home/ayush/abc/blif/i2.blif
======== ABC command line "read_library /home/ayush/abc/genlib.genlib; read_blif /home/ayush/abc/blif/i2.blif; strash; map;"
RESULT g_mode=3 qor=216.00 cuts_used=215 cpu_time=2427.00 post_ml_time=1322.00
CUT_STATS g_mode=3 candidate_cuts=564

RUN benchmark=i3.blif g_mode=0 file=/home/ayush/abc/blif/i3.blif
======== ABC command line "read_library /home/ayush/abc/genlib.genlib; read_blif /home/ayush/abc/blif/i3.blif; strash; map;"
RESULT g_mode=0 qor=126.00 cuts_used=126 cpu_time=1058.00 post_ml_time=562.00
CUT_STATS g_mode=0 candidate_cuts=682

RUN benchmark=i3.blif g_mode=1 file=/home/ayush/abc/blif/i3.blif
======== ABC command line "read_library /home/ayush/abc/genlib.genlib; read_blif /home/ayush/abc/blif/i3.blif; strash; map;"
RESULT g_mode=1 qor=126.00 cuts_used=126 cpu_time=1028.00 post_ml_time=487.00
CUT_STATS g_mode=1 candidate_cuts=482

RUN benchmark=i3.blif g_mode=2 file=/home/ayush/abc/blif/i3.blif
======== ABC command line "read_library /home/ayush/abc/genlib.genlib; read_blif /home/ayush/abc/blif/i3.blif; strash; map;"
RESULT g_mode=2 qor=126.00 cuts_used=126 cpu_time=855.00 post_ml_time=400.00
CUT_STATS g_mode=2 candidate_cuts=394

RUN benchmark=i3.blif g_mode=3 file=/home/ayush/abc/blif/i3.blif
======== ABC command line "read_library /home/ayush/abc/genlib.genlib; read_blif /home/ayush/abc/blif/i3.blif; strash; map;"
RESULT g_mode=3 qor=126.00 cuts_used=126 cpu_time=904.00 post_ml_time=417.00
CUT_STATS g_mode=3 candidate_cuts=306

RUN benchmark=i4.blif g_mode=0 file=/home/ayush/abc/blif/i4.blif
======== ABC command line "read_library /home/ayush/abc/genlib.genlib; read_blif /home/ayush/abc/blif/i4.blif; strash; map;"
RESULT g_mode=0 qor=188.00 cuts_used=188 cpu_time=1442.00 post_ml_time=877.00
CUT_STATS g_mode=0 candidate_cuts=916

RUN benchmark=i4.blif g_mode=1 file=/home/ayush/abc/blif/i4.blif
======== ABC command line "read_library /home/ayush/abc/genlib.genlib; read_blif /home/ayush/abc/blif/i4.blif; strash; map;"
RESULT g_mode=1 qor=188.00 cuts_used=188 cpu_time=1619.00 post_ml_time=896.00
CUT_STATS g_mode=1 candidate_cuts=828

RUN benchmark=i4.blif g_mode=2 file=/home/ayush/abc/blif/i4.blif
======== ABC command line "read_library /home/ayush/abc/genlib.genlib; read_blif /home/ayush/abc/blif/i4.blif; strash; map;"
RESULT g_mode=2 qor=188.00 cuts_used=188 cpu_time=4051.00 post_ml_time=2367.00
CUT_STATS g_mode=2 candidate_cuts=728

RUN benchmark=i4.blif g_mode=3 file=/home/ayush/abc/blif/i4.blif
======== ABC command line "read_library /home/ayush/abc/genlib.genlib; read_blif /home/ayush/abc/blif/i4.blif; strash; map;"
RESULT g_mode=3 qor=188.00 cuts_used=188 cpu_time=2571.00 post_ml_time=1420.00
CUT_STATS g_mode=3 candidate_cuts=519

RUN benchmark=i5.blif g_mode=0 file=/home/ayush/abc/blif/i5.blif
======== ABC command line "read_library /home/ayush/abc/genlib.genlib; read_blif /home/ayush/abc/blif/i5.blif; strash; map;"
RESULT g_mode=0 qor=132.00 cuts_used=132 cpu_time=1546.00 post_ml_time=892.00
CUT_STATS g_mode=0 candidate_cuts=507

RUN benchmark=i5.blif g_mode=1 file=/home/ayush/abc/blif/i5.blif
======== ABC command line "read_library /home/ayush/abc/genlib.genlib; read_blif /home/ayush/abc/blif/i5.blif; strash; map;"
RESULT g_mode=1 qor=132.00 cuts_used=132 cpu_time=1067.00 post_ml_time=494.00
CUT_STATS g_mode=1 candidate_cuts=507

RUN benchmark=i5.blif g_mode=2 file=/home/ayush/abc/blif/i5.blif
======== ABC command line "read_library /home/ayush/abc/genlib.genlib; read_blif /home/ayush/abc/blif/i5.blif; strash; map;"
RESULT g_mode=2 qor=132.00 cuts_used=132 cpu_time=956.00 post_ml_time=471.00
CUT_STATS g_mode=2 candidate_cuts=507

RUN benchmark=i5.blif g_mode=3 file=/home/ayush/abc/blif/i5.blif
======== ABC command line "read_library /home/ayush/abc/genlib.genlib; read_blif /home/ayush/abc/blif/i5.blif; strash; map;"
RESULT g_mode=3 qor=132.00 cuts_used=132 cpu_time=822.00 post_ml_time=407.00
CUT_STATS g_mode=3 candidate_cuts=507

RUN benchmark=i6.blif g_mode=0 file=/home/ayush/abc/blif/i6.blif
======== ABC command line "read_library /home/ayush/abc/genlib.genlib; read_blif /home/ayush/abc/blif/i6.blif; strash; map;"
RESULT g_mode=0 qor=547.00 cuts_used=543 cpu_time=4747.00 post_ml_time=2849.00
CUT_STATS g_mode=0 candidate_cuts=2265

RUN benchmark=i6.blif g_mode=1 file=/home/ayush/abc/blif/i6.blif
======== ABC command line "read_library /home/ayush/abc/genlib.genlib; read_blif /home/ayush/abc/blif/i6.blif; strash; map;"
RESULT g_mode=1 qor=547.00 cuts_used=543 cpu_time=3433.00 post_ml_time=2009.00
CUT_STATS g_mode=1 candidate_cuts=1811

RUN benchmark=i6.blif g_mode=2 file=/home/ayush/abc/blif/i6.blif
======== ABC command line "read_library /home/ayush/abc/genlib.genlib; read_blif /home/ayush/abc/blif/i6.blif; strash; map;"
RESULT g_mode=2 qor=547.00 cuts_used=543 cpu_time=3619.00 post_ml_time=2029.00
CUT_STATS g_mode=2 candidate_cuts=1678

RUN benchmark=i6.blif g_mode=3 file=/home/ayush/abc/blif/i6.blif
======== ABC command line "read_library /home/ayush/abc/genlib.genlib; read_blif /home/ayush/abc/blif/i6.blif; strash; map;"
RESULT g_mode=3 qor=547.00 cuts_used=543 cpu_time=3383.00 post_ml_time=1921.00
CUT_STATS g_mode=3 candidate_cuts=1400

RUN benchmark=i7.blif g_mode=0 file=/home/ayush/abc/blif/i7.blif
======== ABC command line "read_library /home/ayush/abc/genlib.genlib; read_blif /home/ayush/abc/blif/i7.blif; strash; map;"
RESULT g_mode=0 qor=683.00 cuts_used=679 cpu_time=5944.00 post_ml_time=3895.00
CUT_STATS g_mode=0 candidate_cuts=3550

RUN benchmark=i7.blif g_mode=1 file=/home/ayush/abc/blif/i7.blif
======== ABC command line "read_library /home/ayush/abc/genlib.genlib; read_blif /home/ayush/abc/blif/i7.blif; strash; map;"
RESULT g_mode=1 qor=683.00 cuts_used=679 cpu_time=3781.00 post_ml_time=1893.00
CUT_STATS g_mode=1 candidate_cuts=2442

RUN benchmark=i7.blif g_mode=2 file=/home/ayush/abc/blif/i7.blif
======== ABC command line "read_library /home/ayush/abc/genlib.genlib; read_blif /home/ayush/abc/blif/i7.blif; strash; map;"
RESULT g_mode=2 qor=683.00 cuts_used=679 cpu_time=3850.00 post_ml_time=1866.00
CUT_STATS g_mode=2 candidate_cuts=2179

RUN benchmark=i7.blif g_mode=3 file=/home/ayush/abc/blif/i7.blif
======== ABC command line "read_library /home/ayush/abc/genlib.genlib; read_blif /home/ayush/abc/blif/i7.blif; strash; map;"
RESULT g_mode=3 qor=683.00 cuts_used=679 cpu_time=4219.00 post_ml_time=1986.00
CUT_STATS g_mode=3 candidate_cuts=1804

RUN benchmark=i8.blif g_mode=0 file=/home/ayush/abc/blif/i8.blif
======== ABC command line "read_library /home/ayush/abc/genlib.genlib; read_blif /home/ayush/abc/blif/i8.blif; strash; map;"
RESULT g_mode=0 qor=1211.00 cuts_used=1196 cpu_time=13519.00 post_ml_time=5106.00
CUT_STATS g_mode=0 candidate_cuts=15756

RUN benchmark=i8.blif g_mode=1 file=/home/ayush/abc/blif/i8.blif
======== ABC command line "read_library /home/ayush/abc/genlib.genlib; read_blif /home/ayush/abc/blif/i8.blif; strash; map;"
RESULT g_mode=1 qor=1211.00 cuts_used=1196 cpu_time=17462.00 post_ml_time=4958.00
CUT_STATS g_mode=1 candidate_cuts=7528

RUN benchmark=i8.blif g_mode=2 file=/home/ayush/abc/blif/i8.blif
======== ABC command line "read_library /home/ayush/abc/genlib.genlib; read_blif /home/ayush/abc/blif/i8.blif; strash; map;"
RESULT g_mode=2 qor=1211.00 cuts_used=1196 cpu_time=14876.00 post_ml_time=4252.00
CUT_STATS g_mode=2 candidate_cuts=6078

RUN benchmark=i8.blif g_mode=3 file=/home/ayush/abc/blif/i8.blif
======== ABC command line "read_library /home/ayush/abc/genlib.genlib; read_blif /home/ayush/abc/blif/i8.blif; strash; map;"
RESULT g_mode=3 qor=1211.00 cuts_used=1196 cpu_time=14821.00 post_ml_time=4049.00
CUT_STATS g_mode=3 candidate_cuts=4539

RUN benchmark=i9.blif g_mode=0 file=/home/ayush/abc/blif/i9.blif
======== ABC command line "read_library /home/ayush/abc/genlib.genlib; read_blif /home/ayush/abc/blif/i9.blif; strash; map;"
RESULT g_mode=0 qor=657.00 cuts_used=652 cpu_time=7524.00 post_ml_time=2348.00
CUT_STATS g_mode=0 candidate_cuts=9414

RUN benchmark=i9.blif g_mode=1 file=/home/ayush/abc/blif/i9.blif
======== ABC command line "read_library /home/ayush/abc/genlib.genlib; read_blif /home/ayush/abc/blif/i9.blif; strash; map;"
RESULT g_mode=1 qor=657.00 cuts_used=652 cpu_time=9759.00 post_ml_time=2271.00
CUT_STATS g_mode=1 candidate_cuts=4662

RUN benchmark=i9.blif g_mode=2 file=/home/ayush/abc/blif/i9.blif
======== ABC command line "read_library /home/ayush/abc/genlib.genlib; read_blif /home/ayush/abc/blif/i9.blif; strash; map;"
RESULT g_mode=2 qor=657.00 cuts_used=652 cpu_time=7553.00 post_ml_time=1680.00
CUT_STATS g_mode=2 candidate_cuts=3655

RUN benchmark=i9.blif g_mode=3 file=/home/ayush/abc/blif/i9.blif
======== ABC command line "read_library /home/ayush/abc/genlib.genlib; read_blif /home/ayush/abc/blif/i9.blif; strash; map;"
RESULT g_mode=3 qor=657.00 cuts_used=652 cpu_time=9200.00 post_ml_time=1985.00
CUT_STATS g_mode=3 candidate_cuts=2505

RUN benchmark=inc.blif g_mode=0 file=/home/ayush/abc/blif/inc.blif
======== ABC command line "read_library /home/ayush/abc/genlib.genlib; read_blif /home/ayush/abc/blif/inc.blif; strash; map;"
RESULT g_mode=0 qor=156.00 cuts_used=148 cpu_time=1557.00 post_ml_time=696.00
CUT_STATS g_mode=0 candidate_cuts=899

RUN benchmark=inc.blif g_mode=1 file=/home/ayush/abc/blif/inc.blif
======== ABC command line "read_library /home/ayush/abc/genlib.genlib; read_blif /home/ayush/abc/blif/inc.blif; strash; map;"
RESULT g_mode=1 qor=156.00 cuts_used=148 cpu_time=1614.00 post_ml_time=563.00
CUT_STATS g_mode=1 candidate_cuts=674

RUN benchmark=inc.blif g_mode=2 file=/home/ayush/abc/blif/inc.blif
======== ABC command line "read_library /home/ayush/abc/genlib.genlib; read_blif /home/ayush/abc/blif/inc.blif; strash; map;"
RESULT g_mode=2 qor=156.00 cuts_used=148 cpu_time=1657.00 post_ml_time=651.00
CUT_STATS g_mode=2 candidate_cuts=579

RUN benchmark=inc.blif g_mode=3 file=/home/ayush/abc/blif/inc.blif
======== ABC command line "read_library /home/ayush/abc/genlib.genlib; read_blif /home/ayush/abc/blif/inc.blif; strash; map;"
RESULT g_mode=3 qor=156.00 cuts_used=148 cpu_time=1501.00 post_ml_time=600.00
CUT_STATS g_mode=3 candidate_cuts=456

RUN benchmark=k2.blif g_mode=0 file=/home/ayush/abc/blif/k2.blif
======== ABC command line "read_library /home/ayush/abc/genlib.genlib; read_blif /home/ayush/abc/blif/k2.blif; strash; map;"
RESULT g_mode=0 qor=1392.00 cuts_used=1359 cpu_time=14914.00 post_ml_time=6293.00
CUT_STATS g_mode=0 candidate_cuts=11917

RUN benchmark=k2.blif g_mode=1 file=/home/ayush/abc/blif/k2.blif
======== ABC command line "read_library /home/ayush/abc/genlib.genlib; read_blif /home/ayush/abc/blif/k2.blif; strash; map;"
RESULT g_mode=1 qor=1392.00 cuts_used=1359 cpu_time=19068.00 post_ml_time=6961.00
CUT_STATS g_mode=1 candidate_cuts=7276

RUN benchmark=k2.blif g_mode=2 file=/home/ayush/abc/blif/k2.blif
======== ABC command line "read_library /home/ayush/abc/genlib.genlib; read_blif /home/ayush/abc/blif/k2.blif; strash; map;"
RESULT g_mode=2 qor=1392.00 cuts_used=1359 cpu_time=18629.00 post_ml_time=6343.00
CUT_STATS g_mode=2 candidate_cuts=6110

RUN benchmark=k2.blif g_mode=3 file=/home/ayush/abc/blif/k2.blif
======== ABC command line "read_library /home/ayush/abc/genlib.genlib; read_blif /home/ayush/abc/blif/k2.blif; strash; map;"
RESULT g_mode=3 qor=1392.00 cuts_used=1359 cpu_time=17165.00 post_ml_time=5799.00
CUT_STATS g_mode=3 candidate_cuts=4796

RUN benchmark=keyb.blif g_mode=0 file=/home/ayush/abc/blif/keyb.blif
======== ABC command line "read_library /home/ayush/abc/genlib.genlib; read_blif /home/ayush/abc/blif/keyb.blif; strash; map;"
RESULT g_mode=0 qor=324.00 cuts_used=312 cpu_time=3187.00 post_ml_time=1548.00
CUT_STATS g_mode=0 candidate_cuts=1832

RUN benchmark=keyb.blif g_mode=1 file=/home/ayush/abc/blif/keyb.blif
======== ABC command line "read_library /home/ayush/abc/genlib.genlib; read_blif /home/ayush/abc/blif/keyb.blif; strash; map;"
RESULT g_mode=1 qor=324.00 cuts_used=312 cpu_time=2514.00 post_ml_time=1172.00
CUT_STATS g_mode=1 candidate_cuts=1411

RUN benchmark=keyb.blif g_mode=2 file=/home/ayush/abc/blif/keyb.blif
======== ABC command line "read_library /home/ayush/abc/genlib.genlib; read_blif /home/ayush/abc/blif/keyb.blif; strash; map;"
RESULT g_mode=2 qor=324.00 cuts_used=312 cpu_time=2503.00 post_ml_time=1118.00
CUT_STATS g_mode=2 candidate_cuts=1231

RUN benchmark=keyb.blif g_mode=3 file=/home/ayush/abc/blif/keyb.blif
======== ABC command line "read_library /home/ayush/abc/genlib.genlib; read_blif /home/ayush/abc/blif/keyb.blif; strash; map;"
RESULT g_mode=3 qor=324.00 cuts_used=312 cpu_time=2796.00 post_ml_time=1163.00
CUT_STATS g_mode=3 candidate_cuts=991

RUN benchmark=lal.blif g_mode=0 file=/home/ayush/abc/blif/lal.blif
======== ABC command line "read_library /home/ayush/abc/genlib.genlib; read_blif /home/ayush/abc/blif/lal.blif; strash; map;"
RESULT g_mode=0 qor=118.00 cuts_used=103 cpu_time=813.00 post_ml_time=362.00
CUT_STATS g_mode=0 candidate_cuts=629

RUN benchmark=lal.blif g_mode=1 file=/home/ayush/abc/blif/lal.blif
======== ABC command line "read_library /home/ayush/abc/genlib.genlib; read_blif /home/ayush/abc/blif/lal.blif; strash; map;"
RESULT g_mode=1 qor=118.00 cuts_used=103 cpu_time=989.00 post_ml_time=393.00
CUT_STATS g_mode=1 candidate_cuts=478

RUN benchmark=lal.blif g_mode=2 file=/home/ayush/abc/blif/lal.blif
======== ABC command line "read_library /home/ayush/abc/genlib.genlib; read_blif /home/ayush/abc/blif/lal.blif; strash; map;"
RESULT g_mode=2 qor=118.00 cuts_used=103 cpu_time=1089.00 post_ml_time=478.00
CUT_STATS g_mode=2 candidate_cuts=417

RUN benchmark=lal.blif g_mode=3 file=/home/ayush/abc/blif/lal.blif
======== ABC command line "read_library /home/ayush/abc/genlib.genlib; read_blif /home/ayush/abc/blif/lal.blif; strash; map;"
RESULT g_mode=3 qor=118.00 cuts_used=103 cpu_time=1151.00 post_ml_time=453.00
CUT_STATS g_mode=3 candidate_cuts=328

RUN benchmark=ldd.blif g_mode=0 file=/home/ayush/abc/blif/ldd.blif
======== ABC command line "read_library /home/ayush/abc/genlib.genlib; read_blif /home/ayush/abc/blif/ldd.blif; strash; map;"
RESULT g_mode=0 qor=114.00 cuts_used=108 cpu_time=1085.00 post_ml_time=476.00
CUT_STATS g_mode=0 candidate_cuts=656

RUN benchmark=ldd.blif g_mode=1 file=/home/ayush/abc/blif/ldd.blif
======== ABC command line "read_library /home/ayush/abc/genlib.genlib; read_blif /home/ayush/abc/blif/ldd.blif; strash; map;"
RESULT g_mode=1 qor=114.00 cuts_used=108 cpu_time=1226.00 post_ml_time=453.00
CUT_STATS g_mode=1 candidate_cuts=479

RUN benchmark=ldd.blif g_mode=2 file=/home/ayush/abc/blif/ldd.blif
======== ABC command line "read_library /home/ayush/abc/genlib.genlib; read_blif /home/ayush/abc/blif/ldd.blif; strash; map;"
RESULT g_mode=2 qor=114.00 cuts_used=108 cpu_time=870.00 post_ml_time=323.00
CUT_STATS g_mode=2 candidate_cuts=425

RUN benchmark=ldd.blif g_mode=3 file=/home/ayush/abc/blif/ldd.blif
======== ABC command line "read_library /home/ayush/abc/genlib.genlib; read_blif /home/ayush/abc/blif/ldd.blif; strash; map;"
RESULT g_mode=3 qor=114.00 cuts_used=108 cpu_time=887.00 post_ml_time=326.00
CUT_STATS g_mode=3 candidate_cuts=340

RUN benchmark=lion.blif g_mode=0 file=/home/ayush/abc/blif/lion.blif
======== ABC command line "read_library /home/ayush/abc/genlib.genlib; read_blif /home/ayush/abc/blif/lion.blif; strash; map;"
RESULT g_mode=0 qor=13.00 cuts_used=12 cpu_time=189.00 post_ml_time=53.00
CUT_STATS g_mode=0 candidate_cuts=29

RUN benchmark=lion.blif g_mode=1 file=/home/ayush/abc/blif/lion.blif
======== ABC command line "read_library /home/ayush/abc/genlib.genlib; read_blif /home/ayush/abc/blif/lion.blif; strash; map;"
RESULT g_mode=1 qor=13.00 cuts_used=12 cpu_time=223.00 post_ml_time=59.00
CUT_STATS g_mode=1 candidate_cuts=29

RUN benchmark=lion.blif g_mode=2 file=/home/ayush/abc/blif/lion.blif
======== ABC command line "read_library /home/ayush/abc/genlib.genlib; read_blif /home/ayush/abc/blif/lion.blif; strash; map;"
RESULT g_mode=2 qor=13.00 cuts_used=12 cpu_time=219.00 post_ml_time=61.00
CUT_STATS g_mode=2 candidate_cuts=27

RUN benchmark=lion.blif g_mode=3 file=/home/ayush/abc/blif/lion.blif
======== ABC command line "read_library /home/ayush/abc/genlib.genlib; read_blif /home/ayush/abc/blif/lion.blif; strash; map;"
RESULT g_mode=3 qor=13.00 cuts_used=12 cpu_time=209.00 post_ml_time=53.00
CUT_STATS g_mode=3 candidate_cuts=25

RUN benchmark=majority.blif g_mode=0 file=/home/ayush/abc/blif/majority.blif
======== ABC command line "read_library /home/ayush/abc/genlib.genlib; read_blif /home/ayush/abc/blif/majority.blif; strash; map;"
RESULT g_mode=0 qor=8.00 cuts_used=8 cpu_time=221.00 post_ml_time=46.00
CUT_STATS g_mode=0 candidate_cuts=33

RUN benchmark=majority.blif g_mode=1 file=/home/ayush/abc/blif/majority.blif
======== ABC command line "read_library /home/ayush/abc/genlib.genlib; read_blif /home/ayush/abc/blif/majority.blif; strash; map;"
RESULT g_mode=1 qor=8.00 cuts_used=8 cpu_time=184.00 post_ml_time=38.00
CUT_STATS g_mode=1 candidate_cuts=26

RUN benchmark=majority.blif g_mode=2 file=/home/ayush/abc/blif/majority.blif
======== ABC command line "read_library /home/ayush/abc/genlib.genlib; read_blif /home/ayush/abc/blif/majority.blif; strash; map;"
RESULT g_mode=2 qor=8.00 cuts_used=8 cpu_time=197.00 post_ml_time=40.00
CUT_STATS g_mode=2 candidate_cuts=24

RUN benchmark=majority.blif g_mode=3 file=/home/ayush/abc/blif/majority.blif
======== ABC command line "read_library /home/ayush/abc/genlib.genlib; read_blif /home/ayush/abc/blif/majority.blif; strash; map;"
RESULT g_mode=3 qor=8.00 cuts_used=8 cpu_time=188.00 post_ml_time=37.00
CUT_STATS g_mode=3 candidate_cuts=21

RUN benchmark=mark1.blif g_mode=0 file=/home/ayush/abc/blif/mark1.blif
======== ABC command line "read_library /home/ayush/abc/genlib.genlib; read_blif /home/ayush/abc/blif/mark1.blif; strash; map;"
RESULT g_mode=0 qor=70.00 cuts_used=62 cpu_time=594.00 post_ml_time=265.00
CUT_STATS g_mode=0 candidate_cuts=275

RUN benchmark=mark1.blif g_mode=1 file=/home/ayush/abc/blif/mark1.blif
======== ABC command line "read_library /home/ayush/abc/genlib.genlib; read_blif /home/ayush/abc/blif/mark1.blif; strash; map;"
RESULT g_mode=1 qor=70.00 cuts_used=62 cpu_time=699.00 post_ml_time=294.00
CUT_STATS g_mode=1 candidate_cuts=223

RUN benchmark=mark1.blif g_mode=2 file=/home/ayush/abc/blif/mark1.blif
======== ABC command line "read_library /home/ayush/abc/genlib.genlib; read_blif /home/ayush/abc/blif/mark1.blif; strash; map;"
RESULT g_mode=2 qor=70.00 cuts_used=62 cpu_time=593.00 post_ml_time=240.00
CUT_STATS g_mode=2 candidate_cuts=196

RUN benchmark=mark1.blif g_mode=3 file=/home/ayush/abc/blif/mark1.blif
======== ABC command line "read_library /home/ayush/abc/genlib.genlib; read_blif /home/ayush/abc/blif/mark1.blif; strash; map;"
RESULT g_mode=3 qor=70.00 cuts_used=62 cpu_time=515.00 post_ml_time=206.00
CUT_STATS g_mode=3 candidate_cuts=159

RUN benchmark=mc.blif g_mode=0 file=/home/ayush/abc/blif/mc.blif
======== ABC command line "read_library /home/ayush/abc/genlib.genlib; read_blif /home/ayush/abc/blif/mc.blif; strash; map;"
RESULT g_mode=0 qor=16.00 cuts_used=13 cpu_time=227.00 post_ml_time=54.00
CUT_STATS g_mode=0 candidate_cuts=48

RUN benchmark=mc.blif g_mode=1 file=/home/ayush/abc/blif/mc.blif
======== ABC command line "read_library /home/ayush/abc/genlib.genlib; read_blif /home/ayush/abc/blif/mc.blif; strash; map;"
RESULT g_mode=1 qor=16.00 cuts_used=13 cpu_time=240.00 post_ml_time=65.00
CUT_STATS g_mode=1 candidate_cuts=40

RUN benchmark=mc.blif g_mode=2 file=/home/ayush/abc/blif/mc.blif
======== ABC command line "read_library /home/ayush/abc/genlib.genlib; read_blif /home/ayush/abc/blif/mc.blif; strash; map;"
RESULT g_mode=2 qor=16.00 cuts_used=13 cpu_time=205.00 post_ml_time=53.00
CUT_STATS g_mode=2 candidate_cuts=36

RUN benchmark=mc.blif g_mode=3 file=/home/ayush/abc/blif/mc.blif
======== ABC command line "read_library /home/ayush/abc/genlib.genlib; read_blif /home/ayush/abc/blif/mc.blif; strash; map;"
RESULT g_mode=3 qor=16.00 cuts_used=13 cpu_time=257.00 post_ml_time=67.00
CUT_STATS g_mode=3 candidate_cuts=30

RUN benchmark=misex1.blif g_mode=0 file=/home/ayush/abc/blif/misex1.blif
======== ABC command line "read_library /home/ayush/abc/genlib.genlib; read_blif /home/ayush/abc/blif/misex1.blif; strash; map;"
RESULT g_mode=0 qor=66.00 cuts_used=61 cpu_time=632.00 post_ml_time=247.00
CUT_STATS g_mode=0 candidate_cuts=348

RUN benchmark=misex1.blif g_mode=1 file=/home/ayush/abc/blif/misex1.blif
======== ABC command line "read_library /home/ayush/abc/genlib.genlib; read_blif /home/ayush/abc/blif/misex1.blif; strash; map;"
RESULT g_mode=1 qor=66.00 cuts_used=61 cpu_time=776.00 post_ml_time=253.00
CUT_STATS g_mode=1 candidate_cuts=261

RUN benchmark=misex1.blif g_mode=2 file=/home/ayush/abc/blif/misex1.blif
======== ABC command line "read_library /home/ayush/abc/genlib.genlib; read_blif /home/ayush/abc/blif/misex1.blif; strash; map;"
RESULT g_mode=2 qor=66.00 cuts_used=61 cpu_time=726.00 post_ml_time=237.00
CUT_STATS g_mode=2 candidate_cuts=228

RUN benchmark=misex1.blif g_mode=3 file=/home/ayush/abc/blif/misex1.blif
======== ABC command line "read_library /home/ayush/abc/genlib.genlib; read_blif /home/ayush/abc/blif/misex1.blif; strash; map;"
RESULT g_mode=3 qor=66.00 cuts_used=61 cpu_time=777.00 post_ml_time=229.00
CUT_STATS g_mode=3 candidate_cuts=182

RUN benchmark=misex2.blif g_mode=0 file=/home/ayush/abc/blif/misex2.blif
======== ABC command line "read_library /home/ayush/abc/genlib.genlib; read_blif /home/ayush/abc/blif/misex2.blif; strash; map;"
RESULT g_mode=0 qor=116.00 cuts_used=100 cpu_time=577.00 post_ml_time=282.00
CUT_STATS g_mode=0 candidate_cuts=432

RUN benchmark=misex2.blif g_mode=1 file=/home/ayush/abc/blif/misex2.blif
======== ABC command line "read_library /home/ayush/abc/genlib.genlib; read_blif /home/ayush/abc/blif/misex2.blif; strash; map;"
RESULT g_mode=1 qor=116.00 cuts_used=100 cpu_time=627.00 post_ml_time=279.00
CUT_STATS g_mode=1 candidate_cuts=372

RUN benchmark=misex2.blif g_mode=2 file=/home/ayush/abc/blif/misex2.blif
======== ABC command line "read_library /home/ayush/abc/genlib.genlib; read_blif /home/ayush/abc/blif/misex2.blif; strash; map;"
RESULT g_mode=2 qor=116.00 cuts_used=100 cpu_time=685.00 post_ml_time=295.00
CUT_STATS g_mode=2 candidate_cuts=342

RUN benchmark=misex2.blif g_mode=3 file=/home/ayush/abc/blif/misex2.blif
======== ABC command line "read_library /home/ayush/abc/genlib.genlib; read_blif /home/ayush/abc/blif/misex2.blif; strash; map;"
RESULT g_mode=3 qor=116.00 cuts_used=100 cpu_time=710.00 post_ml_time=321.00
CUT_STATS g_mode=3 candidate_cuts=307

RUN benchmark=misex3.blif g_mode=0 file=/home/ayush/abc/blif/misex3.blif
======== ABC command line "read_library /home/ayush/abc/genlib.genlib; read_blif /home/ayush/abc/blif/misex3.blif; strash; map;"
RESULT g_mode=0 qor=3573.00 cuts_used=3544 cpu_time=40036.00 post_ml_time=21227.00
CUT_STATS g_mode=0 candidate_cuts=27953

RUN benchmark=misex3.blif g_mode=1 file=/home/ayush/abc/blif/misex3.blif
======== ABC command line "read_library /home/ayush/abc/genlib.genlib; read_blif /home/ayush/abc/blif/misex3.blif; strash; map;"
RESULT g_mode=1 qor=3573.00 cuts_used=3544 cpu_time=38500.00 post_ml_time=17801.00
CUT_STATS g_mode=1 candidate_cuts=18183

RUN benchmark=misex3.blif g_mode=2 file=/home/ayush/abc/blif/misex3.blif
======== ABC command line "read_library /home/ayush/abc/genlib.genlib; read_blif /home/ayush/abc/blif/misex3.blif; strash; map;"
RESULT g_mode=2 qor=3573.00 cuts_used=3544 cpu_time=38404.00 post_ml_time=17554.00
CUT_STATS g_mode=2 candidate_cuts=15611

RUN benchmark=misex3.blif g_mode=3 file=/home/ayush/abc/blif/misex3.blif
======== ABC command line "read_library /home/ayush/abc/genlib.genlib; read_blif /home/ayush/abc/blif/misex3.blif; strash; map;"
RESULT g_mode=3 qor=3573.00 cuts_used=3544 cpu_time=40553.00 post_ml_time=18338.00
CUT_STATS g_mode=3 candidate_cuts=12695

RUN benchmark=misex3c.blif g_mode=0 file=/home/ayush/abc/blif/misex3c.blif
======== ABC command line "read_library /home/ayush/abc/genlib.genlib; read_blif /home/ayush/abc/blif/misex3c.blif; strash; map;"
RESULT g_mode=0 qor=1363.00 cuts_used=1345 cpu_time=13018.00 post_ml_time=6628.00
CUT_STATS g_mode=0 candidate_cuts=9734

RUN benchmark=misex3c.blif g_mode=1 file=/home/ayush/abc/blif/misex3c.blif
======== ABC command line "read_library /home/ayush/abc/genlib.genlib; read_blif /home/ayush/abc/blif/misex3c.blif; strash; map;"
RESULT g_mode=1 qor=1363.00 cuts_used=1345 cpu_time=13043.00 post_ml_time=5730.00
CUT_STATS g_mode=1 candidate_cuts=6557

RUN benchmark=misex3c.blif g_mode=2 file=/home/ayush/abc/blif/misex3c.blif
======== ABC command line "read_library /home/ayush/abc/genlib.genlib; read_blif /home/ayush/abc/blif/misex3c.blif; strash; map;"
RESULT g_mode=2 qor=1363.00 cuts_used=1345 cpu_time=23162.00 post_ml_time=10068.00
CUT_STATS g_mode=2 candidate_cuts=5630

RUN benchmark=misex3c.blif g_mode=3 file=/home/ayush/abc/blif/misex3c.blif
======== ABC command line "read_library /home/ayush/abc/genlib.genlib; read_blif /home/ayush/abc/blif/misex3c.blif; strash; map;"
RESULT g_mode=3 qor=1363.00 cuts_used=1345 cpu_time=14772.00 post_ml_time=6216.00
CUT_STATS g_mode=3 candidate_cuts=4489

RUN benchmark=misex3.pre-vpr.blif g_mode=0 file=/home/ayush/abc/blif/misex3.pre-vpr.blif
======== ABC command line "read_library /home/ayush/abc/genlib.genlib; read_blif /home/ayush/abc/blif/misex3.pre-vpr.blif; strash; map;"
RESULT g_mode=0 qor=2720.00 cuts_used=2673 cpu_time=35934.00 post_ml_time=17089.00
CUT_STATS g_mode=0 candidate_cuts=26848

RUN benchmark=misex3.pre-vpr.blif g_mode=1 file=/home/ayush/abc/blif/misex3.pre-vpr.blif
======== ABC command line "read_library /home/ayush/abc/genlib.genlib; read_blif /home/ayush/abc/blif/misex3.pre-vpr.blif; strash; map;"
RESULT g_mode=1 qor=2720.00 cuts_used=2673 cpu_time=33779.00 post_ml_time=13884.00
CUT_STATS g_mode=1 candidate_cuts=16102

RUN benchmark=misex3.pre-vpr.blif g_mode=2 file=/home/ayush/abc/blif/misex3.pre-vpr.blif
======== ABC command line "read_library /home/ayush/abc/genlib.genlib; read_blif /home/ayush/abc/blif/misex3.pre-vpr.blif; strash; map;"
RESULT g_mode=2 qor=2720.00 cuts_used=2673 cpu_time=39126.00 post_ml_time=15655.00
CUT_STATS g_mode=2 candidate_cuts=13022

RUN benchmark=misex3.pre-vpr.blif g_mode=3 file=/home/ayush/abc/blif/misex3.pre-vpr.blif
======== ABC command line "read_library /home/ayush/abc/genlib.genlib; read_blif /home/ayush/abc/blif/misex3.pre-vpr.blif; strash; map;"
RESULT g_mode=3 qor=2720.00 cuts_used=2673 cpu_time=32208.00 post_ml_time=12450.00
CUT_STATS g_mode=3 candidate_cuts=9536

RUN benchmark=misex3.wiremap_area.blif g_mode=0 file=/home/ayush/abc/blif/misex3.wiremap_area.blif
======== ABC command line "read_library /home/ayush/abc/genlib.genlib; read_blif /home/ayush/abc/blif/misex3.wiremap_area.blif; strash; map;"
RESULT g_mode=0 qor=2586.00 cuts_used=2533 cpu_time=36255.00 post_ml_time=17123.00
CUT_STATS g_mode=0 candidate_cuts=27953

RUN benchmark=misex3.wiremap_area.blif g_mode=1 file=/home/ayush/abc/blif/misex3.wiremap_area.blif
======== ABC command line "read_library /home/ayush/abc/genlib.genlib; read_blif /home/ayush/abc/blif/misex3.wiremap_area.blif; strash; map;"
RESULT g_mode=1 qor=2586.00 cuts_used=2533 cpu_time=43814.00 post_ml_time=16572.00
CUT_STATS g_mode=1 candidate_cuts=16199

RUN benchmark=misex3.wiremap_area.blif g_mode=2 file=/home/ayush/abc/blif/misex3.wiremap_area.blif
======== ABC command line "read_library /home/ayush/abc/genlib.genlib; read_blif /home/ayush/abc/blif/misex3.wiremap_area.blif; strash; map;"
RESULT g_mode=2 qor=2586.00 cuts_used=2533 cpu_time=43059.00 post_ml_time=16685.00
CUT_STATS g_mode=2 candidate_cuts=12941

RUN benchmark=misex3.wiremap_area.blif g_mode=3 file=/home/ayush/abc/blif/misex3.wiremap_area.blif
======== ABC command line "read_library /home/ayush/abc/genlib.genlib; read_blif /home/ayush/abc/blif/misex3.wiremap_area.blif; strash; map;"
RESULT g_mode=3 qor=2586.00 cuts_used=2533 cpu_time=42981.00 post_ml_time=16543.00
CUT_STATS g_mode=3 candidate_cuts=9193

RUN benchmark=misex3.wiremap_depth.blif g_mode=0 file=/home/ayush/abc/blif/misex3.wiremap_depth.blif
======== ABC command line "read_library /home/ayush/abc/genlib.genlib; read_blif /home/ayush/abc/blif/misex3.wiremap_depth.blif; strash; map;"
RESULT g_mode=0 qor=2720.00 cuts_used=2673 cpu_time=34271.00 post_ml_time=16614.00
CUT_STATS g_mode=0 candidate_cuts=26848

RUN benchmark=misex3.wiremap_depth.blif g_mode=1 file=/home/ayush/abc/blif/misex3.wiremap_depth.blif
======== ABC command line "read_library /home/ayush/abc/genlib.genlib; read_blif /home/ayush/abc/blif/misex3.wiremap_depth.blif; strash; map;"
RESULT g_mode=1 qor=2720.00 cuts_used=2673 cpu_time=40632.00 post_ml_time=16884.00
CUT_STATS g_mode=1 candidate_cuts=16102

RUN benchmark=misex3.wiremap_depth.blif g_mode=2 file=/home/ayush/abc/blif/misex3.wiremap_depth.blif
======== ABC command line "read_library /home/ayush/abc/genlib.genlib; read_blif /home/ayush/abc/blif/misex3.wiremap_depth.blif; strash; map;"
RESULT g_mode=2 qor=2720.00 cuts_used=2673 cpu_time=31705.00 post_ml_time=12104.00
CUT_STATS g_mode=2 candidate_cuts=13022

RUN benchmark=misex3.wiremap_depth.blif g_mode=3 file=/home/ayush/abc/blif/misex3.wiremap_depth.blif
======== ABC command line "read_library /home/ayush/abc/genlib.genlib; read_blif /home/ayush/abc/blif/misex3.wiremap_depth.blif; strash; map;"
RESULT g_mode=3 qor=2720.00 cuts_used=2673 cpu_time=33809.00 post_ml_time=13355.00
CUT_STATS g_mode=3 candidate_cuts=9536

RUN benchmark=mm30a.blif g_mode=0 file=/home/ayush/abc/blif/mm30a.blif
======== ABC command line "read_library /home/ayush/abc/genlib.genlib; read_blif /home/ayush/abc/blif/mm30a.blif; strash; map;"
RESULT g_mode=0 qor=1385.00 cuts_used=1257 cpu_time=20706.00 post_ml_time=5236.00
CUT_STATS g_mode=0 candidate_cuts=20028

RUN benchmark=mm30a.blif g_mode=1 file=/home/ayush/abc/blif/mm30a.blif
======== ABC command line "read_library /home/ayush/abc/genlib.genlib; read_blif /home/ayush/abc/blif/mm30a.blif; strash; map;"
RESULT g_mode=1 qor=1385.00 cuts_used=1257 cpu_time=30899.00 post_ml_time=5977.00
CUT_STATS g_mode=1 candidate_cuts=8300

RUN benchmark=mm30a.blif g_mode=2 file=/home/ayush/abc/blif/mm30a.blif
======== ABC command line "read_library /home/ayush/abc/genlib.genlib; read_blif /home/ayush/abc/blif/mm30a.blif; strash; map;"
RESULT g_mode=2 qor=1385.00 cuts_used=1257 cpu_time=23999.00 post_ml_time=4505.00
CUT_STATS g_mode=2 candidate_cuts=6547

RUN benchmark=mm30a.blif g_mode=3 file=/home/ayush/abc/blif/mm30a.blif
======== ABC command line "read_library /home/ayush/abc/genlib.genlib; read_blif /home/ayush/abc/blif/mm30a.blif; strash; map;"
RESULT g_mode=3 qor=1385.00 cuts_used=1257 cpu_time=21569.00 post_ml_time=4114.00
CUT_STATS g_mode=3 candidate_cuts=4522

RUN benchmark=mm4a.blif g_mode=0 file=/home/ayush/abc/blif/mm4a.blif
======== ABC command line "read_library /home/ayush/abc/genlib.genlib; read_blif /home/ayush/abc/blif/mm4a.blif; strash; map;"
RESULT g_mode=0 qor=232.00 cuts_used=208 cpu_time=2921.00 post_ml_time=876.00
CUT_STATS g_mode=0 candidate_cuts=2275

RUN benchmark=mm4a.blif g_mode=1 file=/home/ayush/abc/blif/mm4a.blif
======== ABC command line "read_library /home/ayush/abc/genlib.genlib; read_blif /home/ayush/abc/blif/mm4a.blif; strash; map;"
RESULT g_mode=1 qor=232.00 cuts_used=208 cpu_time=3849.00 post_ml_time=900.00
CUT_STATS g_mode=1 candidate_cuts=1219

RUN benchmark=mm4a.blif g_mode=2 file=/home/ayush/abc/blif/mm4a.blif
======== ABC command line "read_library /home/ayush/abc/genlib.genlib; read_blif /home/ayush/abc/blif/mm4a.blif; strash; map;"
RESULT g_mode=2 qor=232.00 cuts_used=208 cpu_time=2830.00 post_ml_time=704.00
CUT_STATS g_mode=2 candidate_cuts=1005

RUN benchmark=mm4a.blif g_mode=3 file=/home/ayush/abc/blif/mm4a.blif
======== ABC command line "read_library /home/ayush/abc/genlib.genlib; read_blif /home/ayush/abc/blif/mm4a.blif; strash; map;"
RESULT g_mode=3 qor=232.00 cuts_used=208 cpu_time=2686.00 post_ml_time=648.00
CUT_STATS g_mode=3 candidate_cuts=737

RUN benchmark=mm9a.blif g_mode=0 file=/home/ayush/abc/blif/mm9a.blif
======== ABC command line "read_library /home/ayush/abc/genlib.genlib; read_blif /home/ayush/abc/blif/mm9a.blif; strash; map;"
RESULT g_mode=0 qor=483.00 cuts_used=444 cpu_time=5347.00 post_ml_time=1435.00
CUT_STATS g_mode=0 candidate_cuts=5962

RUN benchmark=mm9a.blif g_mode=1 file=/home/ayush/abc/blif/mm9a.blif
======== ABC command line "read_library /home/ayush/abc/genlib.genlib; read_blif /home/ayush/abc/blif/mm9a.blif; strash; map;"
RESULT g_mode=1 qor=483.00 cuts_used=444 cpu_time=6867.00 post_ml_time=1411.00
CUT_STATS g_mode=1 candidate_cuts=2788

RUN benchmark=mm9a.blif g_mode=2 file=/home/ayush/abc/blif/mm9a.blif
======== ABC command line "read_library /home/ayush/abc/genlib.genlib; read_blif /home/ayush/abc/blif/mm9a.blif; strash; map;"
RESULT g_mode=2 qor=483.00 cuts_used=444 cpu_time=10375.00 post_ml_time=1883.00
CUT_STATS g_mode=2 candidate_cuts=2222

RUN benchmark=mm9a.blif g_mode=3 file=/home/ayush/abc/blif/mm9a.blif
======== ABC command line "read_library /home/ayush/abc/genlib.genlib; read_blif /home/ayush/abc/blif/mm9a.blif; strash; map;"
RESULT g_mode=3 qor=483.00 cuts_used=444 cpu_time=8450.00 post_ml_time=1753.00
CUT_STATS g_mode=3 candidate_cuts=1573

RUN benchmark=mm9b.blif g_mode=0 file=/home/ayush/abc/blif/mm9b.blif
======== ABC command line "read_library /home/ayush/abc/genlib.genlib; read_blif /home/ayush/abc/blif/mm9b.blif; strash; map;"
RESULT g_mode=0 qor=598.00 cuts_used=549 cpu_time=7846.00 post_ml_time=2246.00
CUT_STATS g_mode=0 candidate_cuts=7545

RUN benchmark=mm9b.blif g_mode=1 file=/home/ayush/abc/blif/mm9b.blif
======== ABC command line "read_library /home/ayush/abc/genlib.genlib; read_blif /home/ayush/abc/blif/mm9b.blif; strash; map;"
RESULT g_mode=1 qor=598.00 cuts_used=549 cpu_time=8468.00 post_ml_time=1860.00
CUT_STATS g_mode=1 candidate_cuts=3852

RUN benchmark=mm9b.blif g_mode=2 file=/home/ayush/abc/blif/mm9b.blif
======== ABC command line "read_library /home/ayush/abc/genlib.genlib; read_blif /home/ayush/abc/blif/mm9b.blif; strash; map;"
RESULT g_mode=2 qor=598.00 cuts_used=549 cpu_time=9702.00 post_ml_time=2109.00
CUT_STATS g_mode=2 candidate_cuts=3053

RUN benchmark=mm9b.blif g_mode=3 file=/home/ayush/abc/blif/mm9b.blif
======== ABC command line "read_library /home/ayush/abc/genlib.genlib; read_blif /home/ayush/abc/blif/mm9b.blif; strash; map;"
RESULT g_mode=3 qor=598.00 cuts_used=549 cpu_time=9446.00 post_ml_time=2077.00
CUT_STATS g_mode=3 candidate_cuts=2156

RUN benchmark=mult16a.blif g_mode=0 file=/home/ayush/abc/blif/mult16a.blif
======== ABC command line "read_library /home/ayush/abc/genlib.genlib; read_blif /home/ayush/abc/blif/mult16a.blif; strash; map;"
RESULT g_mode=0 qor=455.00 cuts_used=419 cpu_time=5031.00 post_ml_time=1821.00
CUT_STATS g_mode=0 candidate_cuts=3699

RUN benchmark=mult16a.blif g_mode=1 file=/home/ayush/abc/blif/mult16a.blif
======== ABC command line "read_library /home/ayush/abc/genlib.genlib; read_blif /home/ayush/abc/blif/mult16a.blif; strash; map;"
RESULT g_mode=1 qor=455.00 cuts_used=419 cpu_time=5319.00 post_ml_time=1800.00
CUT_STATS g_mode=1 candidate_cuts=2525

RUN benchmark=mult16a.blif g_mode=2 file=/home/ayush/abc/blif/mult16a.blif
======== ABC command line "read_library /home/ayush/abc/genlib.genlib; read_blif /home/ayush/abc/blif/mult16a.blif; strash; map;"
RESULT g_mode=2 qor=455.00 cuts_used=419 cpu_time=4388.00 post_ml_time=1446.00
CUT_STATS g_mode=2 candidate_cuts=2051

RUN benchmark=mult16a.blif g_mode=3 file=/home/ayush/abc/blif/mult16a.blif
======== ABC command line "read_library /home/ayush/abc/genlib.genlib; read_blif /home/ayush/abc/blif/mult16a.blif; strash; map;"
RESULT g_mode=3 qor=455.00 cuts_used=419 cpu_time=5306.00 post_ml_time=1764.00
CUT_STATS g_mode=3 candidate_cuts=1459

RUN benchmark=mult16b.blif g_mode=0 file=/home/ayush/abc/blif/mult16b.blif
======== ABC command line "read_library /home/ayush/abc/genlib.genlib; read_blif /home/ayush/abc/blif/mult16b.blif; strash; map;"
RESULT g_mode=0 qor=182.00 cuts_used=181 cpu_time=998.00 post_ml_time=576.00
CUT_STATS g_mode=0 candidate_cuts=766

RUN benchmark=mult16b.blif g_mode=1 file=/home/ayush/abc/blif/mult16b.blif
======== ABC command line "read_library /home/ayush/abc/genlib.genlib; read_blif /home/ayush/abc/blif/mult16b.blif; strash; map;"
RESULT g_mode=1 qor=182.00 cuts_used=181 cpu_time=957.00 post_ml_time=509.00
CUT_STATS g_mode=1 candidate_cuts=616

RUN benchmark=mult16b.blif g_mode=2 file=/home/ayush/abc/blif/mult16b.blif
======== ABC command line "read_library /home/ayush/abc/genlib.genlib; read_blif /home/ayush/abc/blif/mult16b.blif; strash; map;"
RESULT g_mode=2 qor=182.00 cuts_used=181 cpu_time=929.00 post_ml_time=482.00
CUT_STATS g_mode=2 candidate_cuts=586

RUN benchmark=mult16b.blif g_mode=3 file=/home/ayush/abc/blif/mult16b.blif
======== ABC command line "read_library /home/ayush/abc/genlib.genlib; read_blif /home/ayush/abc/blif/mult16b.blif; strash; map;"
RESULT g_mode=3 qor=182.00 cuts_used=181 cpu_time=999.00 post_ml_time=496.00
CUT_STATS g_mode=3 candidate_cuts=496

RUN benchmark=mult_2x2.blif g_mode=0 file=/home/ayush/abc/blif/mult_2x2.blif
======== ABC command line "read_library /home/ayush/abc/genlib.genlib; read_blif /home/ayush/abc/blif/mult_2x2.blif; strash; map;"
RESULT g_mode=0 qor=14.00 cuts_used=13 cpu_time=173.00 post_ml_time=46.00
CUT_STATS g_mode=0 candidate_cuts=33

RUN benchmark=mult_2x2.blif g_mode=1 file=/home/ayush/abc/blif/mult_2x2.blif
======== ABC command line "read_library /home/ayush/abc/genlib.genlib; read_blif /home/ayush/abc/blif/mult_2x2.blif; strash; map;"
RESULT g_mode=1 qor=14.00 cuts_used=13 cpu_time=215.00 post_ml_time=53.00
CUT_STATS g_mode=1 candidate_cuts=32

RUN benchmark=mult_2x2.blif g_mode=2 file=/home/ayush/abc/blif/mult_2x2.blif
======== ABC command line "read_library /home/ayush/abc/genlib.genlib; read_blif /home/ayush/abc/blif/mult_2x2.blif; strash; map;"
RESULT g_mode=2 qor=14.00 cuts_used=13 cpu_time=229.00 post_ml_time=52.00
CUT_STATS g_mode=2 candidate_cuts=30

RUN benchmark=mult_2x2.blif g_mode=3 file=/home/ayush/abc/blif/mult_2x2.blif
======== ABC command line "read_library /home/ayush/abc/genlib.genlib; read_blif /home/ayush/abc/blif/mult_2x2.blif; strash; map;"
RESULT g_mode=3 qor=14.00 cuts_used=13 cpu_time=231.00 post_ml_time=56.00
CUT_STATS g_mode=3 candidate_cuts=28

RUN benchmark=mult32a.blif g_mode=0 file=/home/ayush/abc/blif/mult32a.blif
======== ABC command line "read_library /home/ayush/abc/genlib.genlib; read_blif /home/ayush/abc/blif/mult32a.blif; strash; map;"
RESULT g_mode=0 qor=976.00 cuts_used=894 cpu_time=10536.00 post_ml_time=4284.00
CUT_STATS g_mode=0 candidate_cuts=8266

RUN benchmark=mult32a.blif g_mode=1 file=/home/ayush/abc/blif/mult32a.blif
======== ABC command line "read_library /home/ayush/abc/genlib.genlib; read_blif /home/ayush/abc/blif/mult32a.blif; strash; map;"
RESULT g_mode=1 qor=976.00 cuts_used=894 cpu_time=11883.00 post_ml_time=4046.00
CUT_STATS g_mode=1 candidate_cuts=5524

RUN benchmark=mult32a.blif g_mode=2 file=/home/ayush/abc/blif/mult32a.blif
======== ABC command line "read_library /home/ayush/abc/genlib.genlib; read_blif /home/ayush/abc/blif/mult32a.blif; strash; map;"
RESULT g_mode=2 qor=976.00 cuts_used=894 cpu_time=11331.00 post_ml_time=3706.00
CUT_STATS g_mode=2 candidate_cuts=4456

RUN benchmark=mult32a.blif g_mode=3 file=/home/ayush/abc/blif/mult32a.blif
======== ABC command line "read_library /home/ayush/abc/genlib.genlib; read_blif /home/ayush/abc/blif/mult32a.blif; strash; map;"
RESULT g_mode=3 qor=976.00 cuts_used=894 cpu_time=11563.00 post_ml_time=3684.00
CUT_STATS g_mode=3 candidate_cuts=3152

RUN benchmark=mult_3x3.blif g_mode=0 file=/home/ayush/abc/blif/mult_3x3.blif
======== ABC command line "read_library /home/ayush/abc/genlib.genlib; read_blif /home/ayush/abc/blif/mult_3x3.blif; strash; map;"
RESULT g_mode=0 qor=74.00 cuts_used=69 cpu_time=758.00 post_ml_time=314.00
CUT_STATS g_mode=0 candidate_cuts=357

RUN benchmark=mult_3x3.blif g_mode=1 file=/home/ayush/abc/blif/mult_3x3.blif
======== ABC command line "read_library /home/ayush/abc/genlib.genlib; read_blif /home/ayush/abc/blif/mult_3x3.blif; strash; map;"
RESULT g_mode=1 qor=74.00 cuts_used=69 cpu_time=759.00 post_ml_time=295.00
CUT_STATS g_mode=1 candidate_cuts=291

RUN benchmark=mult_3x3.blif g_mode=2 file=/home/ayush/abc/blif/mult_3x3.blif
======== ABC command line "read_library /home/ayush/abc/genlib.genlib; read_blif /home/ayush/abc/blif/mult_3x3.blif; strash; map;"
RESULT g_mode=2 qor=74.00 cuts_used=69 cpu_time=645.00 post_ml_time=237.00
CUT_STATS g_mode=2 candidate_cuts=252

RUN benchmark=mult_3x3.blif g_mode=3 file=/home/ayush/abc/blif/mult_3x3.blif
======== ABC command line "read_library /home/ayush/abc/genlib.genlib; read_blif /home/ayush/abc/blif/mult_3x3.blif; strash; map;"
RESULT g_mode=3 qor=74.00 cuts_used=69 cpu_time=739.00 post_ml_time=258.00
CUT_STATS g_mode=3 candidate_cuts=196

RUN benchmark=mult_3x4.blif g_mode=0 file=/home/ayush/abc/blif/mult_3x4.blif
======== ABC command line "read_library /home/ayush/abc/genlib.genlib; read_blif /home/ayush/abc/blif/mult_3x4.blif; strash; map;"
RESULT g_mode=0 qor=135.00 cuts_used=127 cpu_time=1434.00 post_ml_time=453.00
CUT_STATS g_mode=0 candidate_cuts=1112

RUN benchmark=mult_3x4.blif g_mode=1 file=/home/ayush/abc/blif/mult_3x4.blif
======== ABC command line "read_library /home/ayush/abc/genlib.genlib; read_blif /home/ayush/abc/blif/mult_3x4.blif; strash; map;"
RESULT g_mode=1 qor=135.00 cuts_used=127 cpu_time=1614.00 post_ml_time=446.00
CUT_STATS g_mode=1 candidate_cuts=612

RUN benchmark=mult_3x4.blif g_mode=2 file=/home/ayush/abc/blif/mult_3x4.blif
======== ABC command line "read_library /home/ayush/abc/genlib.genlib; read_blif /home/ayush/abc/blif/mult_3x4.blif; strash; map;"
RESULT g_mode=2 qor=135.00 cuts_used=127 cpu_time=1572.00 post_ml_time=445.00
CUT_STATS g_mode=2 candidate_cuts=511

RUN benchmark=mult_3x4.blif g_mode=3 file=/home/ayush/abc/blif/mult_3x4.blif
======== ABC command line "read_library /home/ayush/abc/genlib.genlib; read_blif /home/ayush/abc/blif/mult_3x4.blif; strash; map;"
RESULT g_mode=3 qor=135.00 cuts_used=127 cpu_time=1765.00 post_ml_time=484.00
CUT_STATS g_mode=3 candidate_cuts=387

RUN benchmark=mult_4x4.blif g_mode=0 file=/home/ayush/abc/blif/mult_4x4.blif
======== ABC command line "read_library /home/ayush/abc/genlib.genlib; read_blif /home/ayush/abc/blif/mult_4x4.blif; strash; map;"
RESULT g_mode=0 qor=216.00 cuts_used=199 cpu_time=3588.00 post_ml_time=989.00
CUT_STATS g_mode=0 candidate_cuts=2368

RUN benchmark=mult_4x4.blif g_mode=1 file=/home/ayush/abc/blif/mult_4x4.blif
======== ABC command line "read_library /home/ayush/abc/genlib.genlib; read_blif /home/ayush/abc/blif/mult_4x4.blif; strash; map;"
RESULT g_mode=1 qor=216.00 cuts_used=199 cpu_time=3255.00 post_ml_time=703.00
CUT_STATS g_mode=1 candidate_cuts=1200

RUN benchmark=mult_4x4.blif g_mode=2 file=/home/ayush/abc/blif/mult_4x4.blif
======== ABC command line "read_library /home/ayush/abc/genlib.genlib; read_blif /home/ayush/abc/blif/mult_4x4.blif; strash; map;"
RESULT g_mode=2 qor=216.00 cuts_used=199 cpu_time=3106.00 post_ml_time=718.00
CUT_STATS g_mode=2 candidate_cuts=961

RUN benchmark=mult_4x4.blif g_mode=3 file=/home/ayush/abc/blif/mult_4x4.blif
======== ABC command line "read_library /home/ayush/abc/genlib.genlib; read_blif /home/ayush/abc/blif/mult_4x4.blif; strash; map;"
RESULT g_mode=3 qor=216.00 cuts_used=199 cpu_time=3764.00 post_ml_time=827.00
CUT_STATS g_mode=3 candidate_cuts=697

RUN benchmark=mult_5x5.blif g_mode=0 file=/home/ayush/abc/blif/mult_5x5.blif
======== ABC command line "read_library /home/ayush/abc/genlib.genlib; read_blif /home/ayush/abc/blif/mult_5x5.blif; strash; map;"
RESULT g_mode=0 qor=356.00 cuts_used=324 cpu_time=5412.00 post_ml_time=1283.00
CUT_STATS g_mode=0 candidate_cuts=4821

RUN benchmark=mult_5x5.blif g_mode=1 file=/home/ayush/abc/blif/mult_5x5.blif
======== ABC command line "read_library /home/ayush/abc/genlib.genlib; read_blif /home/ayush/abc/blif/mult_5x5.blif; strash; map;"
RESULT g_mode=1 qor=356.00 cuts_used=324 cpu_time=5985.00 post_ml_time=1091.00
CUT_STATS g_mode=1 candidate_cuts=2120

RUN benchmark=mult_5x5.blif g_mode=2 file=/home/ayush/abc/blif/mult_5x5.blif
======== ABC command line "read_library /home/ayush/abc/genlib.genlib; read_blif /home/ayush/abc/blif/mult_5x5.blif; strash; map;"
RESULT g_mode=2 qor=356.00 cuts_used=324 cpu_time=7537.00 post_ml_time=1417.00
CUT_STATS g_mode=2 candidate_cuts=1672

RUN benchmark=mult_5x5.blif g_mode=3 file=/home/ayush/abc/blif/mult_5x5.blif
======== ABC command line "read_library /home/ayush/abc/genlib.genlib; read_blif /home/ayush/abc/blif/mult_5x5.blif; strash; map;"
RESULT g_mode=3 qor=356.00 cuts_used=324 cpu_time=7716.00 post_ml_time=1409.00
CUT_STATS g_mode=3 candidate_cuts=1191

RUN benchmark=mult_5x6.blif g_mode=0 file=/home/ayush/abc/blif/mult_5x6.blif
======== ABC command line "read_library /home/ayush/abc/genlib.genlib; read_blif /home/ayush/abc/blif/mult_5x6.blif; strash; map;"
RESULT g_mode=0 qor=660.00 cuts_used=610 cpu_time=13509.00 post_ml_time=3068.00
CUT_STATS g_mode=0 candidate_cuts=11400

RUN benchmark=mult_5x6.blif g_mode=1 file=/home/ayush/abc/blif/mult_5x6.blif
======== ABC command line "read_library /home/ayush/abc/genlib.genlib; read_blif /home/ayush/abc/blif/mult_5x6.blif; strash; map;"
RESULT g_mode=1 qor=660.00 cuts_used=610 cpu_time=15570.00 post_ml_time=2587.00
CUT_STATS g_mode=1 candidate_cuts=4503

RUN benchmark=mult_5x6.blif g_mode=2 file=/home/ayush/abc/blif/mult_5x6.blif
======== ABC command line "read_library /home/ayush/abc/genlib.genlib; read_blif /home/ayush/abc/blif/mult_5x6.blif; strash; map;"
RESULT g_mode=2 qor=660.00 cuts_used=610 cpu_time=18105.00 post_ml_time=3047.00
CUT_STATS g_mode=2 candidate_cuts=3529

RUN benchmark=mult_5x6.blif g_mode=3 file=/home/ayush/abc/blif/mult_5x6.blif
======== ABC command line "read_library /home/ayush/abc/genlib.genlib; read_blif /home/ayush/abc/blif/mult_5x6.blif; strash; map;"
RESULT g_mode=3 qor=660.00 cuts_used=610 cpu_time=14171.00 post_ml_time=2326.00
CUT_STATS g_mode=3 candidate_cuts=2498

RUN benchmark=mult8_ram8.blif g_mode=0 file=/home/ayush/abc/blif/mult8_ram8.blif
======== ABC command line "read_library /home/ayush/abc/genlib.genlib; read_blif /home/ayush/abc/blif/mult8_ram8.blif; strash; map;"
Line 10: Cannot find the model for subcircuit mult_8.
Reading network from file has failed.

RUN benchmark=mult8_ram8.blif g_mode=1 file=/home/ayush/abc/blif/mult8_ram8.blif
======== ABC command line "read_library /home/ayush/abc/genlib.genlib; read_blif /home/ayush/abc/blif/mult8_ram8.blif; strash; map;"
Line 10: Cannot find the model for subcircuit mult_8.
Reading network from file has failed.

RUN benchmark=mult8_ram8.blif g_mode=2 file=/home/ayush/abc/blif/mult8_ram8.blif
======== ABC command line "read_library /home/ayush/abc/genlib.genlib; read_blif /home/ayush/abc/blif/mult8_ram8.blif; strash; map;"
Line 10: Cannot find the model for subcircuit mult_8.
Reading network from file has failed.

RUN benchmark=mult8_ram8.blif g_mode=3 file=/home/ayush/abc/blif/mult8_ram8.blif
======== ABC command line "read_library /home/ayush/abc/genlib.genlib; read_blif /home/ayush/abc/blif/mult8_ram8.blif; strash; map;"
Line 10: Cannot find the model for subcircuit mult_8.
Reading network from file has failed.

RUN benchmark=multiclock.blif g_mode=0 file=/home/ayush/abc/blif/multiclock.blif
======== ABC command line "read_library /home/ayush/abc/genlib.genlib; read_blif /home/ayush/abc/blif/multiclock.blif; strash; map;"
RESULT g_mode=0 qor=6.00 cuts_used=1 cpu_time=244.00 post_ml_time=23.00
CUT_STATS g_mode=0 candidate_cuts=1

RUN benchmark=multiclock.blif g_mode=1 file=/home/ayush/abc/blif/multiclock.blif
======== ABC command line "read_library /home/ayush/abc/genlib.genlib; read_blif /home/ayush/abc/blif/multiclock.blif; strash; map;"
RESULT g_mode=1 qor=6.00 cuts_used=1 cpu_time=276.00 post_ml_time=27.00
CUT_STATS g_mode=1 candidate_cuts=1

RUN benchmark=multiclock.blif g_mode=2 file=/home/ayush/abc/blif/multiclock.blif
======== ABC command line "read_library /home/ayush/abc/genlib.genlib; read_blif /home/ayush/abc/blif/multiclock.blif; strash; map;"
RESULT g_mode=2 qor=6.00 cuts_used=1 cpu_time=158.00 post_ml_time=14.00
CUT_STATS g_mode=2 candidate_cuts=1

RUN benchmark=multiclock.blif g_mode=3 file=/home/ayush/abc/blif/multiclock.blif
======== ABC command line "read_library /home/ayush/abc/genlib.genlib; read_blif /home/ayush/abc/blif/multiclock.blif; strash; map;"
RESULT g_mode=3 qor=6.00 cuts_used=1 cpu_time=194.00 post_ml_time=11.00
CUT_STATS g_mode=3 candidate_cuts=1

RUN benchmark=multiclock_buf.blif g_mode=0 file=/home/ayush/abc/blif/multiclock_buf.blif
======== ABC command line "read_library /home/ayush/abc/genlib.genlib; read_blif /home/ayush/abc/blif/multiclock_buf.blif; strash; map;"
Line 8: Cannot find the model for subcircuit pll.
Reading network from file has failed.

RUN benchmark=multiclock_buf.blif g_mode=1 file=/home/ayush/abc/blif/multiclock_buf.blif
======== ABC command line "read_library /home/ayush/abc/genlib.genlib; read_blif /home/ayush/abc/blif/multiclock_buf.blif; strash; map;"
Line 8: Cannot find the model for subcircuit pll.
Reading network from file has failed.

RUN benchmark=multiclock_buf.blif g_mode=2 file=/home/ayush/abc/blif/multiclock_buf.blif
======== ABC command line "read_library /home/ayush/abc/genlib.genlib; read_blif /home/ayush/abc/blif/multiclock_buf.blif; strash; map;"
Line 8: Cannot find the model for subcircuit pll.
Reading network from file has failed.

RUN benchmark=multiclock_buf.blif g_mode=3 file=/home/ayush/abc/blif/multiclock_buf.blif
======== ABC command line "read_library /home/ayush/abc/genlib.genlib; read_blif /home/ayush/abc/blif/multiclock_buf.blif; strash; map;"
Line 8: Cannot find the model for subcircuit pll.
Reading network from file has failed.

RUN benchmark=multiconnected_lut2.blif g_mode=0 file=/home/ayush/abc/blif/multiconnected_lut2.blif
======== ABC command line "read_library /home/ayush/abc/genlib.genlib; read_blif /home/ayush/abc/blif/multiconnected_lut2.blif; strash; map;"
RESULT g_mode=0 qor=8.00 cuts_used=7 cpu_time=165.00 post_ml_time=36.00
CUT_STATS g_mode=0 candidate_cuts=31

RUN benchmark=multiconnected_lut2.blif g_mode=1 file=/home/ayush/abc/blif/multiconnected_lut2.blif
======== ABC command line "read_library /home/ayush/abc/genlib.genlib; read_blif /home/ayush/abc/blif/multiconnected_lut2.blif; strash; map;"
RESULT g_mode=1 qor=8.00 cuts_used=7 cpu_time=189.00 post_ml_time=38.00
CUT_STATS g_mode=1 candidate_cuts=31

RUN benchmark=multiconnected_lut2.blif g_mode=2 file=/home/ayush/abc/blif/multiconnected_lut2.blif
======== ABC command line "read_library /home/ayush/abc/genlib.genlib; read_blif /home/ayush/abc/blif/multiconnected_lut2.blif; strash; map;"
RESULT g_mode=2 qor=8.00 cuts_used=7 cpu_time=209.00 post_ml_time=43.00
CUT_STATS g_mode=2 candidate_cuts=26

RUN benchmark=multiconnected_lut2.blif g_mode=3 file=/home/ayush/abc/blif/multiconnected_lut2.blif
======== ABC command line "read_library /home/ayush/abc/genlib.genlib; read_blif /home/ayush/abc/blif/multiconnected_lut2.blif; strash; map;"
RESULT g_mode=3 qor=8.00 cuts_used=7 cpu_time=249.00 post_ml_time=47.00
CUT_STATS g_mode=3 candidate_cuts=20

RUN benchmark=multiconnected_lut.blif g_mode=0 file=/home/ayush/abc/blif/multiconnected_lut.blif
======== ABC command line "read_library /home/ayush/abc/genlib.genlib; read_blif /home/ayush/abc/blif/multiconnected_lut.blif; strash; map;"
RESULT g_mode=0 qor=4.00 cuts_used=4 cpu_time=154.00 post_ml_time=34.00
CUT_STATS g_mode=0 candidate_cuts=17

RUN benchmark=multiconnected_lut.blif g_mode=1 file=/home/ayush/abc/blif/multiconnected_lut.blif
======== ABC command line "read_library /home/ayush/abc/genlib.genlib; read_blif /home/ayush/abc/blif/multiconnected_lut.blif; strash; map;"
RESULT g_mode=1 qor=4.00 cuts_used=4 cpu_time=177.00 post_ml_time=36.00
CUT_STATS g_mode=1 candidate_cuts=17

RUN benchmark=multiconnected_lut.blif g_mode=2 file=/home/ayush/abc/blif/multiconnected_lut.blif
======== ABC command line "read_library /home/ayush/abc/genlib.genlib; read_blif /home/ayush/abc/blif/multiconnected_lut.blif; strash; map;"
RESULT g_mode=2 qor=4.00 cuts_used=4 cpu_time=200.00 post_ml_time=41.00
CUT_STATS g_mode=2 candidate_cuts=17

RUN benchmark=multiconnected_lut.blif g_mode=3 file=/home/ayush/abc/blif/multiconnected_lut.blif
======== ABC command line "read_library /home/ayush/abc/genlib.genlib; read_blif /home/ayush/abc/blif/multiconnected_lut.blif; strash; map;"
RESULT g_mode=3 qor=4.00 cuts_used=4 cpu_time=216.00 post_ml_time=44.00
CUT_STATS g_mode=3 candidate_cuts=16

RUN benchmark=multiple_noc_routers.blif g_mode=0 file=/home/ayush/abc/blif/multiple_noc_routers.blif
======== ABC command line "read_library /home/ayush/abc/genlib.genlib; read_blif /home/ayush/abc/blif/multiple_noc_routers.blif; strash; map;"
Line 42: Cannot find PI "sharein" of the model "stratixiv_lcell_comb" as a formal input of the subcircuit.
Reading network from file has failed.

RUN benchmark=multiple_noc_routers.blif g_mode=1 file=/home/ayush/abc/blif/multiple_noc_routers.blif
======== ABC command line "read_library /home/ayush/abc/genlib.genlib; read_blif /home/ayush/abc/blif/multiple_noc_routers.blif; strash; map;"
Line 42: Cannot find PI "sharein" of the model "stratixiv_lcell_comb" as a formal input of the subcircuit.
Reading network from file has failed.

RUN benchmark=multiple_noc_routers.blif g_mode=2 file=/home/ayush/abc/blif/multiple_noc_routers.blif
======== ABC command line "read_library /home/ayush/abc/genlib.genlib; read_blif /home/ayush/abc/blif/multiple_noc_routers.blif; strash; map;"
Line 42: Cannot find PI "sharein" of the model "stratixiv_lcell_comb" as a formal input of the subcircuit.
Reading network from file has failed.

RUN benchmark=multiple_noc_routers.blif g_mode=3 file=/home/ayush/abc/blif/multiple_noc_routers.blif
======== ABC command line "read_library /home/ayush/abc/genlib.genlib; read_blif /home/ayush/abc/blif/multiple_noc_routers.blif; strash; map;"
Line 42: Cannot find PI "sharein" of the model "stratixiv_lcell_comb" as a formal input of the subcircuit.
Reading network from file has failed.

RUN benchmark=murax_stratix10_arch_timing.blif g_mode=0 file=/home/ayush/abc/blif/murax_stratix10_arch_timing.blif
======== ABC command line "read_library /home/ayush/abc/genlib.genlib; read_blif /home/ayush/abc/blif/murax_stratix10_arch_timing.blif; strash; map;"
Line 103: Cannot find PI "clk_portbout" of the model "fourteennm_ram_block.opmode{dual_port}.output_type{comb}.port_a_address_width{4}.port_b_address_width{4}" as a formal input of the subcircuit.
Reading network from file has failed.

RUN benchmark=murax_stratix10_arch_timing.blif g_mode=1 file=/home/ayush/abc/blif/murax_stratix10_arch_timing.blif
======== ABC command line "read_library /home/ayush/abc/genlib.genlib; read_blif /home/ayush/abc/blif/murax_stratix10_arch_timing.blif; strash; map;"
Line 103: Cannot find PI "clk_portbout" of the model "fourteennm_ram_block.opmode{dual_port}.output_type{comb}.port_a_address_width{4}.port_b_address_width{4}" as a formal input of the subcircuit.
Reading network from file has failed.

RUN benchmark=murax_stratix10_arch_timing.blif g_mode=2 file=/home/ayush/abc/blif/murax_stratix10_arch_timing.blif
======== ABC command line "read_library /home/ayush/abc/genlib.genlib; read_blif /home/ayush/abc/blif/murax_stratix10_arch_timing.blif; strash; map;"
Line 103: Cannot find PI "clk_portbout" of the model "fourteennm_ram_block.opmode{dual_port}.output_type{comb}.port_a_address_width{4}.port_b_address_width{4}" as a formal input of the subcircuit.
Reading network from file has failed.

RUN benchmark=murax_stratix10_arch_timing.blif g_mode=3 file=/home/ayush/abc/blif/murax_stratix10_arch_timing.blif
======== ABC command line "read_library /home/ayush/abc/genlib.genlib; read_blif /home/ayush/abc/blif/murax_stratix10_arch_timing.blif; strash; map;"
Line 103: Cannot find PI "clk_portbout" of the model "fourteennm_ram_block.opmode{dual_port}.output_type{comb}.port_a_address_width{4}.port_b_address_width{4}" as a formal input of the subcircuit.
Reading network from file has failed.

RUN benchmark=mux.blif g_mode=0 file=/home/ayush/abc/blif/mux.blif
======== ABC command line "read_library /home/ayush/abc/genlib.genlib; read_blif /home/ayush/abc/blif/mux.blif; strash; map;"
RESULT g_mode=0 qor=81.00 cuts_used=78 cpu_time=876.00 post_ml_time=445.00
CUT_STATS g_mode=0 candidate_cuts=425

RUN benchmark=mux.blif g_mode=1 file=/home/ayush/abc/blif/mux.blif
======== ABC command line "read_library /home/ayush/abc/genlib.genlib; read_blif /home/ayush/abc/blif/mux.blif; strash; map;"
RESULT g_mode=1 qor=81.00 cuts_used=78 cpu_time=947.00 post_ml_time=433.00
CUT_STATS g_mode=1 candidate_cuts=316

RUN benchmark=mux.blif g_mode=2 file=/home/ayush/abc/blif/mux.blif
======== ABC command line "read_library /home/ayush/abc/genlib.genlib; read_blif /home/ayush/abc/blif/mux.blif; strash; map;"
RESULT g_mode=2 qor=81.00 cuts_used=78 cpu_time=912.00 post_ml_time=422.00
CUT_STATS g_mode=2 candidate_cuts=268

RUN benchmark=mux.blif g_mode=3 file=/home/ayush/abc/blif/mux.blif
======== ABC command line "read_library /home/ayush/abc/genlib.genlib; read_blif /home/ayush/abc/blif/mux.blif; strash; map;"
RESULT g_mode=3 qor=81.00 cuts_used=78 cpu_time=726.00 post_ml_time=322.00
CUT_STATS g_mode=3 candidate_cuts=212

RUN benchmark=my-adder.blif g_mode=0 file=/home/ayush/abc/blif/my-adder.blif
======== ABC command line "read_library /home/ayush/abc/genlib.genlib; read_blif /home/ayush/abc/blif/my-adder.blif; strash; map;"
RESULT g_mode=0 qor=272.00 cuts_used=241 cpu_time=2289.00 post_ml_time=890.00
CUT_STATS g_mode=0 candidate_cuts=2182

RUN benchmark=my-adder.blif g_mode=1 file=/home/ayush/abc/blif/my-adder.blif
======== ABC command line "read_library /home/ayush/abc/genlib.genlib; read_blif /home/ayush/abc/blif/my-adder.blif; strash; map;"
RESULT g_mode=1 qor=272.00 cuts_used=241 cpu_time=2581.00 post_ml_time=847.00
CUT_STATS g_mode=1 candidate_cuts=1341

RUN benchmark=my-adder.blif g_mode=2 file=/home/ayush/abc/blif/my-adder.blif
======== ABC command line "read_library /home/ayush/abc/genlib.genlib; read_blif /home/ayush/abc/blif/my-adder.blif; strash; map;"
RESULT g_mode=2 qor=272.00 cuts_used=241 cpu_time=3612.00 post_ml_time=1040.00
CUT_STATS g_mode=2 candidate_cuts=1093

RUN benchmark=my-adder.blif g_mode=3 file=/home/ayush/abc/blif/my-adder.blif
======== ABC command line "read_library /home/ayush/abc/genlib.genlib; read_blif /home/ayush/abc/blif/my-adder.blif; strash; map;"
RESULT g_mode=3 qor=272.00 cuts_used=241 cpu_time=3218.00 post_ml_time=1032.00
CUT_STATS g_mode=3 candidate_cuts=824

RUN benchmark=ndff.blif g_mode=0 file=/home/ayush/abc/blif/ndff.blif
======== ABC command line "read_library /home/ayush/abc/genlib.genlib; read_blif /home/ayush/abc/blif/ndff.blif; strash; map;"
Line 8: Cannot find the model for subcircuit DFFE.
Reading network from file has failed.

RUN benchmark=ndff.blif g_mode=1 file=/home/ayush/abc/blif/ndff.blif
======== ABC command line "read_library /home/ayush/abc/genlib.genlib; read_blif /home/ayush/abc/blif/ndff.blif; strash; map;"
Line 8: Cannot find the model for subcircuit DFFE.
Reading network from file has failed.

RUN benchmark=ndff.blif g_mode=2 file=/home/ayush/abc/blif/ndff.blif
======== ABC command line "read_library /home/ayush/abc/genlib.genlib; read_blif /home/ayush/abc/blif/ndff.blif; strash; map;"
Line 8: Cannot find the model for subcircuit DFFE.
Reading network from file has failed.

RUN benchmark=ndff.blif g_mode=3 file=/home/ayush/abc/blif/ndff.blif
======== ABC command line "read_library /home/ayush/abc/genlib.genlib; read_blif /home/ayush/abc/blif/ndff.blif; strash; map;"
Line 8: Cannot find the model for subcircuit DFFE.
Reading network from file has failed.

RUN benchmark=neuron_stratixiv_arch_timing.blif g_mode=0 file=/home/ayush/abc/blif/neuron_stratixiv_arch_timing.blif
======== ABC command line "read_library /home/ayush/abc/genlib.genlib; read_blif /home/ayush/abc/blif/neuron_stratixiv_arch_timing.blif; strash; map;"
Line 127: Cannot find PI "sharein" of the model "stratixiv_lcell_comb" as a formal input of the subcircuit.
Reading network from file has failed.

RUN benchmark=neuron_stratixiv_arch_timing.blif g_mode=1 file=/home/ayush/abc/blif/neuron_stratixiv_arch_timing.blif
======== ABC command line "read_library /home/ayush/abc/genlib.genlib; read_blif /home/ayush/abc/blif/neuron_stratixiv_arch_timing.blif; strash; map;"
Line 127: Cannot find PI "sharein" of the model "stratixiv_lcell_comb" as a formal input of the subcircuit.
Reading network from file has failed.

RUN benchmark=neuron_stratixiv_arch_timing.blif g_mode=2 file=/home/ayush/abc/blif/neuron_stratixiv_arch_timing.blif
======== ABC command line "read_library /home/ayush/abc/genlib.genlib; read_blif /home/ayush/abc/blif/neuron_stratixiv_arch_timing.blif; strash; map;"
Line 127: Cannot find PI "sharein" of the model "stratixiv_lcell_comb" as a formal input of the subcircuit.
Reading network from file has failed.

RUN benchmark=neuron_stratixiv_arch_timing.blif g_mode=3 file=/home/ayush/abc/blif/neuron_stratixiv_arch_timing.blif
======== ABC command line "read_library /home/ayush/abc/genlib.genlib; read_blif /home/ayush/abc/blif/neuron_stratixiv_arch_timing.blif; strash; map;"
Line 127: Cannot find PI "sharein" of the model "stratixiv_lcell_comb" as a formal input of the subcircuit.
Reading network from file has failed.

RUN benchmark=o64.blif g_mode=0 file=/home/ayush/abc/blif/o64.blif
======== ABC command line "read_library /home/ayush/abc/genlib.genlib; read_blif /home/ayush/abc/blif/o64.blif; strash; map;"
RESULT g_mode=0 qor=129.00 cuts_used=129 cpu_time=1409.00 post_ml_time=813.00
CUT_STATS g_mode=0 candidate_cuts=758

RUN benchmark=o64.blif g_mode=1 file=/home/ayush/abc/blif/o64.blif
======== ABC command line "read_library /home/ayush/abc/genlib.genlib; read_blif /home/ayush/abc/blif/o64.blif; strash; map;"
RESULT g_mode=1 qor=129.00 cuts_used=129 cpu_time=1116.00 post_ml_time=573.00
CUT_STATS g_mode=1 candidate_cuts=457

RUN benchmark=o64.blif g_mode=2 file=/home/ayush/abc/blif/o64.blif
======== ABC command line "read_library /home/ayush/abc/genlib.genlib; read_blif /home/ayush/abc/blif/o64.blif; strash; map;"
RESULT g_mode=2 qor=129.00 cuts_used=129 cpu_time=1145.00 post_ml_time=536.00
CUT_STATS g_mode=2 candidate_cuts=389

RUN benchmark=o64.blif g_mode=3 file=/home/ayush/abc/blif/o64.blif
======== ABC command line "read_library /home/ayush/abc/genlib.genlib; read_blif /home/ayush/abc/blif/o64.blif; strash; map;"
RESULT g_mode=3 qor=129.00 cuts_used=129 cpu_time=1300.00 post_ml_time=647.00
CUT_STATS g_mode=3 candidate_cuts=321

RUN benchmark=opus.blif g_mode=0 file=/home/ayush/abc/blif/opus.blif
======== ABC command line "read_library /home/ayush/abc/genlib.genlib; read_blif /home/ayush/abc/blif/opus.blif; strash; map;"
RESULT g_mode=0 qor=132.00 cuts_used=122 cpu_time=1003.00 post_ml_time=451.00
CUT_STATS g_mode=0 candidate_cuts=701

RUN benchmark=opus.blif g_mode=1 file=/home/ayush/abc/blif/opus.blif
======== ABC command line "read_library /home/ayush/abc/genlib.genlib; read_blif /home/ayush/abc/blif/opus.blif; strash; map;"
RESULT g_mode=1 qor=132.00 cuts_used=122 cpu_time=1003.00 post_ml_time=396.00
CUT_STATS g_mode=1 candidate_cuts=550

RUN benchmark=opus.blif g_mode=2 file=/home/ayush/abc/blif/opus.blif
======== ABC command line "read_library /home/ayush/abc/genlib.genlib; read_blif /home/ayush/abc/blif/opus.blif; strash; map;"
RESULT g_mode=2 qor=132.00 cuts_used=122 cpu_time=1049.00 post_ml_time=404.00
CUT_STATS g_mode=2 candidate_cuts=466

RUN benchmark=opus.blif g_mode=3 file=/home/ayush/abc/blif/opus.blif
======== ABC command line "read_library /home/ayush/abc/genlib.genlib; read_blif /home/ayush/abc/blif/opus.blif; strash; map;"
RESULT g_mode=3 qor=132.00 cuts_used=122 cpu_time=1114.00 post_ml_time=454.00
CUT_STATS g_mode=3 candidate_cuts=359

RUN benchmark=pair.blif g_mode=0 file=/home/ayush/abc/blif/pair.blif
======== ABC command line "read_library /home/ayush/abc/genlib.genlib; read_blif /home/ayush/abc/blif/pair.blif; strash; map;"
RESULT g_mode=0 qor=2191.00 cuts_used=2034 cpu_time=20099.00 post_ml_time=8456.00
CUT_STATS g_mode=0 candidate_cuts=17910

RUN benchmark=pair.blif g_mode=1 file=/home/ayush/abc/blif/pair.blif
======== ABC command line "read_library /home/ayush/abc/genlib.genlib; read_blif /home/ayush/abc/blif/pair.blif; strash; map;"
RESULT g_mode=1 qor=2191.00 cuts_used=2034 cpu_time=20292.00 post_ml_time=7028.00
CUT_STATS g_mode=1 candidate_cuts=11842

RUN benchmark=pair.blif g_mode=2 file=/home/ayush/abc/blif/pair.blif
======== ABC command line "read_library /home/ayush/abc/genlib.genlib; read_blif /home/ayush/abc/blif/pair.blif; strash; map;"
RESULT g_mode=2 qor=2191.00 cuts_used=2034 cpu_time=22304.00 post_ml_time=7707.00
CUT_STATS g_mode=2 candidate_cuts=9667

RUN benchmark=pair.blif g_mode=3 file=/home/ayush/abc/blif/pair.blif
======== ABC command line "read_library /home/ayush/abc/genlib.genlib; read_blif /home/ayush/abc/blif/pair.blif; strash; map;"
RESULT g_mode=3 qor=2191.00 cuts_used=2034 cpu_time=22657.00 post_ml_time=8075.00
CUT_STATS g_mode=3 candidate_cuts=7128

RUN benchmark=parity.blif g_mode=0 file=/home/ayush/abc/blif/parity.blif
======== ABC command line "read_library /home/ayush/abc/genlib.genlib; read_blif /home/ayush/abc/blif/parity.blif; strash; map;"
RESULT g_mode=0 qor=53.00 cuts_used=47 cpu_time=988.00 post_ml_time=306.00
CUT_STATS g_mode=0 candidate_cuts=759

RUN benchmark=parity.blif g_mode=1 file=/home/ayush/abc/blif/parity.blif
======== ABC command line "read_library /home/ayush/abc/genlib.genlib; read_blif /home/ayush/abc/blif/parity.blif; strash; map;"
RESULT g_mode=1 qor=53.00 cuts_used=47 cpu_time=1307.00 post_ml_time=344.00
CUT_STATS g_mode=1 candidate_cuts=328

RUN benchmark=parity.blif g_mode=2 file=/home/ayush/abc/blif/parity.blif
======== ABC command line "read_library /home/ayush/abc/genlib.genlib; read_blif /home/ayush/abc/blif/parity.blif; strash; map;"
RESULT g_mode=2 qor=53.00 cuts_used=47 cpu_time=1127.00 post_ml_time=298.00
CUT_STATS g_mode=2 candidate_cuts=262

RUN benchmark=parity.blif g_mode=3 file=/home/ayush/abc/blif/parity.blif
======== ABC command line "read_library /home/ayush/abc/genlib.genlib; read_blif /home/ayush/abc/blif/parity.blif; strash; map;"
RESULT g_mode=3 qor=53.00 cuts_used=47 cpu_time=1481.00 post_ml_time=415.00
CUT_STATS g_mode=3 candidate_cuts=196

RUN benchmark=parker1986.blif g_mode=0 file=/home/ayush/abc/blif/parker1986.blif
======== ABC command line "read_library /home/ayush/abc/genlib.genlib; read_blif /home/ayush/abc/blif/parker1986.blif; strash; map;"
RESULT g_mode=0 qor=2008.00 cuts_used=1804 cpu_time=26671.00 post_ml_time=8112.00
CUT_STATS g_mode=0 candidate_cuts=24595

RUN benchmark=parker1986.blif g_mode=1 file=/home/ayush/abc/blif/parker1986.blif
======== ABC command line "read_library /home/ayush/abc/genlib.genlib; read_blif /home/ayush/abc/blif/parker1986.blif; strash; map;"
RESULT g_mode=1 qor=2008.00 cuts_used=1804 cpu_time=30951.00 post_ml_time=6704.00
CUT_STATS g_mode=1 candidate_cuts=11989

RUN benchmark=parker1986.blif g_mode=2 file=/home/ayush/abc/blif/parker1986.blif
======== ABC command line "read_library /home/ayush/abc/genlib.genlib; read_blif /home/ayush/abc/blif/parker1986.blif; strash; map;"
RESULT g_mode=2 qor=2008.00 cuts_used=1804 cpu_time=27467.00 post_ml_time=5834.00
CUT_STATS g_mode=2 candidate_cuts=9503

RUN benchmark=parker1986.blif g_mode=3 file=/home/ayush/abc/blif/parker1986.blif
======== ABC command line "read_library /home/ayush/abc/genlib.genlib; read_blif /home/ayush/abc/blif/parker1986.blif; strash; map;"
RESULT g_mode=3 qor=2008.00 cuts_used=1804 cpu_time=26460.00 post_ml_time=5484.00
CUT_STATS g_mode=3 candidate_cuts=6732

RUN benchmark=pcle.blif g_mode=0 file=/home/ayush/abc/blif/pcle.blif
======== ABC command line "read_library /home/ayush/abc/genlib.genlib; read_blif /home/ayush/abc/blif/pcle.blif; strash; map;"
RESULT g_mode=0 qor=98.00 cuts_used=90 cpu_time=784.00 post_ml_time=323.00
CUT_STATS g_mode=0 candidate_cuts=474

RUN benchmark=pcle.blif g_mode=1 file=/home/ayush/abc/blif/pcle.blif
======== ABC command line "read_library /home/ayush/abc/genlib.genlib; read_blif /home/ayush/abc/blif/pcle.blif; strash; map;"
RESULT g_mode=1 qor=98.00 cuts_used=90 cpu_time=1055.00 post_ml_time=519.00
CUT_STATS g_mode=1 candidate_cuts=388

RUN benchmark=pcle.blif g_mode=2 file=/home/ayush/abc/blif/pcle.blif
======== ABC command line "read_library /home/ayush/abc/genlib.genlib; read_blif /home/ayush/abc/blif/pcle.blif; strash; map;"
RESULT g_mode=2 qor=98.00 cuts_used=90 cpu_time=730.00 post_ml_time=301.00
CUT_STATS g_mode=2 candidate_cuts=329

RUN benchmark=pcle.blif g_mode=3 file=/home/ayush/abc/blif/pcle.blif
======== ABC command line "read_library /home/ayush/abc/genlib.genlib; read_blif /home/ayush/abc/blif/pcle.blif; strash; map;"
RESULT g_mode=3 qor=98.00 cuts_used=90 cpu_time=825.00 post_ml_time=322.00
CUT_STATS g_mode=3 candidate_cuts=254

RUN benchmark=pcler8.blif g_mode=0 file=/home/ayush/abc/blif/pcler8.blif
======== ABC command line "read_library /home/ayush/abc/genlib.genlib; read_blif /home/ayush/abc/blif/pcler8.blif; strash; map;"
RESULT g_mode=0 qor=120.00 cuts_used=112 cpu_time=1054.00 post_ml_time=486.00
CUT_STATS g_mode=0 candidate_cuts=710

RUN benchmark=pcler8.blif g_mode=1 file=/home/ayush/abc/blif/pcler8.blif
======== ABC command line "read_library /home/ayush/abc/genlib.genlib; read_blif /home/ayush/abc/blif/pcler8.blif; strash; map;"
RESULT g_mode=1 qor=120.00 cuts_used=112 cpu_time=1065.00 post_ml_time=420.00
CUT_STATS g_mode=1 candidate_cuts=576

RUN benchmark=pcler8.blif g_mode=2 file=/home/ayush/abc/blif/pcler8.blif
======== ABC command line "read_library /home/ayush/abc/genlib.genlib; read_blif /home/ayush/abc/blif/pcler8.blif; strash; map;"
RESULT g_mode=2 qor=120.00 cuts_used=112 cpu_time=1145.00 post_ml_time=458.00
CUT_STATS g_mode=2 candidate_cuts=485

RUN benchmark=pcler8.blif g_mode=3 file=/home/ayush/abc/blif/pcler8.blif
======== ABC command line "read_library /home/ayush/abc/genlib.genlib; read_blif /home/ayush/abc/blif/pcler8.blif; strash; map;"
RESULT g_mode=3 qor=120.00 cuts_used=112 cpu_time=1658.00 post_ml_time=698.00
CUT_STATS g_mode=3 candidate_cuts=368

RUN benchmark=pdc.blif g_mode=0 file=/home/ayush/abc/blif/pdc.blif
======== ABC command line "read_library /home/ayush/abc/genlib.genlib; read_blif /home/ayush/abc/blif/pdc.blif; strash; map;"
RESULT g_mode=0 qor=13640.00 cuts_used=13615 cpu_time=237782.00 post_ml_time=120046.00
CUT_STATS g_mode=0 candidate_cuts=156053

RUN benchmark=pdc.blif g_mode=1 file=/home/ayush/abc/blif/pdc.blif
======== ABC command line "read_library /home/ayush/abc/genlib.genlib; read_blif /home/ayush/abc/blif/pdc.blif; strash; map;"
RESULT g_mode=1 qor=13640.00 cuts_used=13615 cpu_time=263144.00 post_ml_time=113629.00
CUT_STATS g_mode=1 candidate_cuts=91571

RUN benchmark=pdc.blif g_mode=2 file=/home/ayush/abc/blif/pdc.blif
======== ABC command line "read_library /home/ayush/abc/genlib.genlib; read_blif /home/ayush/abc/blif/pdc.blif; strash; map;"
RESULT g_mode=2 qor=13640.00 cuts_used=13615 cpu_time=215385.00 post_ml_time=91912.00
CUT_STATS g_mode=2 candidate_cuts=73682

RUN benchmark=pdc.blif g_mode=3 file=/home/ayush/abc/blif/pdc.blif
======== ABC command line "read_library /home/ayush/abc/genlib.genlib; read_blif /home/ayush/abc/blif/pdc.blif; strash; map;"
RESULT g_mode=3 qor=13640.00 cuts_used=13615 cpu_time=262194.00 post_ml_time=113921.00
CUT_STATS g_mode=3 candidate_cuts=53270

RUN benchmark=pdc.pre-vpr.blif g_mode=0 file=/home/ayush/abc/blif/pdc.pre-vpr.blif
======== ABC command line "read_library /home/ayush/abc/genlib.genlib; read_blif /home/ayush/abc/blif/pdc.pre-vpr.blif; strash; map;"
RESULT g_mode=0 qor=10206.00 cuts_used=10141 cpu_time=200124.00 post_ml_time=92307.00
CUT_STATS g_mode=0 candidate_cuts=145338

RUN benchmark=pdc.pre-vpr.blif g_mode=1 file=/home/ayush/abc/blif/pdc.pre-vpr.blif
======== ABC command line "read_library /home/ayush/abc/genlib.genlib; read_blif /home/ayush/abc/blif/pdc.pre-vpr.blif; strash; map;"
RESULT g_mode=1 qor=10206.00 cuts_used=10141 cpu_time=201614.00 post_ml_time=75594.00
CUT_STATS g_mode=1 candidate_cuts=72798

RUN benchmark=pdc.pre-vpr.blif g_mode=2 file=/home/ayush/abc/blif/pdc.pre-vpr.blif
======== ABC command line "read_library /home/ayush/abc/genlib.genlib; read_blif /home/ayush/abc/blif/pdc.pre-vpr.blif; strash; map;"
RESULT g_mode=2 qor=10206.00 cuts_used=10141 cpu_time=216121.00 post_ml_time=79238.00
CUT_STATS g_mode=2 candidate_cuts=56564

RUN benchmark=pdc.pre-vpr.blif g_mode=3 file=/home/ayush/abc/blif/pdc.pre-vpr.blif
======== ABC command line "read_library /home/ayush/abc/genlib.genlib; read_blif /home/ayush/abc/blif/pdc.pre-vpr.blif; strash; map;"
RESULT g_mode=3 qor=10206.00 cuts_used=10141 cpu_time=184709.00 post_ml_time=69113.00
CUT_STATS g_mode=3 candidate_cuts=39289

RUN benchmark=pdc.wiremap_area.blif g_mode=0 file=/home/ayush/abc/blif/pdc.wiremap_area.blif
======== ABC command line "read_library /home/ayush/abc/genlib.genlib; read_blif /home/ayush/abc/blif/pdc.wiremap_area.blif; strash; map;"
RESULT g_mode=0 qor=9407.00 cuts_used=9329 cpu_time=186562.00 post_ml_time=78386.00
CUT_STATS g_mode=0 candidate_cuts=147355

RUN benchmark=pdc.wiremap_area.blif g_mode=1 file=/home/ayush/abc/blif/pdc.wiremap_area.blif
======== ABC command line "read_library /home/ayush/abc/genlib.genlib; read_blif /home/ayush/abc/blif/pdc.wiremap_area.blif; strash; map;"
RESULT g_mode=1 qor=9407.00 cuts_used=9329 cpu_time=265934.00 post_ml_time=94999.00
CUT_STATS g_mode=1 candidate_cuts=68828

RUN benchmark=pdc.wiremap_area.blif g_mode=2 file=/home/ayush/abc/blif/pdc.wiremap_area.blif
======== ABC command line "read_library /home/ayush/abc/genlib.genlib; read_blif /home/ayush/abc/blif/pdc.wiremap_area.blif; strash; map;"
RESULT g_mode=2 qor=9407.00 cuts_used=9329 cpu_time=237695.00 post_ml_time=85060.00
CUT_STATS g_mode=2 candidate_cuts=53058

RUN benchmark=pdc.wiremap_area.blif g_mode=3 file=/home/ayush/abc/blif/pdc.wiremap_area.blif
======== ABC command line "read_library /home/ayush/abc/genlib.genlib; read_blif /home/ayush/abc/blif/pdc.wiremap_area.blif; strash; map;"
RESULT g_mode=3 qor=9407.00 cuts_used=9329 cpu_time=252784.00 post_ml_time=87503.00
CUT_STATS g_mode=3 candidate_cuts=36363

RUN benchmark=pdc.wiremap_depth.blif g_mode=0 file=/home/ayush/abc/blif/pdc.wiremap_depth.blif
======== ABC command line "read_library /home/ayush/abc/genlib.genlib; read_blif /home/ayush/abc/blif/pdc.wiremap_depth.blif; strash; map;"
RESULT g_mode=0 qor=10206.00 cuts_used=10141 cpu_time=167549.00 post_ml_time=75835.00
CUT_STATS g_mode=0 candidate_cuts=145338

RUN benchmark=pdc.wiremap_depth.blif g_mode=1 file=/home/ayush/abc/blif/pdc.wiremap_depth.blif
======== ABC command line "read_library /home/ayush/abc/genlib.genlib; read_blif /home/ayush/abc/blif/pdc.wiremap_depth.blif; strash; map;"
RESULT g_mode=1 qor=10206.00 cuts_used=10141 cpu_time=207645.00 post_ml_time=78502.00
CUT_STATS g_mode=1 candidate_cuts=72798

RUN benchmark=pdc.wiremap_depth.blif g_mode=2 file=/home/ayush/abc/blif/pdc.wiremap_depth.blif
======== ABC command line "read_library /home/ayush/abc/genlib.genlib; read_blif /home/ayush/abc/blif/pdc.wiremap_depth.blif; strash; map;"
RESULT g_mode=2 qor=10206.00 cuts_used=10141 cpu_time=208859.00 post_ml_time=76751.00
CUT_STATS g_mode=2 candidate_cuts=56564

RUN benchmark=pdc.wiremap_depth.blif g_mode=3 file=/home/ayush/abc/blif/pdc.wiremap_depth.blif
======== ABC command line "read_library /home/ayush/abc/genlib.genlib; read_blif /home/ayush/abc/blif/pdc.wiremap_depth.blif; strash; map;"
RESULT g_mode=3 qor=10206.00 cuts_used=10141 cpu_time=179698.00 post_ml_time=65894.00
CUT_STATS g_mode=3 candidate_cuts=39289

RUN benchmark=ph-decod.blif g_mode=0 file=/home/ayush/abc/blif/ph-decod.blif
======== ABC command line "read_library /home/ayush/abc/genlib.genlib; read_blif /home/ayush/abc/blif/ph-decod.blif; strash; map;"
RESULT g_mode=0 qor=718.00 cuts_used=661 cpu_time=7027.00 post_ml_time=2861.00
CUT_STATS g_mode=0 candidate_cuts=5562

RUN benchmark=ph-decod.blif g_mode=1 file=/home/ayush/abc/blif/ph-decod.blif
======== ABC command line "read_library /home/ayush/abc/genlib.genlib; read_blif /home/ayush/abc/blif/ph-decod.blif; strash; map;"
RESULT g_mode=1 qor=718.00 cuts_used=661 cpu_time=8343.00 post_ml_time=2915.00
CUT_STATS g_mode=1 candidate_cuts=3660

RUN benchmark=ph-decod.blif g_mode=2 file=/home/ayush/abc/blif/ph-decod.blif
======== ABC command line "read_library /home/ayush/abc/genlib.genlib; read_blif /home/ayush/abc/blif/ph-decod.blif; strash; map;"
RESULT g_mode=2 qor=718.00 cuts_used=661 cpu_time=8327.00 post_ml_time=2773.00
CUT_STATS g_mode=2 candidate_cuts=3007

RUN benchmark=ph-decod.blif g_mode=3 file=/home/ayush/abc/blif/ph-decod.blif
======== ABC command line "read_library /home/ayush/abc/genlib.genlib; read_blif /home/ayush/abc/blif/ph-decod.blif; strash; map;"
RESULT g_mode=3 qor=718.00 cuts_used=661 cpu_time=8036.00 post_ml_time=2780.00
CUT_STATS g_mode=3 candidate_cuts=2243

RUN benchmark=picosoc_stratix10_arch_timing.blif g_mode=0 file=/home/ayush/abc/blif/picosoc_stratix10_arch_timing.blif
======== ABC command line "read_library /home/ayush/abc/genlib.genlib; read_blif /home/ayush/abc/blif/picosoc_stratix10_arch_timing.blif; strash; map;"
Line 106: Cannot find PI "clrn" of the model "fourteennm_ff" as a formal input of the subcircuit.
Reading network from file has failed.

RUN benchmark=picosoc_stratix10_arch_timing.blif g_mode=1 file=/home/ayush/abc/blif/picosoc_stratix10_arch_timing.blif
======== ABC command line "read_library /home/ayush/abc/genlib.genlib; read_blif /home/ayush/abc/blif/picosoc_stratix10_arch_timing.blif; strash; map;"
Line 106: Cannot find PI "clrn" of the model "fourteennm_ff" as a formal input of the subcircuit.
Reading network from file has failed.

RUN benchmark=picosoc_stratix10_arch_timing.blif g_mode=2 file=/home/ayush/abc/blif/picosoc_stratix10_arch_timing.blif
======== ABC command line "read_library /home/ayush/abc/genlib.genlib; read_blif /home/ayush/abc/blif/picosoc_stratix10_arch_timing.blif; strash; map;"
Line 106: Cannot find PI "clrn" of the model "fourteennm_ff" as a formal input of the subcircuit.
Reading network from file has failed.

RUN benchmark=picosoc_stratix10_arch_timing.blif g_mode=3 file=/home/ayush/abc/blif/picosoc_stratix10_arch_timing.blif
======== ABC command line "read_library /home/ayush/abc/genlib.genlib; read_blif /home/ayush/abc/blif/picosoc_stratix10_arch_timing.blif; strash; map;"
Line 106: Cannot find PI "clrn" of the model "fourteennm_ff" as a formal input of the subcircuit.
Reading network from file has failed.

RUN benchmark=planet1.blif g_mode=0 file=/home/ayush/abc/blif/planet1.blif
======== ABC command line "read_library /home/ayush/abc/genlib.genlib; read_blif /home/ayush/abc/blif/planet1.blif; strash; map;"
RESULT g_mode=0 qor=603.00 cuts_used=591 cpu_time=5060.00 post_ml_time=2491.00
CUT_STATS g_mode=0 candidate_cuts=3770

RUN benchmark=planet1.blif g_mode=1 file=/home/ayush/abc/blif/planet1.blif
======== ABC command line "read_library /home/ayush/abc/genlib.genlib; read_blif /home/ayush/abc/blif/planet1.blif; strash; map;"
RESULT g_mode=1 qor=603.00 cuts_used=591 cpu_time=6421.00 post_ml_time=2728.00
CUT_STATS g_mode=1 candidate_cuts=2827

RUN benchmark=planet1.blif g_mode=2 file=/home/ayush/abc/blif/planet1.blif
======== ABC command line "read_library /home/ayush/abc/genlib.genlib; read_blif /home/ayush/abc/blif/planet1.blif; strash; map;"
RESULT g_mode=2 qor=603.00 cuts_used=591 cpu_time=5279.00 post_ml_time=2265.00
CUT_STATS g_mode=2 candidate_cuts=2421

RUN benchmark=planet1.blif g_mode=3 file=/home/ayush/abc/blif/planet1.blif
======== ABC command line "read_library /home/ayush/abc/genlib.genlib; read_blif /home/ayush/abc/blif/planet1.blif; strash; map;"
RESULT g_mode=3 qor=603.00 cuts_used=591 cpu_time=4608.00 post_ml_time=1929.00
CUT_STATS g_mode=3 candidate_cuts=1884

RUN benchmark=planet.blif g_mode=0 file=/home/ayush/abc/blif/planet.blif
======== ABC command line "read_library /home/ayush/abc/genlib.genlib; read_blif /home/ayush/abc/blif/planet.blif; strash; map;"
RESULT g_mode=0 qor=602.00 cuts_used=588 cpu_time=4177.00 post_ml_time=2041.00
CUT_STATS g_mode=0 candidate_cuts=3767

RUN benchmark=planet.blif g_mode=1 file=/home/ayush/abc/blif/planet.blif
======== ABC command line "read_library /home/ayush/abc/genlib.genlib; read_blif /home/ayush/abc/blif/planet.blif; strash; map;"
RESULT g_mode=1 qor=602.00 cuts_used=588 cpu_time=5562.00 post_ml_time=2555.00
CUT_STATS g_mode=1 candidate_cuts=2824

RUN benchmark=planet.blif g_mode=2 file=/home/ayush/abc/blif/planet.blif
======== ABC command line "read_library /home/ayush/abc/genlib.genlib; read_blif /home/ayush/abc/blif/planet.blif; strash; map;"
RESULT g_mode=2 qor=602.00 cuts_used=588 cpu_time=4441.00 post_ml_time=1891.00
CUT_STATS g_mode=2 candidate_cuts=2418

RUN benchmark=planet.blif g_mode=3 file=/home/ayush/abc/blif/planet.blif
======== ABC command line "read_library /home/ayush/abc/genlib.genlib; read_blif /home/ayush/abc/blif/planet.blif; strash; map;"
RESULT g_mode=3 qor=602.00 cuts_used=588 cpu_time=5488.00 post_ml_time=2335.00
CUT_STATS g_mode=3 candidate_cuts=1881

RUN benchmark=pm1.blif g_mode=0 file=/home/ayush/abc/blif/pm1.blif
======== ABC command line "read_library /home/ayush/abc/genlib.genlib; read_blif /home/ayush/abc/blif/pm1.blif; strash; map;"
RESULT g_mode=0 qor=52.00 cuts_used=43 cpu_time=320.00 post_ml_time=145.00
CUT_STATS g_mode=0 candidate_cuts=154

RUN benchmark=pm1.blif g_mode=1 file=/home/ayush/abc/blif/pm1.blif
======== ABC command line "read_library /home/ayush/abc/genlib.genlib; read_blif /home/ayush/abc/blif/pm1.blif; strash; map;"
RESULT g_mode=1 qor=52.00 cuts_used=43 cpu_time=466.00 post_ml_time=190.00
CUT_STATS g_mode=1 candidate_cuts=143

RUN benchmark=pm1.blif g_mode=2 file=/home/ayush/abc/blif/pm1.blif
======== ABC command line "read_library /home/ayush/abc/genlib.genlib; read_blif /home/ayush/abc/blif/pm1.blif; strash; map;"
RESULT g_mode=2 qor=52.00 cuts_used=43 cpu_time=535.00 post_ml_time=213.00
CUT_STATS g_mode=2 candidate_cuts=135

RUN benchmark=pm1.blif g_mode=3 file=/home/ayush/abc/blif/pm1.blif
======== ABC command line "read_library /home/ayush/abc/genlib.genlib; read_blif /home/ayush/abc/blif/pm1.blif; strash; map;"
RESULT g_mode=3 qor=52.00 cuts_used=43 cpu_time=435.00 post_ml_time=177.00
CUT_STATS g_mode=3 candidate_cuts=115

RUN benchmark=pma.blif g_mode=0 file=/home/ayush/abc/blif/pma.blif
======== ABC command line "read_library /home/ayush/abc/genlib.genlib; read_blif /home/ayush/abc/blif/pma.blif; strash; map;"
RESULT g_mode=0 qor=238.00 cuts_used=228 cpu_time=1669.00 post_ml_time=811.00
CUT_STATS g_mode=0 candidate_cuts=1370

RUN benchmark=pma.blif g_mode=1 file=/home/ayush/abc/blif/pma.blif
======== ABC command line "read_library /home/ayush/abc/genlib.genlib; read_blif /home/ayush/abc/blif/pma.blif; strash; map;"
RESULT g_mode=1 qor=238.00 cuts_used=228 cpu_time=1794.00 post_ml_time=752.00
CUT_STATS g_mode=1 candidate_cuts=1020

RUN benchmark=pma.blif g_mode=2 file=/home/ayush/abc/blif/pma.blif
======== ABC command line "read_library /home/ayush/abc/genlib.genlib; read_blif /home/ayush/abc/blif/pma.blif; strash; map;"
RESULT g_mode=2 qor=238.00 cuts_used=228 cpu_time=1935.00 post_ml_time=785.00
CUT_STATS g_mode=2 candidate_cuts=882

RUN benchmark=pma.blif g_mode=3 file=/home/ayush/abc/blif/pma.blif
======== ABC command line "read_library /home/ayush/abc/genlib.genlib; read_blif /home/ayush/abc/blif/pma.blif; strash; map;"
RESULT g_mode=3 qor=238.00 cuts_used=228 cpu_time=1836.00 post_ml_time=764.00
CUT_STATS g_mode=3 candidate_cuts=692

RUN benchmark=radar20_stratix10_arch_timing.blif g_mode=0 file=/home/ayush/abc/blif/radar20_stratix10_arch_timing.blif
======== ABC command line "read_library /home/ayush/abc/genlib.genlib; read_blif /home/ayush/abc/blif/radar20_stratix10_arch_timing.blif; strash; map;"
Line 28: Cannot find PI "clrn" of the model "fourteennm_ff" as a formal input of the subcircuit.
Reading network from file has failed.

RUN benchmark=radar20_stratix10_arch_timing.blif g_mode=1 file=/home/ayush/abc/blif/radar20_stratix10_arch_timing.blif
======== ABC command line "read_library /home/ayush/abc/genlib.genlib; read_blif /home/ayush/abc/blif/radar20_stratix10_arch_timing.blif; strash; map;"
Line 28: Cannot find PI "clrn" of the model "fourteennm_ff" as a formal input of the subcircuit.
Reading network from file has failed.

RUN benchmark=radar20_stratix10_arch_timing.blif g_mode=2 file=/home/ayush/abc/blif/radar20_stratix10_arch_timing.blif
======== ABC command line "read_library /home/ayush/abc/genlib.genlib; read_blif /home/ayush/abc/blif/radar20_stratix10_arch_timing.blif; strash; map;"
Line 28: Cannot find PI "clrn" of the model "fourteennm_ff" as a formal input of the subcircuit.
Reading network from file has failed.

RUN benchmark=radar20_stratix10_arch_timing.blif g_mode=3 file=/home/ayush/abc/blif/radar20_stratix10_arch_timing.blif
======== ABC command line "read_library /home/ayush/abc/genlib.genlib; read_blif /home/ayush/abc/blif/radar20_stratix10_arch_timing.blif; strash; map;"
Line 28: Cannot find PI "clrn" of the model "fourteennm_ff" as a formal input of the subcircuit.
Reading network from file has failed.

RUN benchmark=rca_1bit.blif g_mode=0 file=/home/ayush/abc/blif/rca_1bit.blif
======== ABC command line "read_library /home/ayush/abc/genlib.genlib; read_blif /home/ayush/abc/blif/rca_1bit.blif; strash; map;"
RESULT g_mode=0 qor=11.00 cuts_used=10 cpu_time=191.00 post_ml_time=52.00
CUT_STATS g_mode=0 candidate_cuts=38

RUN benchmark=rca_1bit.blif g_mode=1 file=/home/ayush/abc/blif/rca_1bit.blif
======== ABC command line "read_library /home/ayush/abc/genlib.genlib; read_blif /home/ayush/abc/blif/rca_1bit.blif; strash; map;"
RESULT g_mode=1 qor=11.00 cuts_used=10 cpu_time=202.00 post_ml_time=56.00
CUT_STATS g_mode=1 candidate_cuts=36

RUN benchmark=rca_1bit.blif g_mode=2 file=/home/ayush/abc/blif/rca_1bit.blif
======== ABC command line "read_library /home/ayush/abc/genlib.genlib; read_blif /home/ayush/abc/blif/rca_1bit.blif; strash; map;"
RESULT g_mode=2 qor=11.00 cuts_used=10 cpu_time=216.00 post_ml_time=59.00
CUT_STATS g_mode=2 candidate_cuts=33

RUN benchmark=rca_1bit.blif g_mode=3 file=/home/ayush/abc/blif/rca_1bit.blif
======== ABC command line "read_library /home/ayush/abc/genlib.genlib; read_blif /home/ayush/abc/blif/rca_1bit.blif; strash; map;"
RESULT g_mode=3 qor=11.00 cuts_used=10 cpu_time=211.00 post_ml_time=59.00
CUT_STATS g_mode=3 candidate_cuts=29

RUN benchmark=rca_2bit.blif g_mode=0 file=/home/ayush/abc/blif/rca_2bit.blif
======== ABC command line "read_library /home/ayush/abc/genlib.genlib; read_blif /home/ayush/abc/blif/rca_2bit.blif; strash; map;"
RESULT g_mode=0 qor=22.00 cuts_used=20 cpu_time=286.00 post_ml_time=95.00
CUT_STATS g_mode=0 candidate_cuts=127

RUN benchmark=rca_2bit.blif g_mode=1 file=/home/ayush/abc/blif/rca_2bit.blif
======== ABC command line "read_library /home/ayush/abc/genlib.genlib; read_blif /home/ayush/abc/blif/rca_2bit.blif; strash; map;"
RESULT g_mode=1 qor=22.00 cuts_used=20 cpu_time=401.00 post_ml_time=120.00
CUT_STATS g_mode=1 candidate_cuts=82

RUN benchmark=rca_2bit.blif g_mode=2 file=/home/ayush/abc/blif/rca_2bit.blif
======== ABC command line "read_library /home/ayush/abc/genlib.genlib; read_blif /home/ayush/abc/blif/rca_2bit.blif; strash; map;"
RESULT g_mode=2 qor=22.00 cuts_used=20 cpu_time=372.00 post_ml_time=100.00
CUT_STATS g_mode=2 candidate_cuts=70

RUN benchmark=rca_2bit.blif g_mode=3 file=/home/ayush/abc/blif/rca_2bit.blif
======== ABC command line "read_library /home/ayush/abc/genlib.genlib; read_blif /home/ayush/abc/blif/rca_2bit.blif; strash; map;"
RESULT g_mode=3 qor=22.00 cuts_used=20 cpu_time=346.00 post_ml_time=102.00
CUT_STATS g_mode=3 candidate_cuts=58

RUN benchmark=rca_3bit.blif g_mode=0 file=/home/ayush/abc/blif/rca_3bit.blif
======== ABC command line "read_library /home/ayush/abc/genlib.genlib; read_blif /home/ayush/abc/blif/rca_3bit.blif; strash; map;"
RESULT g_mode=0 qor=34.00 cuts_used=30 cpu_time=514.00 post_ml_time=180.00
CUT_STATS g_mode=0 candidate_cuts=279

RUN benchmark=rca_3bit.blif g_mode=1 file=/home/ayush/abc/blif/rca_3bit.blif
======== ABC command line "read_library /home/ayush/abc/genlib.genlib; read_blif /home/ayush/abc/blif/rca_3bit.blif; strash; map;"
RESULT g_mode=1 qor=34.00 cuts_used=30 cpu_time=673.00 post_ml_time=179.00
CUT_STATS g_mode=1 candidate_cuts=242

RUN benchmark=rca_3bit.blif g_mode=2 file=/home/ayush/abc/blif/rca_3bit.blif
======== ABC command line "read_library /home/ayush/abc/genlib.genlib; read_blif /home/ayush/abc/blif/rca_3bit.blif; strash; map;"
RESULT g_mode=2 qor=34.00 cuts_used=30 cpu_time=474.00 post_ml_time=138.00
CUT_STATS g_mode=2 candidate_cuts=189

RUN benchmark=rca_3bit.blif g_mode=3 file=/home/ayush/abc/blif/rca_3bit.blif
======== ABC command line "read_library /home/ayush/abc/genlib.genlib; read_blif /home/ayush/abc/blif/rca_3bit.blif; strash; map;"
RESULT g_mode=3 qor=34.00 cuts_used=30 cpu_time=479.00 post_ml_time=137.00
CUT_STATS g_mode=3 candidate_cuts=133

RUN benchmark=rca_4bit.blif g_mode=0 file=/home/ayush/abc/blif/rca_4bit.blif
======== ABC command line "read_library /home/ayush/abc/genlib.genlib; read_blif /home/ayush/abc/blif/rca_4bit.blif; strash; map;"
RESULT g_mode=0 qor=46.00 cuts_used=40 cpu_time=526.00 post_ml_time=171.00
CUT_STATS g_mode=0 candidate_cuts=403

RUN benchmark=rca_4bit.blif g_mode=1 file=/home/ayush/abc/blif/rca_4bit.blif
======== ABC command line "read_library /home/ayush/abc/genlib.genlib; read_blif /home/ayush/abc/blif/rca_4bit.blif; strash; map;"
RESULT g_mode=1 qor=46.00 cuts_used=40 cpu_time=619.00 post_ml_time=175.00
CUT_STATS g_mode=1 candidate_cuts=345

RUN benchmark=rca_4bit.blif g_mode=2 file=/home/ayush/abc/blif/rca_4bit.blif
======== ABC command line "read_library /home/ayush/abc/genlib.genlib; read_blif /home/ayush/abc/blif/rca_4bit.blif; strash; map;"
RESULT g_mode=2 qor=46.00 cuts_used=40 cpu_time=756.00 post_ml_time=214.00
CUT_STATS g_mode=2 candidate_cuts=267

RUN benchmark=rca_4bit.blif g_mode=3 file=/home/ayush/abc/blif/rca_4bit.blif
======== ABC command line "read_library /home/ayush/abc/genlib.genlib; read_blif /home/ayush/abc/blif/rca_4bit.blif; strash; map;"
RESULT g_mode=3 qor=46.00 cuts_used=40 cpu_time=605.00 post_ml_time=165.00
CUT_STATS g_mode=3 candidate_cuts=185

RUN benchmark=rca_5bit.blif g_mode=0 file=/home/ayush/abc/blif/rca_5bit.blif
======== ABC command line "read_library /home/ayush/abc/genlib.genlib; read_blif /home/ayush/abc/blif/rca_5bit.blif; strash; map;"
RESULT g_mode=0 qor=53.00 cuts_used=49 cpu_time=700.00 post_ml_time=277.00
CUT_STATS g_mode=0 candidate_cuts=422

RUN benchmark=rca_5bit.blif g_mode=1 file=/home/ayush/abc/blif/rca_5bit.blif
======== ABC command line "read_library /home/ayush/abc/genlib.genlib; read_blif /home/ayush/abc/blif/rca_5bit.blif; strash; map;"
RESULT g_mode=1 qor=53.00 cuts_used=49 cpu_time=871.00 post_ml_time=280.00
CUT_STATS g_mode=1 candidate_cuts=304

RUN benchmark=rca_5bit.blif g_mode=2 file=/home/ayush/abc/blif/rca_5bit.blif
======== ABC command line "read_library /home/ayush/abc/genlib.genlib; read_blif /home/ayush/abc/blif/rca_5bit.blif; strash; map;"
RESULT g_mode=2 qor=53.00 cuts_used=49 cpu_time=672.00 post_ml_time=198.00
CUT_STATS g_mode=2 candidate_cuts=252

RUN benchmark=rca_5bit.blif g_mode=3 file=/home/ayush/abc/blif/rca_5bit.blif
======== ABC command line "read_library /home/ayush/abc/genlib.genlib; read_blif /home/ayush/abc/blif/rca_5bit.blif; strash; map;"
RESULT g_mode=3 qor=53.00 cuts_used=49 cpu_time=666.00 post_ml_time=196.00
CUT_STATS g_mode=3 candidate_cuts=182

RUN benchmark=rd53.blif g_mode=0 file=/home/ayush/abc/blif/rd53.blif
======== ABC command line "read_library /home/ayush/abc/genlib.genlib; read_blif /home/ayush/abc/blif/rd53.blif; strash; map;"
RESULT g_mode=0 qor=49.00 cuts_used=46 cpu_time=560.00 post_ml_time=212.00
CUT_STATS g_mode=0 candidate_cuts=344

RUN benchmark=rd53.blif g_mode=1 file=/home/ayush/abc/blif/rd53.blif
======== ABC command line "read_library /home/ayush/abc/genlib.genlib; read_blif /home/ayush/abc/blif/rd53.blif; strash; map;"
RESULT g_mode=1 qor=49.00 cuts_used=46 cpu_time=596.00 post_ml_time=202.00
CUT_STATS g_mode=1 candidate_cuts=214

RUN benchmark=rd53.blif g_mode=2 file=/home/ayush/abc/blif/rd53.blif
======== ABC command line "read_library /home/ayush/abc/genlib.genlib; read_blif /home/ayush/abc/blif/rd53.blif; strash; map;"
RESULT g_mode=2 qor=49.00 cuts_used=46 cpu_time=624.00 post_ml_time=211.00
CUT_STATS g_mode=2 candidate_cuts=186

RUN benchmark=rd53.blif g_mode=3 file=/home/ayush/abc/blif/rd53.blif
======== ABC command line "read_library /home/ayush/abc/genlib.genlib; read_blif /home/ayush/abc/blif/rd53.blif; strash; map;"
RESULT g_mode=3 qor=49.00 cuts_used=46 cpu_time=675.00 post_ml_time=228.00
CUT_STATS g_mode=3 candidate_cuts=150

RUN benchmark=rd73.blif g_mode=0 file=/home/ayush/abc/blif/rd73.blif
======== ABC command line "read_library /home/ayush/abc/genlib.genlib; read_blif /home/ayush/abc/blif/rd73.blif; strash; map;"
RESULT g_mode=0 qor=176.00 cuts_used=167 cpu_time=2328.00 post_ml_time=1018.00
CUT_STATS g_mode=0 candidate_cuts=1342

RUN benchmark=rd73.blif g_mode=1 file=/home/ayush/abc/blif/rd73.blif
======== ABC command line "read_library /home/ayush/abc/genlib.genlib; read_blif /home/ayush/abc/blif/rd73.blif; strash; map;"
RESULT g_mode=1 qor=176.00 cuts_used=167 cpu_time=2372.00 post_ml_time=900.00
CUT_STATS g_mode=1 candidate_cuts=850

RUN benchmark=rd73.blif g_mode=2 file=/home/ayush/abc/blif/rd73.blif
======== ABC command line "read_library /home/ayush/abc/genlib.genlib; read_blif /home/ayush/abc/blif/rd73.blif; strash; map;"
RESULT g_mode=2 qor=176.00 cuts_used=167 cpu_time=1986.00 post_ml_time=735.00
CUT_STATS g_mode=2 candidate_cuts=712

RUN benchmark=rd73.blif g_mode=3 file=/home/ayush/abc/blif/rd73.blif
======== ABC command line "read_library /home/ayush/abc/genlib.genlib; read_blif /home/ayush/abc/blif/rd73.blif; strash; map;"
RESULT g_mode=3 qor=176.00 cuts_used=167 cpu_time=2183.00 post_ml_time=816.00
CUT_STATS g_mode=3 candidate_cuts=546

RUN benchmark=rd84.blif g_mode=0 file=/home/ayush/abc/blif/rd84.blif
======== ABC command line "read_library /home/ayush/abc/genlib.genlib; read_blif /home/ayush/abc/blif/rd84.blif; strash; map;"
RESULT g_mode=0 qor=385.00 cuts_used=374 cpu_time=3809.00 post_ml_time=1833.00
CUT_STATS g_mode=0 candidate_cuts=2925

RUN benchmark=rd84.blif g_mode=1 file=/home/ayush/abc/blif/rd84.blif
======== ABC command line "read_library /home/ayush/abc/genlib.genlib; read_blif /home/ayush/abc/blif/rd84.blif; strash; map;"
RESULT g_mode=1 qor=385.00 cuts_used=374 cpu_time=4910.00 post_ml_time=1966.00
CUT_STATS g_mode=1 candidate_cuts=1934

RUN benchmark=rd84.blif g_mode=2 file=/home/ayush/abc/blif/rd84.blif
======== ABC command line "read_library /home/ayush/abc/genlib.genlib; read_blif /home/ayush/abc/blif/rd84.blif; strash; map;"
RESULT g_mode=2 qor=385.00 cuts_used=374 cpu_time=3975.00 post_ml_time=1703.00
CUT_STATS g_mode=2 candidate_cuts=1625

RUN benchmark=rd84.blif g_mode=3 file=/home/ayush/abc/blif/rd84.blif
======== ABC command line "read_library /home/ayush/abc/genlib.genlib; read_blif /home/ayush/abc/blif/rd84.blif; strash; map;"
RESULT g_mode=3 qor=385.00 cuts_used=374 cpu_time=4540.00 post_ml_time=2091.00
CUT_STATS g_mode=3 candidate_cuts=1236

RUN benchmark=reg_4x32.blif g_mode=0 file=/home/ayush/abc/blif/reg_4x32.blif
======== ABC command line "read_library /home/ayush/abc/genlib.genlib; read_blif /home/ayush/abc/blif/reg_4x32.blif; strash; map;"
RESULT g_mode=0 qor=160.00 cuts_used=0 cpu_time=145.00 post_ml_time=41.00
CUT_STATS g_mode=0 candidate_cuts=0

RUN benchmark=reg_4x32.blif g_mode=1 file=/home/ayush/abc/blif/reg_4x32.blif
======== ABC command line "read_library /home/ayush/abc/genlib.genlib; read_blif /home/ayush/abc/blif/reg_4x32.blif; strash; map;"
RESULT g_mode=1 qor=160.00 cuts_used=0 cpu_time=167.00 post_ml_time=33.00
CUT_STATS g_mode=1 candidate_cuts=0

RUN benchmark=reg_4x32.blif g_mode=2 file=/home/ayush/abc/blif/reg_4x32.blif
======== ABC command line "read_library /home/ayush/abc/genlib.genlib; read_blif /home/ayush/abc/blif/reg_4x32.blif; strash; map;"
RESULT g_mode=2 qor=160.00 cuts_used=0 cpu_time=169.00 post_ml_time=32.00
CUT_STATS g_mode=2 candidate_cuts=0

RUN benchmark=reg_4x32.blif g_mode=3 file=/home/ayush/abc/blif/reg_4x32.blif
======== ABC command line "read_library /home/ayush/abc/genlib.genlib; read_blif /home/ayush/abc/blif/reg_4x32.blif; strash; map;"
RESULT g_mode=3 qor=160.00 cuts_used=0 cpu_time=167.00 post_ml_time=34.00
CUT_STATS g_mode=3 candidate_cuts=0

RUN benchmark=rot.blif g_mode=0 file=/home/ayush/abc/blif/rot.blif
======== ABC command line "read_library /home/ayush/abc/genlib.genlib; read_blif /home/ayush/abc/blif/rot.blif; strash; map;"
RESULT g_mode=0 qor=796.00 cuts_used=699 cpu_time=8545.00 post_ml_time=3788.00
CUT_STATS g_mode=0 candidate_cuts=5089

RUN benchmark=rot.blif g_mode=1 file=/home/ayush/abc/blif/rot.blif
======== ABC command line "read_library /home/ayush/abc/genlib.genlib; read_blif /home/ayush/abc/blif/rot.blif; strash; map;"
RESULT g_mode=1 qor=796.00 cuts_used=699 cpu_time=7231.00 post_ml_time=2844.00
CUT_STATS g_mode=1 candidate_cuts=3454

RUN benchmark=rot.blif g_mode=2 file=/home/ayush/abc/blif/rot.blif
======== ABC command line "read_library /home/ayush/abc/genlib.genlib; read_blif /home/ayush/abc/blif/rot.blif; strash; map;"
RESULT g_mode=2 qor=796.00 cuts_used=699 cpu_time=6664.00 post_ml_time=2551.00
CUT_STATS g_mode=2 candidate_cuts=2908

RUN benchmark=rot.blif g_mode=3 file=/home/ayush/abc/blif/rot.blif
======== ABC command line "read_library /home/ayush/abc/genlib.genlib; read_blif /home/ayush/abc/blif/rot.blif; strash; map;"
RESULT g_mode=3 qor=796.00 cuts_used=699 cpu_time=6826.00 post_ml_time=2620.00
CUT_STATS g_mode=3 candidate_cuts=2223

RUN benchmark=s1196.blif g_mode=0 file=/home/ayush/abc/blif/s1196.blif
======== ABC command line "read_library /home/ayush/abc/genlib.genlib; read_blif /home/ayush/abc/blif/s1196.blif; strash; map;"
RESULT g_mode=0 qor=738.00 cuts_used=703 cpu_time=6815.00 post_ml_time=3005.00
CUT_STATS g_mode=0 candidate_cuts=5545

RUN benchmark=s1196.blif g_mode=1 file=/home/ayush/abc/blif/s1196.blif
======== ABC command line "read_library /home/ayush/abc/genlib.genlib; read_blif /home/ayush/abc/blif/s1196.blif; strash; map;"
RESULT g_mode=1 qor=738.00 cuts_used=703 cpu_time=8853.00 post_ml_time=3407.00
CUT_STATS g_mode=1 candidate_cuts=3574

RUN benchmark=s1196.blif g_mode=2 file=/home/ayush/abc/blif/s1196.blif
======== ABC command line "read_library /home/ayush/abc/genlib.genlib; read_blif /home/ayush/abc/blif/s1196.blif; strash; map;"
RESULT g_mode=2 qor=738.00 cuts_used=703 cpu_time=9151.00 post_ml_time=3278.00
CUT_STATS g_mode=2 candidate_cuts=2958

RUN benchmark=s1196.blif g_mode=3 file=/home/ayush/abc/blif/s1196.blif
======== ABC command line "read_library /home/ayush/abc/genlib.genlib; read_blif /home/ayush/abc/blif/s1196.blif; strash; map;"
RESULT g_mode=3 qor=738.00 cuts_used=703 cpu_time=6546.00 post_ml_time=2452.00
CUT_STATS g_mode=3 candidate_cuts=2221

RUN benchmark=s1238.blif g_mode=0 file=/home/ayush/abc/blif/s1238.blif
======== ABC command line "read_library /home/ayush/abc/genlib.genlib; read_blif /home/ayush/abc/blif/s1238.blif; strash; map;"
RESULT g_mode=0 qor=782.00 cuts_used=749 cpu_time=6539.00 post_ml_time=3027.00
CUT_STATS g_mode=0 candidate_cuts=5759

RUN benchmark=s1238.blif g_mode=1 file=/home/ayush/abc/blif/s1238.blif
======== ABC command line "read_library /home/ayush/abc/genlib.genlib; read_blif /home/ayush/abc/blif/s1238.blif; strash; map;"
RESULT g_mode=1 qor=782.00 cuts_used=749 cpu_time=8069.00 post_ml_time=2997.00
CUT_STATS g_mode=1 candidate_cuts=3749

RUN benchmark=s1238.blif g_mode=2 file=/home/ayush/abc/blif/s1238.blif
======== ABC command line "read_library /home/ayush/abc/genlib.genlib; read_blif /home/ayush/abc/blif/s1238.blif; strash; map;"
RESULT g_mode=2 qor=782.00 cuts_used=749 cpu_time=7091.00 post_ml_time=2602.00
CUT_STATS g_mode=2 candidate_cuts=3138

RUN benchmark=s1238.blif g_mode=3 file=/home/ayush/abc/blif/s1238.blif
======== ABC command line "read_library /home/ayush/abc/genlib.genlib; read_blif /home/ayush/abc/blif/s1238.blif; strash; map;"
RESULT g_mode=3 qor=782.00 cuts_used=749 cpu_time=8237.00 post_ml_time=3064.00
CUT_STATS g_mode=3 candidate_cuts=2397

RUN benchmark=s1423.blif g_mode=0 file=/home/ayush/abc/blif/s1423.blif
======== ABC command line "read_library /home/ayush/abc/genlib.genlib; read_blif /home/ayush/abc/blif/s1423.blif; strash; map;"
RESULT g_mode=0 qor=790.00 cuts_used=713 cpu_time=5118.00 post_ml_time=2180.00
CUT_STATS g_mode=0 candidate_cuts=5326

RUN benchmark=s1423.blif g_mode=1 file=/home/ayush/abc/blif/s1423.blif
======== ABC command line "read_library /home/ayush/abc/genlib.genlib; read_blif /home/ayush/abc/blif/s1423.blif; strash; map;"
RESULT g_mode=1 qor=790.00 cuts_used=713 cpu_time=8056.00 post_ml_time=2649.00
CUT_STATS g_mode=1 candidate_cuts=3927

RUN benchmark=s1423.blif g_mode=2 file=/home/ayush/abc/blif/s1423.blif
======== ABC command line "read_library /home/ayush/abc/genlib.genlib; read_blif /home/ayush/abc/blif/s1423.blif; strash; map;"
RESULT g_mode=2 qor=790.00 cuts_used=713 cpu_time=6444.00 post_ml_time=2397.00
CUT_STATS g_mode=2 candidate_cuts=3358

RUN benchmark=s1423.blif g_mode=3 file=/home/ayush/abc/blif/s1423.blif
======== ABC command line "read_library /home/ayush/abc/genlib.genlib; read_blif /home/ayush/abc/blif/s1423.blif; strash; map;"
RESULT g_mode=3 qor=790.00 cuts_used=713 cpu_time=6361.00 post_ml_time=2324.00
CUT_STATS g_mode=3 candidate_cuts=2546

RUN benchmark=s1488.blif g_mode=0 file=/home/ayush/abc/blif/s1488.blif
======== ABC command line "read_library /home/ayush/abc/genlib.genlib; read_blif /home/ayush/abc/blif/s1488.blif; strash; map;"
RESULT g_mode=0 qor=655.00 cuts_used=639 cpu_time=5128.00 post_ml_time=2635.00
CUT_STATS g_mode=0 candidate_cuts=3948

RUN benchmark=s1488.blif g_mode=1 file=/home/ayush/abc/blif/s1488.blif
======== ABC command line "read_library /home/ayush/abc/genlib.genlib; read_blif /home/ayush/abc/blif/s1488.blif; strash; map;"
RESULT g_mode=1 qor=655.00 cuts_used=639 cpu_time=6535.00 post_ml_time=2958.00
CUT_STATS g_mode=1 candidate_cuts=2986

RUN benchmark=s1488.blif g_mode=2 file=/home/ayush/abc/blif/s1488.blif
======== ABC command line "read_library /home/ayush/abc/genlib.genlib; read_blif /home/ayush/abc/blif/s1488.blif; strash; map;"
RESULT g_mode=2 qor=655.00 cuts_used=639 cpu_time=6145.00 post_ml_time=2729.00
CUT_STATS g_mode=2 candidate_cuts=2567

RUN benchmark=s1488.blif g_mode=3 file=/home/ayush/abc/blif/s1488.blif
======== ABC command line "read_library /home/ayush/abc/genlib.genlib; read_blif /home/ayush/abc/blif/s1488.blif; strash; map;"
RESULT g_mode=3 qor=655.00 cuts_used=639 cpu_time=5305.00 post_ml_time=2323.00
CUT_STATS g_mode=3 candidate_cuts=2033

RUN benchmark=s1494.blif g_mode=0 file=/home/ayush/abc/blif/s1494.blif
======== ABC command line "read_library /home/ayush/abc/genlib.genlib; read_blif /home/ayush/abc/blif/s1494.blif; strash; map;"
RESULT g_mode=0 qor=654.00 cuts_used=640 cpu_time=4748.00 post_ml_time=2319.00
CUT_STATS g_mode=0 candidate_cuts=4136

RUN benchmark=s1494.blif g_mode=1 file=/home/ayush/abc/blif/s1494.blif
======== ABC command line "read_library /home/ayush/abc/genlib.genlib; read_blif /home/ayush/abc/blif/s1494.blif; strash; map;"
RESULT g_mode=1 qor=654.00 cuts_used=640 cpu_time=5501.00 post_ml_time=2445.00
CUT_STATS g_mode=1 candidate_cuts=3098

RUN benchmark=s1494.blif g_mode=2 file=/home/ayush/abc/blif/s1494.blif
======== ABC command line "read_library /home/ayush/abc/genlib.genlib; read_blif /home/ayush/abc/blif/s1494.blif; strash; map;"
RESULT g_mode=2 qor=654.00 cuts_used=640 cpu_time=7118.00 post_ml_time=3089.00
CUT_STATS g_mode=2 candidate_cuts=2653

RUN benchmark=s1494.blif g_mode=3 file=/home/ayush/abc/blif/s1494.blif
======== ABC command line "read_library /home/ayush/abc/genlib.genlib; read_blif /home/ayush/abc/blif/s1494.blif; strash; map;"
RESULT g_mode=3 qor=654.00 cuts_used=640 cpu_time=6747.00 post_ml_time=2991.00
CUT_STATS g_mode=3 candidate_cuts=2049

RUN benchmark=s1.blif g_mode=0 file=/home/ayush/abc/blif/s1.blif
======== ABC command line "read_library /home/ayush/abc/genlib.genlib; read_blif /home/ayush/abc/blif/s1.blif; strash; map;"
RESULT g_mode=0 qor=531.00 cuts_used=498 cpu_time=5398.00 post_ml_time=2290.00
CUT_STATS g_mode=0 candidate_cuts=4690

RUN benchmark=s1.blif g_mode=1 file=/home/ayush/abc/blif/s1.blif
======== ABC command line "read_library /home/ayush/abc/genlib.genlib; read_blif /home/ayush/abc/blif/s1.blif; strash; map;"
RESULT g_mode=1 qor=531.00 cuts_used=498 cpu_time=5780.00 post_ml_time=1791.00
CUT_STATS g_mode=1 candidate_cuts=2730

RUN benchmark=s1.blif g_mode=2 file=/home/ayush/abc/blif/s1.blif
======== ABC command line "read_library /home/ayush/abc/genlib.genlib; read_blif /home/ayush/abc/blif/s1.blif; strash; map;"
RESULT g_mode=2 qor=531.00 cuts_used=498 cpu_time=7100.00 post_ml_time=2670.00
CUT_STATS g_mode=2 candidate_cuts=2232

RUN benchmark=s1.blif g_mode=3 file=/home/ayush/abc/blif/s1.blif
======== ABC command line "read_library /home/ayush/abc/genlib.genlib; read_blif /home/ayush/abc/blif/s1.blif; strash; map;"
RESULT g_mode=3 qor=531.00 cuts_used=498 cpu_time=5947.00 post_ml_time=1732.00
CUT_STATS g_mode=3 candidate_cuts=1677

RUN benchmark=s208.1.blif g_mode=0 file=/home/ayush/abc/blif/s208.1.blif
======== ABC command line "read_library /home/ayush/abc/genlib.genlib; read_blif /home/ayush/abc/blif/s208.1.blif; strash; map;"
RESULT g_mode=0 qor=83.00 cuts_used=77 cpu_time=833.00 post_ml_time=370.00
CUT_STATS g_mode=0 candidate_cuts=431

RUN benchmark=s208.1.blif g_mode=1 file=/home/ayush/abc/blif/s208.1.blif
======== ABC command line "read_library /home/ayush/abc/genlib.genlib; read_blif /home/ayush/abc/blif/s208.1.blif; strash; map;"
RESULT g_mode=1 qor=83.00 cuts_used=77 cpu_time=971.00 post_ml_time=386.00
CUT_STATS g_mode=1 candidate_cuts=340

RUN benchmark=s208.1.blif g_mode=2 file=/home/ayush/abc/blif/s208.1.blif
======== ABC command line "read_library /home/ayush/abc/genlib.genlib; read_blif /home/ayush/abc/blif/s208.1.blif; strash; map;"
RESULT g_mode=2 qor=83.00 cuts_used=77 cpu_time=872.00 post_ml_time=341.00
CUT_STATS g_mode=2 candidate_cuts=287

RUN benchmark=s208.1.blif g_mode=3 file=/home/ayush/abc/blif/s208.1.blif
======== ABC command line "read_library /home/ayush/abc/genlib.genlib; read_blif /home/ayush/abc/blif/s208.1.blif; strash; map;"
RESULT g_mode=3 qor=83.00 cuts_used=77 cpu_time=946.00 post_ml_time=360.00
CUT_STATS g_mode=3 candidate_cuts=219

RUN benchmark=s208.blif g_mode=0 file=/home/ayush/abc/blif/s208.blif
======== ABC command line "read_library /home/ayush/abc/genlib.genlib; read_blif /home/ayush/abc/blif/s208.blif; strash; map;"
RESULT g_mode=0 qor=49.00 cuts_used=45 cpu_time=617.00 post_ml_time=295.00
CUT_STATS g_mode=0 candidate_cuts=187

RUN benchmark=s208.blif g_mode=1 file=/home/ayush/abc/blif/s208.blif
======== ABC command line "read_library /home/ayush/abc/genlib.genlib; read_blif /home/ayush/abc/blif/s208.blif; strash; map;"
RESULT g_mode=1 qor=49.00 cuts_used=45 cpu_time=598.00 post_ml_time=241.00
CUT_STATS g_mode=1 candidate_cuts=167

RUN benchmark=s208.blif g_mode=2 file=/home/ayush/abc/blif/s208.blif
======== ABC command line "read_library /home/ayush/abc/genlib.genlib; read_blif /home/ayush/abc/blif/s208.blif; strash; map;"
RESULT g_mode=2 qor=49.00 cuts_used=45 cpu_time=579.00 post_ml_time=241.00
CUT_STATS g_mode=2 candidate_cuts=151

RUN benchmark=s208.blif g_mode=3 file=/home/ayush/abc/blif/s208.blif
======== ABC command line "read_library /home/ayush/abc/genlib.genlib; read_blif /home/ayush/abc/blif/s208.blif; strash; map;"
RESULT g_mode=3 qor=49.00 cuts_used=45 cpu_time=598.00 post_ml_time=246.00
CUT_STATS g_mode=3 candidate_cuts=121

RUN benchmark=s27.blif g_mode=0 file=/home/ayush/abc/blif/s27.blif
======== ABC command line "read_library /home/ayush/abc/genlib.genlib; read_blif /home/ayush/abc/blif/s27.blif; strash; map;"
RESULT g_mode=0 qor=29.00 cuts_used=25 cpu_time=302.00 post_ml_time=117.00
CUT_STATS g_mode=0 candidate_cuts=130

RUN benchmark=s27.blif g_mode=1 file=/home/ayush/abc/blif/s27.blif
======== ABC command line "read_library /home/ayush/abc/genlib.genlib; read_blif /home/ayush/abc/blif/s27.blif; strash; map;"
RESULT g_mode=1 qor=29.00 cuts_used=25 cpu_time=398.00 post_ml_time=141.00
CUT_STATS g_mode=1 candidate_cuts=101

RUN benchmark=s27.blif g_mode=2 file=/home/ayush/abc/blif/s27.blif
======== ABC command line "read_library /home/ayush/abc/genlib.genlib; read_blif /home/ayush/abc/blif/s27.blif; strash; map;"
RESULT g_mode=2 qor=29.00 cuts_used=25 cpu_time=415.00 post_ml_time=145.00
CUT_STATS g_mode=2 candidate_cuts=92

RUN benchmark=s27.blif g_mode=3 file=/home/ayush/abc/blif/s27.blif
======== ABC command line "read_library /home/ayush/abc/genlib.genlib; read_blif /home/ayush/abc/blif/s27.blif; strash; map;"
RESULT g_mode=3 qor=29.00 cuts_used=25 cpu_time=391.00 post_ml_time=136.00
CUT_STATS g_mode=3 candidate_cuts=76

RUN benchmark=s298.blif g_mode=0 file=/home/ayush/abc/blif/s298.blif
======== ABC command line "read_library /home/ayush/abc/genlib.genlib; read_blif /home/ayush/abc/blif/s298.blif; strash; map;"
RESULT g_mode=0 qor=3194.00 cuts_used=3144 cpu_time=41294.00 post_ml_time=20986.00
CUT_STATS g_mode=0 candidate_cuts=34173

RUN benchmark=s298.blif g_mode=1 file=/home/ayush/abc/blif/s298.blif
======== ABC command line "read_library /home/ayush/abc/genlib.genlib; read_blif /home/ayush/abc/blif/s298.blif; strash; map;"
RESULT g_mode=1 qor=3194.00 cuts_used=3144 cpu_time=53953.00 post_ml_time=22555.00
CUT_STATS g_mode=1 candidate_cuts=17674

RUN benchmark=s298.blif g_mode=2 file=/home/ayush/abc/blif/s298.blif
======== ABC command line "read_library /home/ayush/abc/genlib.genlib; read_blif /home/ayush/abc/blif/s298.blif; strash; map;"
RESULT g_mode=2 qor=3194.00 cuts_used=3144 cpu_time=57245.00 post_ml_time=24065.00
CUT_STATS g_mode=2 candidate_cuts=14731

RUN benchmark=s298.blif g_mode=3 file=/home/ayush/abc/blif/s298.blif
======== ABC command line "read_library /home/ayush/abc/genlib.genlib; read_blif /home/ayush/abc/blif/s298.blif; strash; map;"
RESULT g_mode=3 qor=3194.00 cuts_used=3144 cpu_time=61624.00 post_ml_time=25503.00
CUT_STATS g_mode=3 candidate_cuts=11617

RUN benchmark=s298.pre-vpr.blif g_mode=0 file=/home/ayush/abc/blif/s298.pre-vpr.blif
======== ABC command line "read_library /home/ayush/abc/genlib.genlib; read_blif /home/ayush/abc/blif/s298.pre-vpr.blif; strash; map;"
RESULT g_mode=0 qor=2386.00 cuts_used=2313 cpu_time=32413.00 post_ml_time=15358.00
CUT_STATS g_mode=0 candidate_cuts=26189

RUN benchmark=s298.pre-vpr.blif g_mode=1 file=/home/ayush/abc/blif/s298.pre-vpr.blif
======== ABC command line "read_library /home/ayush/abc/genlib.genlib; read_blif /home/ayush/abc/blif/s298.pre-vpr.blif; strash; map;"
RESULT g_mode=1 qor=2386.00 cuts_used=2313 cpu_time=34529.00 post_ml_time=13091.00
CUT_STATS g_mode=1 candidate_cuts=14294

RUN benchmark=s298.pre-vpr.blif g_mode=2 file=/home/ayush/abc/blif/s298.pre-vpr.blif
======== ABC command line "read_library /home/ayush/abc/genlib.genlib; read_blif /home/ayush/abc/blif/s298.pre-vpr.blif; strash; map;"
RESULT g_mode=2 qor=2386.00 cuts_used=2313 cpu_time=38554.00 post_ml_time=14304.00
CUT_STATS g_mode=2 candidate_cuts=11450

RUN benchmark=s298.pre-vpr.blif g_mode=3 file=/home/ayush/abc/blif/s298.pre-vpr.blif
======== ABC command line "read_library /home/ayush/abc/genlib.genlib; read_blif /home/ayush/abc/blif/s298.pre-vpr.blif; strash; map;"
RESULT g_mode=3 qor=2386.00 cuts_used=2313 cpu_time=30435.00 post_ml_time=11022.00
CUT_STATS g_mode=3 candidate_cuts=8288

RUN benchmark=s298.wiremap_area.blif g_mode=0 file=/home/ayush/abc/blif/s298.wiremap_area.blif
======== ABC command line "read_library /home/ayush/abc/genlib.genlib; read_blif /home/ayush/abc/blif/s298.wiremap_area.blif; strash; map;"
RESULT g_mode=0 qor=2318.00 cuts_used=2238 cpu_time=40427.00 post_ml_time=19190.00
CUT_STATS g_mode=0 candidate_cuts=26384

RUN benchmark=s298.wiremap_area.blif g_mode=1 file=/home/ayush/abc/blif/s298.wiremap_area.blif
======== ABC command line "read_library /home/ayush/abc/genlib.genlib; read_blif /home/ayush/abc/blif/s298.wiremap_area.blif; strash; map;"
RESULT g_mode=1 qor=2318.00 cuts_used=2238 cpu_time=47288.00 post_ml_time=19223.00
CUT_STATS g_mode=1 candidate_cuts=14434

RUN benchmark=s298.wiremap_area.blif g_mode=2 file=/home/ayush/abc/blif/s298.wiremap_area.blif
======== ABC command line "read_library /home/ayush/abc/genlib.genlib; read_blif /home/ayush/abc/blif/s298.wiremap_area.blif; strash; map;"
RESULT g_mode=2 qor=2318.00 cuts_used=2238 cpu_time=43119.00 post_ml_time=16541.00
CUT_STATS g_mode=2 candidate_cuts=11462

RUN benchmark=s298.wiremap_area.blif g_mode=3 file=/home/ayush/abc/blif/s298.wiremap_area.blif
======== ABC command line "read_library /home/ayush/abc/genlib.genlib; read_blif /home/ayush/abc/blif/s298.wiremap_area.blif; strash; map;"
RESULT g_mode=3 qor=2318.00 cuts_used=2238 cpu_time=40616.00 post_ml_time=15205.00
CUT_STATS g_mode=3 candidate_cuts=8108

RUN benchmark=s298.wiremap_depth.blif g_mode=0 file=/home/ayush/abc/blif/s298.wiremap_depth.blif
======== ABC command line "read_library /home/ayush/abc/genlib.genlib; read_blif /home/ayush/abc/blif/s298.wiremap_depth.blif; strash; map;"
RESULT g_mode=0 qor=2386.00 cuts_used=2313 cpu_time=28339.00 post_ml_time=13089.00
CUT_STATS g_mode=0 candidate_cuts=26189

RUN benchmark=s298.wiremap_depth.blif g_mode=1 file=/home/ayush/abc/blif/s298.wiremap_depth.blif
======== ABC command line "read_library /home/ayush/abc/genlib.genlib; read_blif /home/ayush/abc/blif/s298.wiremap_depth.blif; strash; map;"
RESULT g_mode=1 qor=2386.00 cuts_used=2313 cpu_time=34787.00 post_ml_time=13037.00
CUT_STATS g_mode=1 candidate_cuts=14294

RUN benchmark=s298.wiremap_depth.blif g_mode=2 file=/home/ayush/abc/blif/s298.wiremap_depth.blif
======== ABC command line "read_library /home/ayush/abc/genlib.genlib; read_blif /home/ayush/abc/blif/s298.wiremap_depth.blif; strash; map;"
RESULT g_mode=2 qor=2386.00 cuts_used=2313 cpu_time=40723.00 post_ml_time=15866.00
CUT_STATS g_mode=2 candidate_cuts=11450

RUN benchmark=s298.wiremap_depth.blif g_mode=3 file=/home/ayush/abc/blif/s298.wiremap_depth.blif
======== ABC command line "read_library /home/ayush/abc/genlib.genlib; read_blif /home/ayush/abc/blif/s298.wiremap_depth.blif; strash; map;"
RESULT g_mode=3 qor=2386.00 cuts_used=2313 cpu_time=34161.00 post_ml_time=12604.00
CUT_STATS g_mode=3 candidate_cuts=8288

RUN benchmark=s344.blif g_mode=0 file=/home/ayush/abc/blif/s344.blif
======== ABC command line "read_library /home/ayush/abc/genlib.genlib; read_blif /home/ayush/abc/blif/s344.blif; strash; map;"
RESULT g_mode=0 qor=176.00 cuts_used=158 cpu_time=1595.00 post_ml_time=712.00
CUT_STATS g_mode=0 candidate_cuts=1089

RUN benchmark=s344.blif g_mode=1 file=/home/ayush/abc/blif/s344.blif
======== ABC command line "read_library /home/ayush/abc/genlib.genlib; read_blif /home/ayush/abc/blif/s344.blif; strash; map;"
RESULT g_mode=1 qor=176.00 cuts_used=158 cpu_time=2028.00 post_ml_time=760.00
CUT_STATS g_mode=1 candidate_cuts=795

RUN benchmark=s344.blif g_mode=2 file=/home/ayush/abc/blif/s344.blif
======== ABC command line "read_library /home/ayush/abc/genlib.genlib; read_blif /home/ayush/abc/blif/s344.blif; strash; map;"
RESULT g_mode=2 qor=176.00 cuts_used=158 cpu_time=1454.00 post_ml_time=534.00
CUT_STATS g_mode=2 candidate_cuts=662

RUN benchmark=s344.blif g_mode=3 file=/home/ayush/abc/blif/s344.blif
======== ABC command line "read_library /home/ayush/abc/genlib.genlib; read_blif /home/ayush/abc/blif/s344.blif; strash; map;"
RESULT g_mode=3 qor=176.00 cuts_used=158 cpu_time=1754.00 post_ml_time=649.00
CUT_STATS g_mode=3 candidate_cuts=501

RUN benchmark=s349.blif g_mode=0 file=/home/ayush/abc/blif/s349.blif
======== ABC command line "read_library /home/ayush/abc/genlib.genlib; read_blif /home/ayush/abc/blif/s349.blif; strash; map;"
RESULT g_mode=0 qor=176.00 cuts_used=158 cpu_time=1439.00 post_ml_time=606.00
CUT_STATS g_mode=0 candidate_cuts=1089

RUN benchmark=s349.blif g_mode=1 file=/home/ayush/abc/blif/s349.blif
======== ABC command line "read_library /home/ayush/abc/genlib.genlib; read_blif /home/ayush/abc/blif/s349.blif; strash; map;"
RESULT g_mode=1 qor=176.00 cuts_used=158 cpu_time=1536.00 post_ml_time=570.00
CUT_STATS g_mode=1 candidate_cuts=795

RUN benchmark=s349.blif g_mode=2 file=/home/ayush/abc/blif/s349.blif
======== ABC command line "read_library /home/ayush/abc/genlib.genlib; read_blif /home/ayush/abc/blif/s349.blif; strash; map;"
RESULT g_mode=2 qor=176.00 cuts_used=158 cpu_time=1543.00 post_ml_time=558.00
CUT_STATS g_mode=2 candidate_cuts=662

RUN benchmark=s349.blif g_mode=3 file=/home/ayush/abc/blif/s349.blif
======== ABC command line "read_library /home/ayush/abc/genlib.genlib; read_blif /home/ayush/abc/blif/s349.blif; strash; map;"
RESULT g_mode=3 qor=176.00 cuts_used=158 cpu_time=1783.00 post_ml_time=638.00
CUT_STATS g_mode=3 candidate_cuts=501

RUN benchmark=s382.blif g_mode=0 file=/home/ayush/abc/blif/s382.blif
======== ABC command line "read_library /home/ayush/abc/genlib.genlib; read_blif /home/ayush/abc/blif/s382.blif; strash; map;"
RESULT g_mode=0 qor=167.00 cuts_used=148 cpu_time=1271.00 post_ml_time=572.00
CUT_STATS g_mode=0 candidate_cuts=919

RUN benchmark=s382.blif g_mode=1 file=/home/ayush/abc/blif/s382.blif
======== ABC command line "read_library /home/ayush/abc/genlib.genlib; read_blif /home/ayush/abc/blif/s382.blif; strash; map;"
RESULT g_mode=1 qor=167.00 cuts_used=148 cpu_time=1290.00 post_ml_time=504.00
CUT_STATS g_mode=1 candidate_cuts=732

RUN benchmark=s382.blif g_mode=2 file=/home/ayush/abc/blif/s382.blif
======== ABC command line "read_library /home/ayush/abc/genlib.genlib; read_blif /home/ayush/abc/blif/s382.blif; strash; map;"
RESULT g_mode=2 qor=167.00 cuts_used=148 cpu_time=1615.00 post_ml_time=636.00
CUT_STATS g_mode=2 candidate_cuts=626

RUN benchmark=s382.blif g_mode=3 file=/home/ayush/abc/blif/s382.blif
======== ABC command line "read_library /home/ayush/abc/genlib.genlib; read_blif /home/ayush/abc/blif/s382.blif; strash; map;"
RESULT g_mode=3 qor=167.00 cuts_used=148 cpu_time=1540.00 post_ml_time=526.00
CUT_STATS g_mode=3 candidate_cuts=491

RUN benchmark=s38417.blif g_mode=0 file=/home/ayush/abc/blif/s38417.blif
======== ABC command line "read_library /home/ayush/abc/genlib.genlib; read_blif /home/ayush/abc/blif/s38417.blif; strash; map;"
RESULT g_mode=0 qor=12654.00 cuts_used=11267 cpu_time=187913.00 post_ml_time=61754.00
CUT_STATS g_mode=0 candidate_cuts=133362

RUN benchmark=s38417.blif g_mode=1 file=/home/ayush/abc/blif/s38417.blif
======== ABC command line "read_library /home/ayush/abc/genlib.genlib; read_blif /home/ayush/abc/blif/s38417.blif; strash; map;"
RESULT g_mode=1 qor=12651.00 cuts_used=11267 cpu_time=187022.00 post_ml_time=60007.00
CUT_STATS g_mode=1 candidate_cuts=69362

RUN benchmark=s38417.blif g_mode=2 file=/home/ayush/abc/blif/s38417.blif
======== ABC command line "read_library /home/ayush/abc/genlib.genlib; read_blif /home/ayush/abc/blif/s38417.blif; strash; map;"
RESULT g_mode=2 qor=12651.00 cuts_used=11267 cpu_time=210464.00 post_ml_time=64790.00
CUT_STATS g_mode=2 candidate_cuts=55310

RUN benchmark=s38417.blif g_mode=3 file=/home/ayush/abc/blif/s38417.blif
======== ABC command line "read_library /home/ayush/abc/genlib.genlib; read_blif /home/ayush/abc/blif/s38417.blif; strash; map;"
RESULT g_mode=3 qor=12651.00 cuts_used=11267 cpu_time=162493.00 post_ml_time=50090.00
CUT_STATS g_mode=3 candidate_cuts=39524

RUN benchmark=s38417.pre-vpr.blif g_mode=0 file=/home/ayush/abc/blif/s38417.pre-vpr.blif
======== ABC command line "read_library /home/ayush/abc/genlib.genlib; read_blif /home/ayush/abc/blif/s38417.pre-vpr.blif; strash; map;"
RESULT g_mode=0 qor=10246.00 cuts_used=9137 cpu_time=116460.00 post_ml_time=46821.00
CUT_STATS g_mode=0 candidate_cuts=106595

RUN benchmark=s38417.pre-vpr.blif g_mode=1 file=/home/ayush/abc/blif/s38417.pre-vpr.blif
======== ABC command line "read_library /home/ayush/abc/genlib.genlib; read_blif /home/ayush/abc/blif/s38417.pre-vpr.blif; strash; map;"
RESULT g_mode=1 qor=10246.00 cuts_used=9137 cpu_time=135005.00 post_ml_time=42392.00
CUT_STATS g_mode=1 candidate_cuts=55911

RUN benchmark=s38417.pre-vpr.blif g_mode=2 file=/home/ayush/abc/blif/s38417.pre-vpr.blif
======== ABC command line "read_library /home/ayush/abc/genlib.genlib; read_blif /home/ayush/abc/blif/s38417.pre-vpr.blif; strash; map;"
RESULT g_mode=2 qor=10246.00 cuts_used=9137 cpu_time=131077.00 post_ml_time=40410.00
CUT_STATS g_mode=2 candidate_cuts=44850

RUN benchmark=s38417.pre-vpr.blif g_mode=3 file=/home/ayush/abc/blif/s38417.pre-vpr.blif
======== ABC command line "read_library /home/ayush/abc/genlib.genlib; read_blif /home/ayush/abc/blif/s38417.pre-vpr.blif; strash; map;"
RESULT g_mode=3 qor=10246.00 cuts_used=9137 cpu_time=127473.00 post_ml_time=38722.00
CUT_STATS g_mode=3 candidate_cuts=32244

RUN benchmark=s38417.wiremap_area.blif g_mode=0 file=/home/ayush/abc/blif/s38417.wiremap_area.blif
======== ABC command line "read_library /home/ayush/abc/genlib.genlib; read_blif /home/ayush/abc/blif/s38417.wiremap_area.blif; strash; map;"
RESULT g_mode=0 qor=10105.00 cuts_used=8972 cpu_time=124102.00 post_ml_time=48196.00
CUT_STATS g_mode=0 candidate_cuts=104787

RUN benchmark=s38417.wiremap_area.blif g_mode=1 file=/home/ayush/abc/blif/s38417.wiremap_area.blif
======== ABC command line "read_library /home/ayush/abc/genlib.genlib; read_blif /home/ayush/abc/blif/s38417.wiremap_area.blif; strash; map;"
RESULT g_mode=1 qor=10105.00 cuts_used=8972 cpu_time=154972.00 post_ml_time=48301.00
CUT_STATS g_mode=1 candidate_cuts=55083

RUN benchmark=s38417.wiremap_area.blif g_mode=2 file=/home/ayush/abc/blif/s38417.wiremap_area.blif
======== ABC command line "read_library /home/ayush/abc/genlib.genlib; read_blif /home/ayush/abc/blif/s38417.wiremap_area.blif; strash; map;"
RESULT g_mode=2 qor=10105.00 cuts_used=8972 cpu_time=127332.00 post_ml_time=39075.00
CUT_STATS g_mode=2 candidate_cuts=44189

RUN benchmark=s38417.wiremap_area.blif g_mode=3 file=/home/ayush/abc/blif/s38417.wiremap_area.blif
======== ABC command line "read_library /home/ayush/abc/genlib.genlib; read_blif /home/ayush/abc/blif/s38417.wiremap_area.blif; strash; map;"
RESULT g_mode=3 qor=10105.00 cuts_used=8972 cpu_time=155010.00 post_ml_time=46049.00
CUT_STATS g_mode=3 candidate_cuts=31762

RUN benchmark=s38417.wiremap_depth.blif g_mode=0 file=/home/ayush/abc/blif/s38417.wiremap_depth.blif
======== ABC command line "read_library /home/ayush/abc/genlib.genlib; read_blif /home/ayush/abc/blif/s38417.wiremap_depth.blif; strash; map;"
RESULT g_mode=0 qor=10246.00 cuts_used=9137 cpu_time=112925.00 post_ml_time=45026.00
CUT_STATS g_mode=0 candidate_cuts=106595

RUN benchmark=s38417.wiremap_depth.blif g_mode=1 file=/home/ayush/abc/blif/s38417.wiremap_depth.blif
======== ABC command line "read_library /home/ayush/abc/genlib.genlib; read_blif /home/ayush/abc/blif/s38417.wiremap_depth.blif; strash; map;"
RESULT g_mode=1 qor=10246.00 cuts_used=9137 cpu_time=168543.00 post_ml_time=52431.00
CUT_STATS g_mode=1 candidate_cuts=55911

RUN benchmark=s38417.wiremap_depth.blif g_mode=2 file=/home/ayush/abc/blif/s38417.wiremap_depth.blif
======== ABC command line "read_library /home/ayush/abc/genlib.genlib; read_blif /home/ayush/abc/blif/s38417.wiremap_depth.blif; strash; map;"
RESULT g_mode=2 qor=10246.00 cuts_used=9137 cpu_time=153492.00 post_ml_time=47422.00
CUT_STATS g_mode=2 candidate_cuts=44850

RUN benchmark=s38417.wiremap_depth.blif g_mode=3 file=/home/ayush/abc/blif/s38417.wiremap_depth.blif
======== ABC command line "read_library /home/ayush/abc/genlib.genlib; read_blif /home/ayush/abc/blif/s38417.wiremap_depth.blif; strash; map;"
RESULT g_mode=3 qor=10246.00 cuts_used=9137 cpu_time=150267.00 post_ml_time=44875.00
CUT_STATS g_mode=3 candidate_cuts=32244

RUN benchmark=s38584.1.blif g_mode=0 file=/home/ayush/abc/blif/s38584.1.blif
======== ABC command line "read_library /home/ayush/abc/genlib.genlib; read_blif /home/ayush/abc/blif/s38584.1.blif; strash; map;"
RESULT g_mode=0 qor=13390.00 cuts_used=12275 cpu_time=111833.00 post_ml_time=57713.00
CUT_STATS g_mode=0 candidate_cuts=90655

RUN benchmark=s38584.1.blif g_mode=1 file=/home/ayush/abc/blif/s38584.1.blif
======== ABC command line "read_library /home/ayush/abc/genlib.genlib; read_blif /home/ayush/abc/blif/s38584.1.blif; strash; map;"
RESULT g_mode=1 qor=13390.00 cuts_used=12275 cpu_time=141703.00 post_ml_time=61978.00
CUT_STATS g_mode=1 candidate_cuts=61544

RUN benchmark=s38584.1.blif g_mode=2 file=/home/ayush/abc/blif/s38584.1.blif
======== ABC command line "read_library /home/ayush/abc/genlib.genlib; read_blif /home/ayush/abc/blif/s38584.1.blif; strash; map;"
RESULT g_mode=2 qor=13390.00 cuts_used=12275 cpu_time=145531.00 post_ml_time=63743.00
CUT_STATS g_mode=2 candidate_cuts=51846

RUN benchmark=s38584.1.blif g_mode=3 file=/home/ayush/abc/blif/s38584.1.blif
======== ABC command line "read_library /home/ayush/abc/genlib.genlib; read_blif /home/ayush/abc/blif/s38584.1.blif; strash; map;"
RESULT g_mode=3 qor=13390.00 cuts_used=12275 cpu_time=118379.00 post_ml_time=51086.00
CUT_STATS g_mode=3 candidate_cuts=39860

RUN benchmark=s38584.1.pre-vpr.blif g_mode=0 file=/home/ayush/abc/blif/s38584.1.pre-vpr.blif
======== ABC command line "read_library /home/ayush/abc/genlib.genlib; read_blif /home/ayush/abc/blif/s38584.1.pre-vpr.blif; strash; map;"
RESULT g_mode=0 qor=11133.00 cuts_used=10034 cpu_time=100697.00 post_ml_time=52456.00
CUT_STATS g_mode=0 candidate_cuts=75600

RUN benchmark=s38584.1.pre-vpr.blif g_mode=1 file=/home/ayush/abc/blif/s38584.1.pre-vpr.blif
======== ABC command line "read_library /home/ayush/abc/genlib.genlib; read_blif /home/ayush/abc/blif/s38584.1.pre-vpr.blif; strash; map;"
RESULT g_mode=1 qor=11133.00 cuts_used=10034 cpu_time=112689.00 post_ml_time=49769.00
CUT_STATS g_mode=1 candidate_cuts=53696

RUN benchmark=s38584.1.pre-vpr.blif g_mode=2 file=/home/ayush/abc/blif/s38584.1.pre-vpr.blif
======== ABC command line "read_library /home/ayush/abc/genlib.genlib; read_blif /home/ayush/abc/blif/s38584.1.pre-vpr.blif; strash; map;"
RESULT g_mode=2 qor=11133.00 cuts_used=10034 cpu_time=105657.00 post_ml_time=50557.00
CUT_STATS g_mode=2 candidate_cuts=44763

RUN benchmark=s38584.1.pre-vpr.blif g_mode=3 file=/home/ayush/abc/blif/s38584.1.pre-vpr.blif
======== ABC command line "read_library /home/ayush/abc/genlib.genlib; read_blif /home/ayush/abc/blif/s38584.1.pre-vpr.blif; strash; map;"
RESULT g_mode=3 qor=11133.00 cuts_used=10034 cpu_time=95731.00 post_ml_time=41777.00
CUT_STATS g_mode=3 candidate_cuts=33581

RUN benchmark=s38584.1.wiremap_area.blif g_mode=0 file=/home/ayush/abc/blif/s38584.1.wiremap_area.blif
======== ABC command line "read_library /home/ayush/abc/genlib.genlib; read_blif /home/ayush/abc/blif/s38584.1.wiremap_area.blif; strash; map;"
RESULT g_mode=0 qor=11028.00 cuts_used=9928 cpu_time=102505.00 post_ml_time=53174.00
CUT_STATS g_mode=0 candidate_cuts=74767

RUN benchmark=s38584.1.wiremap_area.blif g_mode=1 file=/home/ayush/abc/blif/s38584.1.wiremap_area.blif
======== ABC command line "read_library /home/ayush/abc/genlib.genlib; read_blif /home/ayush/abc/blif/s38584.1.wiremap_area.blif; strash; map;"
RESULT g_mode=1 qor=11028.00 cuts_used=9928 cpu_time=125565.00 post_ml_time=55614.00
CUT_STATS g_mode=1 candidate_cuts=53167

RUN benchmark=s38584.1.wiremap_area.blif g_mode=2 file=/home/ayush/abc/blif/s38584.1.wiremap_area.blif
======== ABC command line "read_library /home/ayush/abc/genlib.genlib; read_blif /home/ayush/abc/blif/s38584.1.wiremap_area.blif; strash; map;"
RESULT g_mode=2 qor=11028.00 cuts_used=9928 cpu_time=100990.00 post_ml_time=44708.00
CUT_STATS g_mode=2 candidate_cuts=44353

RUN benchmark=s38584.1.wiremap_area.blif g_mode=3 file=/home/ayush/abc/blif/s38584.1.wiremap_area.blif
======== ABC command line "read_library /home/ayush/abc/genlib.genlib; read_blif /home/ayush/abc/blif/s38584.1.wiremap_area.blif; strash; map;"
RESULT g_mode=3 qor=11028.00 cuts_used=9928 cpu_time=107048.00 post_ml_time=47086.00
CUT_STATS g_mode=3 candidate_cuts=33281

RUN benchmark=s38584.1.wiremap_depth.blif g_mode=0 file=/home/ayush/abc/blif/s38584.1.wiremap_depth.blif
======== ABC command line "read_library /home/ayush/abc/genlib.genlib; read_blif /home/ayush/abc/blif/s38584.1.wiremap_depth.blif; strash; map;"
RESULT g_mode=0 qor=11133.00 cuts_used=10034 cpu_time=99555.00 post_ml_time=51566.00
CUT_STATS g_mode=0 candidate_cuts=75600

RUN benchmark=s38584.1.wiremap_depth.blif g_mode=1 file=/home/ayush/abc/blif/s38584.1.wiremap_depth.blif
======== ABC command line "read_library /home/ayush/abc/genlib.genlib; read_blif /home/ayush/abc/blif/s38584.1.wiremap_depth.blif; strash; map;"
RESULT g_mode=1 qor=11133.00 cuts_used=10034 cpu_time=93401.00 post_ml_time=41366.00
CUT_STATS g_mode=1 candidate_cuts=53696

RUN benchmark=s38584.1.wiremap_depth.blif g_mode=2 file=/home/ayush/abc/blif/s38584.1.wiremap_depth.blif
======== ABC command line "read_library /home/ayush/abc/genlib.genlib; read_blif /home/ayush/abc/blif/s38584.1.wiremap_depth.blif; strash; map;"
RESULT g_mode=2 qor=11133.00 cuts_used=10034 cpu_time=92816.00 post_ml_time=40645.00
CUT_STATS g_mode=2 candidate_cuts=44763

RUN benchmark=s38584.1.wiremap_depth.blif g_mode=3 file=/home/ayush/abc/blif/s38584.1.wiremap_depth.blif
======== ABC command line "read_library /home/ayush/abc/genlib.genlib; read_blif /home/ayush/abc/blif/s38584.1.wiremap_depth.blif; strash; map;"
RESULT g_mode=3 qor=11133.00 cuts_used=10034 cpu_time=98846.00 post_ml_time=42796.00
CUT_STATS g_mode=3 candidate_cuts=33581

RUN benchmark=s386.blif g_mode=0 file=/home/ayush/abc/blif/s386.blif
======== ABC command line "read_library /home/ayush/abc/genlib.genlib; read_blif /home/ayush/abc/blif/s386.blif; strash; map;"
RESULT g_mode=0 qor=150.00 cuts_used=143 cpu_time=1159.00 post_ml_time=510.00
CUT_STATS g_mode=0 candidate_cuts=768

RUN benchmark=s386.blif g_mode=1 file=/home/ayush/abc/blif/s386.blif
======== ABC command line "read_library /home/ayush/abc/genlib.genlib; read_blif /home/ayush/abc/blif/s386.blif; strash; map;"
RESULT g_mode=1 qor=150.00 cuts_used=143 cpu_time=1256.00 post_ml_time=533.00
CUT_STATS g_mode=1 candidate_cuts=588

RUN benchmark=s386.blif g_mode=2 file=/home/ayush/abc/blif/s386.blif
======== ABC command line "read_library /home/ayush/abc/genlib.genlib; read_blif /home/ayush/abc/blif/s386.blif; strash; map;"
RESULT g_mode=2 qor=150.00 cuts_used=143 cpu_time=1465.00 post_ml_time=609.00
CUT_STATS g_mode=2 candidate_cuts=524

RUN benchmark=s386.blif g_mode=3 file=/home/ayush/abc/blif/s386.blif
======== ABC command line "read_library /home/ayush/abc/genlib.genlib; read_blif /home/ayush/abc/blif/s386.blif; strash; map;"
RESULT g_mode=3 qor=150.00 cuts_used=143 cpu_time=2389.00 post_ml_time=1068.00
CUT_STATS g_mode=3 candidate_cuts=425

RUN benchmark=s400.blif g_mode=0 file=/home/ayush/abc/blif/s400.blif
======== ABC command line "read_library /home/ayush/abc/genlib.genlib; read_blif /home/ayush/abc/blif/s400.blif; strash; map;"
RESULT g_mode=0 qor=177.00 cuts_used=156 cpu_time=1523.00 post_ml_time=676.00
CUT_STATS g_mode=0 candidate_cuts=942

RUN benchmark=s400.blif g_mode=1 file=/home/ayush/abc/blif/s400.blif
======== ABC command line "read_library /home/ayush/abc/genlib.genlib; read_blif /home/ayush/abc/blif/s400.blif; strash; map;"
RESULT g_mode=1 qor=177.00 cuts_used=156 cpu_time=1286.00 post_ml_time=508.00
CUT_STATS g_mode=1 candidate_cuts=743

RUN benchmark=s400.blif g_mode=2 file=/home/ayush/abc/blif/s400.blif
======== ABC command line "read_library /home/ayush/abc/genlib.genlib; read_blif /home/ayush/abc/blif/s400.blif; strash; map;"
RESULT g_mode=2 qor=177.00 cuts_used=156 cpu_time=1390.00 post_ml_time=537.00
CUT_STATS g_mode=2 candidate_cuts=635

RUN benchmark=s400.blif g_mode=3 file=/home/ayush/abc/blif/s400.blif
======== ABC command line "read_library /home/ayush/abc/genlib.genlib; read_blif /home/ayush/abc/blif/s400.blif; strash; map;"
RESULT g_mode=3 qor=177.00 cuts_used=156 cpu_time=1366.00 post_ml_time=506.00
CUT_STATS g_mode=3 candidate_cuts=497

RUN benchmark=s420.1.blif g_mode=0 file=/home/ayush/abc/blif/s420.1.blif
======== ABC command line "read_library /home/ayush/abc/genlib.genlib; read_blif /home/ayush/abc/blif/s420.1.blif; strash; map;"
RESULT g_mode=0 qor=202.00 cuts_used=187 cpu_time=1695.00 post_ml_time=803.00
CUT_STATS g_mode=0 candidate_cuts=1184

RUN benchmark=s420.1.blif g_mode=1 file=/home/ayush/abc/blif/s420.1.blif
======== ABC command line "read_library /home/ayush/abc/genlib.genlib; read_blif /home/ayush/abc/blif/s420.1.blif; strash; map;"
RESULT g_mode=1 qor=202.00 cuts_used=187 cpu_time=2009.00 post_ml_time=835.00
CUT_STATS g_mode=1 candidate_cuts=909

RUN benchmark=s420.1.blif g_mode=2 file=/home/ayush/abc/blif/s420.1.blif
======== ABC command line "read_library /home/ayush/abc/genlib.genlib; read_blif /home/ayush/abc/blif/s420.1.blif; strash; map;"
RESULT g_mode=2 qor=202.00 cuts_used=187 cpu_time=1743.00 post_ml_time=745.00
CUT_STATS g_mode=2 candidate_cuts=761

RUN benchmark=s420.1.blif g_mode=3 file=/home/ayush/abc/blif/s420.1.blif
======== ABC command line "read_library /home/ayush/abc/genlib.genlib; read_blif /home/ayush/abc/blif/s420.1.blif; strash; map;"
RESULT g_mode=3 qor=202.00 cuts_used=187 cpu_time=1488.00 post_ml_time=623.00
CUT_STATS g_mode=3 candidate_cuts=574

RUN benchmark=s420.blif g_mode=0 file=/home/ayush/abc/blif/s420.blif
======== ABC command line "read_library /home/ayush/abc/genlib.genlib; read_blif /home/ayush/abc/blif/s420.blif; strash; map;"
RESULT g_mode=0 qor=73.00 cuts_used=68 cpu_time=543.00 post_ml_time=259.00
CUT_STATS g_mode=0 candidate_cuts=329

RUN benchmark=s420.blif g_mode=1 file=/home/ayush/abc/blif/s420.blif
======== ABC command line "read_library /home/ayush/abc/genlib.genlib; read_blif /home/ayush/abc/blif/s420.blif; strash; map;"
RESULT g_mode=1 qor=73.00 cuts_used=68 cpu_time=660.00 post_ml_time=275.00
CUT_STATS g_mode=1 candidate_cuts=285

RUN benchmark=s420.blif g_mode=2 file=/home/ayush/abc/blif/s420.blif
======== ABC command line "read_library /home/ayush/abc/genlib.genlib; read_blif /home/ayush/abc/blif/s420.blif; strash; map;"
RESULT g_mode=2 qor=73.00 cuts_used=68 cpu_time=759.00 post_ml_time=328.00
CUT_STATS g_mode=2 candidate_cuts=249

RUN benchmark=s420.blif g_mode=3 file=/home/ayush/abc/blif/s420.blif
======== ABC command line "read_library /home/ayush/abc/genlib.genlib; read_blif /home/ayush/abc/blif/s420.blif; strash; map;"
RESULT g_mode=3 qor=73.00 cuts_used=68 cpu_time=827.00 post_ml_time=346.00
CUT_STATS g_mode=3 candidate_cuts=199

RUN benchmark=s444.blif g_mode=0 file=/home/ayush/abc/blif/s444.blif
======== ABC command line "read_library /home/ayush/abc/genlib.genlib; read_blif /home/ayush/abc/blif/s444.blif; strash; map;"
RESULT g_mode=0 qor=189.00 cuts_used=172 cpu_time=1257.00 post_ml_time=568.00
CUT_STATS g_mode=0 candidate_cuts=1024

RUN benchmark=s444.blif g_mode=1 file=/home/ayush/abc/blif/s444.blif
======== ABC command line "read_library /home/ayush/abc/genlib.genlib; read_blif /home/ayush/abc/blif/s444.blif; strash; map;"
RESULT g_mode=1 qor=189.00 cuts_used=172 cpu_time=1466.00 post_ml_time=570.00
CUT_STATS g_mode=1 candidate_cuts=794

RUN benchmark=s444.blif g_mode=2 file=/home/ayush/abc/blif/s444.blif
======== ABC command line "read_library /home/ayush/abc/genlib.genlib; read_blif /home/ayush/abc/blif/s444.blif; strash; map;"
RESULT g_mode=2 qor=189.00 cuts_used=172 cpu_time=1479.00 post_ml_time=586.00
CUT_STATS g_mode=2 candidate_cuts=681

RUN benchmark=s444.blif g_mode=3 file=/home/ayush/abc/blif/s444.blif
======== ABC command line "read_library /home/ayush/abc/genlib.genlib; read_blif /home/ayush/abc/blif/s444.blif; strash; map;"
RESULT g_mode=3 qor=189.00 cuts_used=172 cpu_time=1713.00 post_ml_time=679.00
CUT_STATS g_mode=3 candidate_cuts=534

RUN benchmark=s510.blif g_mode=0 file=/home/ayush/abc/blif/s510.blif
======== ABC command line "read_library /home/ayush/abc/genlib.genlib; read_blif /home/ayush/abc/blif/s510.blif; strash; map;"
RESULT g_mode=0 qor=252.00 cuts_used=239 cpu_time=2114.00 post_ml_time=1044.00
CUT_STATS g_mode=0 candidate_cuts=1393

RUN benchmark=s510.blif g_mode=1 file=/home/ayush/abc/blif/s510.blif
======== ABC command line "read_library /home/ayush/abc/genlib.genlib; read_blif /home/ayush/abc/blif/s510.blif; strash; map;"
RESULT g_mode=1 qor=252.00 cuts_used=239 cpu_time=2175.00 post_ml_time=924.00
CUT_STATS g_mode=1 candidate_cuts=1037

RUN benchmark=s510.blif g_mode=2 file=/home/ayush/abc/blif/s510.blif
======== ABC command line "read_library /home/ayush/abc/genlib.genlib; read_blif /home/ayush/abc/blif/s510.blif; strash; map;"
RESULT g_mode=2 qor=252.00 cuts_used=239 cpu_time=1996.00 post_ml_time=854.00
CUT_STATS g_mode=2 candidate_cuts=882

RUN benchmark=s510.blif g_mode=3 file=/home/ayush/abc/blif/s510.blif
======== ABC command line "read_library /home/ayush/abc/genlib.genlib; read_blif /home/ayush/abc/blif/s510.blif; strash; map;"
RESULT g_mode=3 qor=252.00 cuts_used=239 cpu_time=2292.00 post_ml_time=997.00
CUT_STATS g_mode=3 candidate_cuts=677

RUN benchmark=s526.blif g_mode=0 file=/home/ayush/abc/blif/s526.blif
======== ABC command line "read_library /home/ayush/abc/genlib.genlib; read_blif /home/ayush/abc/blif/s526.blif; strash; map;"
RESULT g_mode=0 qor=203.00 cuts_used=181 cpu_time=1522.00 post_ml_time=678.00
CUT_STATS g_mode=0 candidate_cuts=1120

RUN benchmark=s526.blif g_mode=1 file=/home/ayush/abc/blif/s526.blif
======== ABC command line "read_library /home/ayush/abc/genlib.genlib; read_blif /home/ayush/abc/blif/s526.blif; strash; map;"
RESULT g_mode=1 qor=203.00 cuts_used=181 cpu_time=1691.00 post_ml_time=674.00
CUT_STATS g_mode=1 candidate_cuts=897

RUN benchmark=s526.blif g_mode=2 file=/home/ayush/abc/blif/s526.blif
======== ABC command line "read_library /home/ayush/abc/genlib.genlib; read_blif /home/ayush/abc/blif/s526.blif; strash; map;"
RESULT g_mode=2 qor=203.00 cuts_used=181 cpu_time=1728.00 post_ml_time=680.00
CUT_STATS g_mode=2 candidate_cuts=766

RUN benchmark=s526.blif g_mode=3 file=/home/ayush/abc/blif/s526.blif
======== ABC command line "read_library /home/ayush/abc/genlib.genlib; read_blif /home/ayush/abc/blif/s526.blif; strash; map;"
RESULT g_mode=3 qor=203.00 cuts_used=181 cpu_time=1863.00 post_ml_time=770.00
CUT_STATS g_mode=3 candidate_cuts=585

RUN benchmark=s526n.blif g_mode=0 file=/home/ayush/abc/blif/s526n.blif
======== ABC command line "read_library /home/ayush/abc/genlib.genlib; read_blif /home/ayush/abc/blif/s526n.blif; strash; map;"
RESULT g_mode=0 qor=220.00 cuts_used=196 cpu_time=1824.00 post_ml_time=864.00
CUT_STATS g_mode=0 candidate_cuts=1156

RUN benchmark=s526n.blif g_mode=1 file=/home/ayush/abc/blif/s526n.blif
======== ABC command line "read_library /home/ayush/abc/genlib.genlib; read_blif /home/ayush/abc/blif/s526n.blif; strash; map;"
RESULT g_mode=1 qor=220.00 cuts_used=196 cpu_time=1929.00 post_ml_time=802.00
CUT_STATS g_mode=1 candidate_cuts=929

RUN benchmark=s526n.blif g_mode=2 file=/home/ayush/abc/blif/s526n.blif
======== ABC command line "read_library /home/ayush/abc/genlib.genlib; read_blif /home/ayush/abc/blif/s526n.blif; strash; map;"
RESULT g_mode=2 qor=220.00 cuts_used=196 cpu_time=1621.00 post_ml_time=664.00
CUT_STATS g_mode=2 candidate_cuts=799

RUN benchmark=s526n.blif g_mode=3 file=/home/ayush/abc/blif/s526n.blif
======== ABC command line "read_library /home/ayush/abc/genlib.genlib; read_blif /home/ayush/abc/blif/s526n.blif; strash; map;"
RESULT g_mode=3 qor=220.00 cuts_used=196 cpu_time=1641.00 post_ml_time=678.00
CUT_STATS g_mode=3 candidate_cuts=618

RUN benchmark=s5378.blif g_mode=0 file=/home/ayush/abc/blif/s5378.blif
======== ABC command line "read_library /home/ayush/abc/genlib.genlib; read_blif /home/ayush/abc/blif/s5378.blif; strash; map;"
RESULT g_mode=0 qor=1950.00 cuts_used=1800 cpu_time=18934.00 post_ml_time=8746.00
CUT_STATS g_mode=0 candidate_cuts=14948

RUN benchmark=s5378.blif g_mode=1 file=/home/ayush/abc/blif/s5378.blif
======== ABC command line "read_library /home/ayush/abc/genlib.genlib; read_blif /home/ayush/abc/blif/s5378.blif; strash; map;"
RESULT g_mode=1 qor=1950.00 cuts_used=1800 cpu_time=21187.00 post_ml_time=8098.00
CUT_STATS g_mode=1 candidate_cuts=9579

RUN benchmark=s5378.blif g_mode=2 file=/home/ayush/abc/blif/s5378.blif
======== ABC command line "read_library /home/ayush/abc/genlib.genlib; read_blif /home/ayush/abc/blif/s5378.blif; strash; map;"
RESULT g_mode=2 qor=1950.00 cuts_used=1800 cpu_time=21061.00 post_ml_time=7968.00
CUT_STATS g_mode=2 candidate_cuts=8052

RUN benchmark=s5378.blif g_mode=3 file=/home/ayush/abc/blif/s5378.blif
======== ABC command line "read_library /home/ayush/abc/genlib.genlib; read_blif /home/ayush/abc/blif/s5378.blif; strash; map;"
RESULT g_mode=3 qor=1950.00 cuts_used=1800 cpu_time=22087.00 post_ml_time=8355.00
CUT_STATS g_mode=3 candidate_cuts=6157

RUN benchmark=s641.blif g_mode=0 file=/home/ayush/abc/blif/s641.blif
======== ABC command line "read_library /home/ayush/abc/genlib.genlib; read_blif /home/ayush/abc/blif/s641.blif; strash; map;"
RESULT g_mode=0 qor=220.00 cuts_used=195 cpu_time=1368.00 post_ml_time=658.00
CUT_STATS g_mode=0 candidate_cuts=1238

RUN benchmark=s641.blif g_mode=1 file=/home/ayush/abc/blif/s641.blif
======== ABC command line "read_library /home/ayush/abc/genlib.genlib; read_blif /home/ayush/abc/blif/s641.blif; strash; map;"
RESULT g_mode=1 qor=220.00 cuts_used=195 cpu_time=2160.00 post_ml_time=922.00
CUT_STATS g_mode=1 candidate_cuts=1001

RUN benchmark=s641.blif g_mode=2 file=/home/ayush/abc/blif/s641.blif
======== ABC command line "read_library /home/ayush/abc/genlib.genlib; read_blif /home/ayush/abc/blif/s641.blif; strash; map;"
RESULT g_mode=2 qor=220.00 cuts_used=195 cpu_time=1665.00 post_ml_time=691.00
CUT_STATS g_mode=2 candidate_cuts=852

RUN benchmark=s641.blif g_mode=3 file=/home/ayush/abc/blif/s641.blif
======== ABC command line "read_library /home/ayush/abc/genlib.genlib; read_blif /home/ayush/abc/blif/s641.blif; strash; map;"
RESULT g_mode=3 qor=220.00 cuts_used=195 cpu_time=1574.00 post_ml_time=650.00
CUT_STATS g_mode=3 candidate_cuts=669

RUN benchmark=s713.blif g_mode=0 file=/home/ayush/abc/blif/s713.blif
======== ABC command line "read_library /home/ayush/abc/genlib.genlib; read_blif /home/ayush/abc/blif/s713.blif; strash; map;"
RESULT g_mode=0 qor=213.00 cuts_used=182 cpu_time=1315.00 post_ml_time=614.00
CUT_STATS g_mode=0 candidate_cuts=1183

RUN benchmark=s713.blif g_mode=1 file=/home/ayush/abc/blif/s713.blif
======== ABC command line "read_library /home/ayush/abc/genlib.genlib; read_blif /home/ayush/abc/blif/s713.blif; strash; map;"
RESULT g_mode=1 qor=213.00 cuts_used=182 cpu_time=1472.00 post_ml_time=595.00
CUT_STATS g_mode=1 candidate_cuts=950

RUN benchmark=s713.blif g_mode=2 file=/home/ayush/abc/blif/s713.blif
======== ABC command line "read_library /home/ayush/abc/genlib.genlib; read_blif /home/ayush/abc/blif/s713.blif; strash; map;"
RESULT g_mode=2 qor=213.00 cuts_used=182 cpu_time=1548.00 post_ml_time=657.00
CUT_STATS g_mode=2 candidate_cuts=806

RUN benchmark=s713.blif g_mode=3 file=/home/ayush/abc/blif/s713.blif
======== ABC command line "read_library /home/ayush/abc/genlib.genlib; read_blif /home/ayush/abc/blif/s713.blif; strash; map;"
RESULT g_mode=3 qor=213.00 cuts_used=182 cpu_time=1590.00 post_ml_time=635.00
CUT_STATS g_mode=3 candidate_cuts=624

RUN benchmark=s820.blif g_mode=0 file=/home/ayush/abc/blif/s820.blif
======== ABC command line "read_library /home/ayush/abc/genlib.genlib; read_blif /home/ayush/abc/blif/s820.blif; strash; map;"
RESULT g_mode=0 qor=332.00 cuts_used=318 cpu_time=2505.00 post_ml_time=1289.00
CUT_STATS g_mode=0 candidate_cuts=1785

RUN benchmark=s820.blif g_mode=1 file=/home/ayush/abc/blif/s820.blif
======== ABC command line "read_library /home/ayush/abc/genlib.genlib; read_blif /home/ayush/abc/blif/s820.blif; strash; map;"
RESULT g_mode=1 qor=332.00 cuts_used=318 cpu_time=3037.00 post_ml_time=1413.00
CUT_STATS g_mode=1 candidate_cuts=1393

RUN benchmark=s820.blif g_mode=2 file=/home/ayush/abc/blif/s820.blif
======== ABC command line "read_library /home/ayush/abc/genlib.genlib; read_blif /home/ayush/abc/blif/s820.blif; strash; map;"
RESULT g_mode=2 qor=332.00 cuts_used=318 cpu_time=3233.00 post_ml_time=1452.00
CUT_STATS g_mode=2 candidate_cuts=1215

RUN benchmark=s820.blif g_mode=3 file=/home/ayush/abc/blif/s820.blif
======== ABC command line "read_library /home/ayush/abc/genlib.genlib; read_blif /home/ayush/abc/blif/s820.blif; strash; map;"
RESULT g_mode=3 qor=332.00 cuts_used=318 cpu_time=2414.00 post_ml_time=1079.00
CUT_STATS g_mode=3 candidate_cuts=972

RUN benchmark=s832.blif g_mode=0 file=/home/ayush/abc/blif/s832.blif
======== ABC command line "read_library /home/ayush/abc/genlib.genlib; read_blif /home/ayush/abc/blif/s832.blif; strash; map;"
RESULT g_mode=0 qor=396.00 cuts_used=378 cpu_time=2951.00 post_ml_time=1584.00
CUT_STATS g_mode=0 candidate_cuts=2062

RUN benchmark=s832.blif g_mode=1 file=/home/ayush/abc/blif/s832.blif
======== ABC command line "read_library /home/ayush/abc/genlib.genlib; read_blif /home/ayush/abc/blif/s832.blif; strash; map;"
RESULT g_mode=1 qor=396.00 cuts_used=378 cpu_time=3723.00 post_ml_time=1744.00
CUT_STATS g_mode=1 candidate_cuts=1618

RUN benchmark=s832.blif g_mode=2 file=/home/ayush/abc/blif/s832.blif
======== ABC command line "read_library /home/ayush/abc/genlib.genlib; read_blif /home/ayush/abc/blif/s832.blif; strash; map;"
RESULT g_mode=2 qor=396.00 cuts_used=378 cpu_time=3621.00 post_ml_time=1667.00
CUT_STATS g_mode=2 candidate_cuts=1408

RUN benchmark=s832.blif g_mode=3 file=/home/ayush/abc/blif/s832.blif
======== ABC command line "read_library /home/ayush/abc/genlib.genlib; read_blif /home/ayush/abc/blif/s832.blif; strash; map;"
RESULT g_mode=3 qor=396.00 cuts_used=378 cpu_time=2990.00 post_ml_time=1417.00
CUT_STATS g_mode=3 candidate_cuts=1135

RUN benchmark=s838.1.blif g_mode=0 file=/home/ayush/abc/blif/s838.1.blif
======== ABC command line "read_library /home/ayush/abc/genlib.genlib; read_blif /home/ayush/abc/blif/s838.1.blif; strash; map;"
RESULT g_mode=0 qor=395.00 cuts_used=366 cpu_time=3693.00 post_ml_time=1838.00
CUT_STATS g_mode=0 candidate_cuts=2583

RUN benchmark=s838.1.blif g_mode=1 file=/home/ayush/abc/blif/s838.1.blif
======== ABC command line "read_library /home/ayush/abc/genlib.genlib; read_blif /home/ayush/abc/blif/s838.1.blif; strash; map;"
RESULT g_mode=1 qor=395.00 cuts_used=366 cpu_time=3207.00 post_ml_time=1365.00
CUT_STATS g_mode=1 candidate_cuts=1888

RUN benchmark=s838.1.blif g_mode=2 file=/home/ayush/abc/blif/s838.1.blif
======== ABC command line "read_library /home/ayush/abc/genlib.genlib; read_blif /home/ayush/abc/blif/s838.1.blif; strash; map;"
RESULT g_mode=2 qor=395.00 cuts_used=366 cpu_time=2959.00 post_ml_time=1255.00
CUT_STATS g_mode=2 candidate_cuts=1559

RUN benchmark=s838.1.blif g_mode=3 file=/home/ayush/abc/blif/s838.1.blif
======== ABC command line "read_library /home/ayush/abc/genlib.genlib; read_blif /home/ayush/abc/blif/s838.1.blif; strash; map;"
RESULT g_mode=3 qor=395.00 cuts_used=366 cpu_time=3139.00 post_ml_time=1282.00
CUT_STATS g_mode=3 candidate_cuts=1151

RUN benchmark=s838.blif g_mode=0 file=/home/ayush/abc/blif/s838.blif
======== ABC command line "read_library /home/ayush/abc/genlib.genlib; read_blif /home/ayush/abc/blif/s838.blif; strash; map;"
RESULT g_mode=0 qor=471.00 cuts_used=446 cpu_time=2855.00 post_ml_time=1584.00
CUT_STATS g_mode=0 candidate_cuts=2378

RUN benchmark=s838.blif g_mode=1 file=/home/ayush/abc/blif/s838.blif
======== ABC command line "read_library /home/ayush/abc/genlib.genlib; read_blif /home/ayush/abc/blif/s838.blif; strash; map;"
RESULT g_mode=1 qor=471.00 cuts_used=446 cpu_time=4128.00 post_ml_time=2008.00
CUT_STATS g_mode=1 candidate_cuts=1842

RUN benchmark=s838.blif g_mode=2 file=/home/ayush/abc/blif/s838.blif
======== ABC command line "read_library /home/ayush/abc/genlib.genlib; read_blif /home/ayush/abc/blif/s838.blif; strash; map;"
RESULT g_mode=2 qor=471.00 cuts_used=446 cpu_time=3657.00 post_ml_time=1888.00
CUT_STATS g_mode=2 candidate_cuts=1660

RUN benchmark=s838.blif g_mode=3 file=/home/ayush/abc/blif/s838.blif
======== ABC command line "read_library /home/ayush/abc/genlib.genlib; read_blif /home/ayush/abc/blif/s838.blif; strash; map;"
RESULT g_mode=3 qor=471.00 cuts_used=446 cpu_time=3743.00 post_ml_time=1847.00
CUT_STATS g_mode=3 candidate_cuts=1401

RUN benchmark=s9234.1.blif g_mode=0 file=/home/ayush/abc/blif/s9234.1.blif
======== ABC command line "read_library /home/ayush/abc/genlib.genlib; read_blif /home/ayush/abc/blif/s9234.1.blif; strash; map;"
RESULT g_mode=0 qor=1480.00 cuts_used=1341 cpu_time=16761.00 post_ml_time=7198.00
CUT_STATS g_mode=0 candidate_cuts=12341

RUN benchmark=s9234.1.blif g_mode=1 file=/home/ayush/abc/blif/s9234.1.blif
======== ABC command line "read_library /home/ayush/abc/genlib.genlib; read_blif /home/ayush/abc/blif/s9234.1.blif; strash; map;"
RESULT g_mode=1 qor=1480.00 cuts_used=1341 cpu_time=18357.00 post_ml_time=6351.00
CUT_STATS g_mode=1 candidate_cuts=7658

RUN benchmark=s9234.1.blif g_mode=2 file=/home/ayush/abc/blif/s9234.1.blif
======== ABC command line "read_library /home/ayush/abc/genlib.genlib; read_blif /home/ayush/abc/blif/s9234.1.blif; strash; map;"
RESULT g_mode=2 qor=1480.00 cuts_used=1341 cpu_time=17576.00 post_ml_time=5921.00
CUT_STATS g_mode=2 candidate_cuts=6297

RUN benchmark=s9234.1.blif g_mode=3 file=/home/ayush/abc/blif/s9234.1.blif
======== ABC command line "read_library /home/ayush/abc/genlib.genlib; read_blif /home/ayush/abc/blif/s9234.1.blif; strash; map;"
RESULT g_mode=3 qor=1480.00 cuts_used=1341 cpu_time=18056.00 post_ml_time=6112.00
CUT_STATS g_mode=3 candidate_cuts=4649

RUN benchmark=s953.blif g_mode=0 file=/home/ayush/abc/blif/s953.blif
======== ABC command line "read_library /home/ayush/abc/genlib.genlib; read_blif /home/ayush/abc/blif/s953.blif; strash; map;"
RESULT g_mode=0 qor=609.00 cuts_used=565 cpu_time=4924.00 post_ml_time=2417.00
CUT_STATS g_mode=0 candidate_cuts=3620

RUN benchmark=s953.blif g_mode=1 file=/home/ayush/abc/blif/s953.blif
======== ABC command line "read_library /home/ayush/abc/genlib.genlib; read_blif /home/ayush/abc/blif/s953.blif; strash; map;"
RESULT g_mode=1 qor=609.00 cuts_used=565 cpu_time=5578.00 post_ml_time=2327.00
CUT_STATS g_mode=1 candidate_cuts=2610

RUN benchmark=s953.blif g_mode=2 file=/home/ayush/abc/blif/s953.blif
======== ABC command line "read_library /home/ayush/abc/genlib.genlib; read_blif /home/ayush/abc/blif/s953.blif; strash; map;"
RESULT g_mode=2 qor=609.00 cuts_used=565 cpu_time=4577.00 post_ml_time=1935.00
CUT_STATS g_mode=2 candidate_cuts=2271

RUN benchmark=s953.blif g_mode=3 file=/home/ayush/abc/blif/s953.blif
======== ABC command line "read_library /home/ayush/abc/genlib.genlib; read_blif /home/ayush/abc/blif/s953.blif; strash; map;"
RESULT g_mode=3 qor=609.00 cuts_used=565 cpu_time=4635.00 post_ml_time=1931.00
CUT_STATS g_mode=3 candidate_cuts=1824

RUN benchmark=sand.blif g_mode=0 file=/home/ayush/abc/blif/sand.blif
======== ABC command line "read_library /home/ayush/abc/genlib.genlib; read_blif /home/ayush/abc/blif/sand.blif; strash; map;"
RESULT g_mode=0 qor=616.00 cuts_used=598 cpu_time=4532.00 post_ml_time=2363.00
CUT_STATS g_mode=0 candidate_cuts=3654

RUN benchmark=sand.blif g_mode=1 file=/home/ayush/abc/blif/sand.blif
======== ABC command line "read_library /home/ayush/abc/genlib.genlib; read_blif /home/ayush/abc/blif/sand.blif; strash; map;"
RESULT g_mode=1 qor=616.00 cuts_used=598 cpu_time=6138.00 post_ml_time=2709.00
CUT_STATS g_mode=1 candidate_cuts=2761

RUN benchmark=sand.blif g_mode=2 file=/home/ayush/abc/blif/sand.blif
======== ABC command line "read_library /home/ayush/abc/genlib.genlib; read_blif /home/ayush/abc/blif/sand.blif; strash; map;"
RESULT g_mode=2 qor=616.00 cuts_used=598 cpu_time=5324.00 post_ml_time=2395.00
CUT_STATS g_mode=2 candidate_cuts=2404

RUN benchmark=sand.blif g_mode=3 file=/home/ayush/abc/blif/sand.blif
======== ABC command line "read_library /home/ayush/abc/genlib.genlib; read_blif /home/ayush/abc/blif/sand.blif; strash; map;"
RESULT g_mode=3 qor=616.00 cuts_used=598 cpu_time=6124.00 post_ml_time=2608.00
CUT_STATS g_mode=3 candidate_cuts=1930

RUN benchmark=sao2.blif g_mode=0 file=/home/ayush/abc/blif/sao2.blif
======== ABC command line "read_library /home/ayush/abc/genlib.genlib; read_blif /home/ayush/abc/blif/sao2.blif; strash; map;"
RESULT g_mode=0 qor=267.00 cuts_used=257 cpu_time=2497.00 post_ml_time=1185.00
CUT_STATS g_mode=0 candidate_cuts=1659

RUN benchmark=sao2.blif g_mode=1 file=/home/ayush/abc/blif/sao2.blif
======== ABC command line "read_library /home/ayush/abc/genlib.genlib; read_blif /home/ayush/abc/blif/sao2.blif; strash; map;"
RESULT g_mode=1 qor=267.00 cuts_used=257 cpu_time=4411.00 post_ml_time=1986.00
CUT_STATS g_mode=1 candidate_cuts=1181

RUN benchmark=sao2.blif g_mode=2 file=/home/ayush/abc/blif/sao2.blif
======== ABC command line "read_library /home/ayush/abc/genlib.genlib; read_blif /home/ayush/abc/blif/sao2.blif; strash; map;"
RESULT g_mode=2 qor=267.00 cuts_used=257 cpu_time=3452.00 post_ml_time=1370.00
CUT_STATS g_mode=2 candidate_cuts=1024

RUN benchmark=sao2.blif g_mode=3 file=/home/ayush/abc/blif/sao2.blif
======== ABC command line "read_library /home/ayush/abc/genlib.genlib; read_blif /home/ayush/abc/blif/sao2.blif; strash; map;"
RESULT g_mode=3 qor=267.00 cuts_used=257 cpu_time=2741.00 post_ml_time=1156.00
CUT_STATS g_mode=3 candidate_cuts=825

RUN benchmark=sbc.blif g_mode=0 file=/home/ayush/abc/blif/sbc.blif
======== ABC command line "read_library /home/ayush/abc/genlib.genlib; read_blif /home/ayush/abc/blif/sbc.blif; strash; map;"
RESULT g_mode=0 qor=939.00 cuts_used=882 cpu_time=6204.00 post_ml_time=3364.00
CUT_STATS g_mode=0 candidate_cuts=5080

RUN benchmark=sbc.blif g_mode=1 file=/home/ayush/abc/blif/sbc.blif
======== ABC command line "read_library /home/ayush/abc/genlib.genlib; read_blif /home/ayush/abc/blif/sbc.blif; strash; map;"
RESULT g_mode=1 qor=939.00 cuts_used=882 cpu_time=6861.00 post_ml_time=3145.00
CUT_STATS g_mode=1 candidate_cuts=3822

RUN benchmark=sbc.blif g_mode=2 file=/home/ayush/abc/blif/sbc.blif
======== ABC command line "read_library /home/ayush/abc/genlib.genlib; read_blif /home/ayush/abc/blif/sbc.blif; strash; map;"
RESULT g_mode=2 qor=939.00 cuts_used=882 cpu_time=6468.00 post_ml_time=2961.00
CUT_STATS g_mode=2 candidate_cuts=3322

RUN benchmark=sbc.blif g_mode=3 file=/home/ayush/abc/blif/sbc.blif
======== ABC command line "read_library /home/ayush/abc/genlib.genlib; read_blif /home/ayush/abc/blif/sbc.blif; strash; map;"
RESULT g_mode=3 qor=939.00 cuts_used=882 cpu_time=8032.00 post_ml_time=3695.00
CUT_STATS g_mode=3 candidate_cuts=2678

RUN benchmark=scf.blif g_mode=0 file=/home/ayush/abc/blif/scf.blif
======== ABC command line "read_library /home/ayush/abc/genlib.genlib; read_blif /home/ayush/abc/blif/scf.blif; strash; map;"
RESULT g_mode=0 qor=1049.00 cuts_used=1026 cpu_time=8102.00 post_ml_time=4395.00
CUT_STATS g_mode=0 candidate_cuts=6447

RUN benchmark=scf.blif g_mode=1 file=/home/ayush/abc/blif/scf.blif
======== ABC command line "read_library /home/ayush/abc/genlib.genlib; read_blif /home/ayush/abc/blif/scf.blif; strash; map;"
RESULT g_mode=1 qor=1049.00 cuts_used=1026 cpu_time=9221.00 post_ml_time=4226.00
CUT_STATS g_mode=1 candidate_cuts=5046

RUN benchmark=scf.blif g_mode=2 file=/home/ayush/abc/blif/scf.blif
======== ABC command line "read_library /home/ayush/abc/genlib.genlib; read_blif /home/ayush/abc/blif/scf.blif; strash; map;"
RESULT g_mode=2 qor=1049.00 cuts_used=1026 cpu_time=10759.00 post_ml_time=5278.00
CUT_STATS g_mode=2 candidate_cuts=4368

RUN benchmark=scf.blif g_mode=3 file=/home/ayush/abc/blif/scf.blif
======== ABC command line "read_library /home/ayush/abc/genlib.genlib; read_blif /home/ayush/abc/blif/scf.blif; strash; map;"
RESULT g_mode=3 qor=1049.00 cuts_used=1026 cpu_time=7634.00 post_ml_time=3552.00
CUT_STATS g_mode=3 candidate_cuts=3421

RUN benchmark=sct.blif g_mode=0 file=/home/ayush/abc/blif/sct.blif
======== ABC command line "read_library /home/ayush/abc/genlib.genlib; read_blif /home/ayush/abc/blif/sct.blif; strash; map;"
RESULT g_mode=0 qor=77.00 cuts_used=66 cpu_time=620.00 post_ml_time=273.00
CUT_STATS g_mode=0 candidate_cuts=376

RUN benchmark=sct.blif g_mode=1 file=/home/ayush/abc/blif/sct.blif
======== ABC command line "read_library /home/ayush/abc/genlib.genlib; read_blif /home/ayush/abc/blif/sct.blif; strash; map;"
RESULT g_mode=1 qor=77.00 cuts_used=66 cpu_time=689.00 post_ml_time=277.00
CUT_STATS g_mode=1 candidate_cuts=333

RUN benchmark=sct.blif g_mode=2 file=/home/ayush/abc/blif/sct.blif
======== ABC command line "read_library /home/ayush/abc/genlib.genlib; read_blif /home/ayush/abc/blif/sct.blif; strash; map;"
RESULT g_mode=2 qor=77.00 cuts_used=66 cpu_time=725.00 post_ml_time=294.00
CUT_STATS g_mode=2 candidate_cuts=294

RUN benchmark=sct.blif g_mode=3 file=/home/ayush/abc/blif/sct.blif
======== ABC command line "read_library /home/ayush/abc/genlib.genlib; read_blif /home/ayush/abc/blif/sct.blif; strash; map;"
RESULT g_mode=3 qor=77.00 cuts_used=66 cpu_time=658.00 post_ml_time=264.00
CUT_STATS g_mode=3 candidate_cuts=229

RUN benchmark=seq.blif g_mode=0 file=/home/ayush/abc/blif/seq.blif
======== ABC command line "read_library /home/ayush/abc/genlib.genlib; read_blif /home/ayush/abc/blif/seq.blif; strash; map;"
RESULT g_mode=0 qor=4529.00 cuts_used=4481 cpu_time=41580.00 post_ml_time=22925.00
CUT_STATS g_mode=0 candidate_cuts=35741

RUN benchmark=seq.blif g_mode=1 file=/home/ayush/abc/blif/seq.blif
======== ABC command line "read_library /home/ayush/abc/genlib.genlib; read_blif /home/ayush/abc/blif/seq.blif; strash; map;"
RESULT g_mode=1 qor=4529.00 cuts_used=4481 cpu_time=50418.00 post_ml_time=23423.00
CUT_STATS g_mode=1 candidate_cuts=23954

RUN benchmark=seq.blif g_mode=2 file=/home/ayush/abc/blif/seq.blif
======== ABC command line "read_library /home/ayush/abc/genlib.genlib; read_blif /home/ayush/abc/blif/seq.blif; strash; map;"
RESULT g_mode=2 qor=4529.00 cuts_used=4481 cpu_time=59082.00 post_ml_time=27184.00
CUT_STATS g_mode=2 candidate_cuts=20191

RUN benchmark=seq.blif g_mode=3 file=/home/ayush/abc/blif/seq.blif
======== ABC command line "read_library /home/ayush/abc/genlib.genlib; read_blif /home/ayush/abc/blif/seq.blif; strash; map;"
RESULT g_mode=3 qor=4529.00 cuts_used=4481 cpu_time=56503.00 post_ml_time=25185.00
CUT_STATS g_mode=3 candidate_cuts=15904

RUN benchmark=seq.pre-vpr.blif g_mode=0 file=/home/ayush/abc/blif/seq.pre-vpr.blif
======== ABC command line "read_library /home/ayush/abc/genlib.genlib; read_blif /home/ayush/abc/blif/seq.pre-vpr.blif; strash; map;"
RESULT g_mode=0 qor=3176.00 cuts_used=3107 cpu_time=40081.00 post_ml_time=19420.00
CUT_STATS g_mode=0 candidate_cuts=32065

RUN benchmark=seq.pre-vpr.blif g_mode=1 file=/home/ayush/abc/blif/seq.pre-vpr.blif
======== ABC command line "read_library /home/ayush/abc/genlib.genlib; read_blif /home/ayush/abc/blif/seq.pre-vpr.blif; strash; map;"
RESULT g_mode=1 qor=3176.00 cuts_used=3107 cpu_time=46165.00 post_ml_time=18669.00
CUT_STATS g_mode=1 candidate_cuts=19305

RUN benchmark=seq.pre-vpr.blif g_mode=2 file=/home/ayush/abc/blif/seq.pre-vpr.blif
======== ABC command line "read_library /home/ayush/abc/genlib.genlib; read_blif /home/ayush/abc/blif/seq.pre-vpr.blif; strash; map;"
RESULT g_mode=2 qor=3176.00 cuts_used=3107 cpu_time=37445.00 post_ml_time=14284.00
CUT_STATS g_mode=2 candidate_cuts=15459

RUN benchmark=seq.pre-vpr.blif g_mode=3 file=/home/ayush/abc/blif/seq.pre-vpr.blif
======== ABC command line "read_library /home/ayush/abc/genlib.genlib; read_blif /home/ayush/abc/blif/seq.pre-vpr.blif; strash; map;"
RESULT g_mode=3 qor=3176.00 cuts_used=3107 cpu_time=38015.00 post_ml_time=14252.00
CUT_STATS g_mode=3 candidate_cuts=11161

RUN benchmark=seq.wiremap_area.blif g_mode=0 file=/home/ayush/abc/blif/seq.wiremap_area.blif
======== ABC command line "read_library /home/ayush/abc/genlib.genlib; read_blif /home/ayush/abc/blif/seq.wiremap_area.blif; strash; map;"
RESULT g_mode=0 qor=3032.00 cuts_used=2961 cpu_time=35932.00 post_ml_time=16467.00
CUT_STATS g_mode=0 candidate_cuts=32902

RUN benchmark=seq.wiremap_area.blif g_mode=1 file=/home/ayush/abc/blif/seq.wiremap_area.blif
======== ABC command line "read_library /home/ayush/abc/genlib.genlib; read_blif /home/ayush/abc/blif/seq.wiremap_area.blif; strash; map;"
RESULT g_mode=1 qor=3032.00 cuts_used=2961 cpu_time=40620.00 post_ml_time=15656.00
CUT_STATS g_mode=1 candidate_cuts=19039

RUN benchmark=seq.wiremap_area.blif g_mode=2 file=/home/ayush/abc/blif/seq.wiremap_area.blif
======== ABC command line "read_library /home/ayush/abc/genlib.genlib; read_blif /home/ayush/abc/blif/seq.wiremap_area.blif; strash; map;"
RESULT g_mode=2 qor=3032.00 cuts_used=2961 cpu_time=39321.00 post_ml_time=14741.00
CUT_STATS g_mode=2 candidate_cuts=15130

RUN benchmark=seq.wiremap_area.blif g_mode=3 file=/home/ayush/abc/blif/seq.wiremap_area.blif
======== ABC command line "read_library /home/ayush/abc/genlib.genlib; read_blif /home/ayush/abc/blif/seq.wiremap_area.blif; strash; map;"
RESULT g_mode=3 qor=3032.00 cuts_used=2961 cpu_time=43707.00 post_ml_time=16790.00
CUT_STATS g_mode=3 candidate_cuts=10686

RUN benchmark=seq.wiremap_depth.blif g_mode=0 file=/home/ayush/abc/blif/seq.wiremap_depth.blif
======== ABC command line "read_library /home/ayush/abc/genlib.genlib; read_blif /home/ayush/abc/blif/seq.wiremap_depth.blif; strash; map;"
RESULT g_mode=0 qor=3176.00 cuts_used=3107 cpu_time=44100.00 post_ml_time=21017.00
CUT_STATS g_mode=0 candidate_cuts=32065

RUN benchmark=seq.wiremap_depth.blif g_mode=1 file=/home/ayush/abc/blif/seq.wiremap_depth.blif
======== ABC command line "read_library /home/ayush/abc/genlib.genlib; read_blif /home/ayush/abc/blif/seq.wiremap_depth.blif; strash; map;"
RESULT g_mode=1 qor=3176.00 cuts_used=3107 cpu_time=38403.00 post_ml_time=15436.00
CUT_STATS g_mode=1 candidate_cuts=19305

RUN benchmark=seq.wiremap_depth.blif g_mode=2 file=/home/ayush/abc/blif/seq.wiremap_depth.blif
======== ABC command line "read_library /home/ayush/abc/genlib.genlib; read_blif /home/ayush/abc/blif/seq.wiremap_depth.blif; strash; map;"
RESULT g_mode=2 qor=3176.00 cuts_used=3107 cpu_time=47960.00 post_ml_time=19085.00
CUT_STATS g_mode=2 candidate_cuts=15459

RUN benchmark=seq.wiremap_depth.blif g_mode=3 file=/home/ayush/abc/blif/seq.wiremap_depth.blif
======== ABC command line "read_library /home/ayush/abc/genlib.genlib; read_blif /home/ayush/abc/blif/seq.wiremap_depth.blif; strash; map;"
RESULT g_mode=3 qor=3176.00 cuts_used=3107 cpu_time=46672.00 post_ml_time=17235.00
CUT_STATS g_mode=3 candidate_cuts=11161

RUN benchmark=shiftreg.blif g_mode=0 file=/home/ayush/abc/blif/shiftreg.blif
======== ABC command line "read_library /home/ayush/abc/genlib.genlib; read_blif /home/ayush/abc/blif/shiftreg.blif; strash; map;"
RESULT g_mode=0 qor=4.00 cuts_used=0 cpu_time=120.00 post_ml_time=4.00
CUT_STATS g_mode=0 candidate_cuts=0

RUN benchmark=shiftreg.blif g_mode=1 file=/home/ayush/abc/blif/shiftreg.blif
======== ABC command line "read_library /home/ayush/abc/genlib.genlib; read_blif /home/ayush/abc/blif/shiftreg.blif; strash; map;"
RESULT g_mode=1 qor=4.00 cuts_used=0 cpu_time=116.00 post_ml_time=4.00
CUT_STATS g_mode=1 candidate_cuts=0

RUN benchmark=shiftreg.blif g_mode=2 file=/home/ayush/abc/blif/shiftreg.blif
======== ABC command line "read_library /home/ayush/abc/genlib.genlib; read_blif /home/ayush/abc/blif/shiftreg.blif; strash; map;"
RESULT g_mode=2 qor=4.00 cuts_used=0 cpu_time=119.00 post_ml_time=4.00
CUT_STATS g_mode=2 candidate_cuts=0

RUN benchmark=shiftreg.blif g_mode=3 file=/home/ayush/abc/blif/shiftreg.blif
======== ABC command line "read_library /home/ayush/abc/genlib.genlib; read_blif /home/ayush/abc/blif/shiftreg.blif; strash; map;"
RESULT g_mode=3 qor=4.00 cuts_used=0 cpu_time=113.00 post_ml_time=4.00
CUT_STATS g_mode=3 candidate_cuts=0

RUN benchmark=simple_16_noc_1D_chain.blif g_mode=0 file=/home/ayush/abc/blif/simple_16_noc_1D_chain.blif
======== ABC command line "read_library /home/ayush/abc/genlib.genlib; read_blif /home/ayush/abc/blif/simple_16_noc_1D_chain.blif; strash; map;"
Line 147: Cannot find PI "devpor" of the model "dffeas" as a formal input of the subcircuit.
Reading network from file has failed.

RUN benchmark=simple_16_noc_1D_chain.blif g_mode=1 file=/home/ayush/abc/blif/simple_16_noc_1D_chain.blif
======== ABC command line "read_library /home/ayush/abc/genlib.genlib; read_blif /home/ayush/abc/blif/simple_16_noc_1D_chain.blif; strash; map;"
Line 147: Cannot find PI "devpor" of the model "dffeas" as a formal input of the subcircuit.
Reading network from file has failed.

RUN benchmark=simple_16_noc_1D_chain.blif g_mode=2 file=/home/ayush/abc/blif/simple_16_noc_1D_chain.blif
======== ABC command line "read_library /home/ayush/abc/genlib.genlib; read_blif /home/ayush/abc/blif/simple_16_noc_1D_chain.blif; strash; map;"
Line 147: Cannot find PI "devpor" of the model "dffeas" as a formal input of the subcircuit.
Reading network from file has failed.

RUN benchmark=simple_16_noc_1D_chain.blif g_mode=3 file=/home/ayush/abc/blif/simple_16_noc_1D_chain.blif
======== ABC command line "read_library /home/ayush/abc/genlib.genlib; read_blif /home/ayush/abc/blif/simple_16_noc_1D_chain.blif; strash; map;"
Line 147: Cannot find PI "devpor" of the model "dffeas" as a formal input of the subcircuit.
Reading network from file has failed.

RUN benchmark=simple_2_noc_1D_chain.blif g_mode=0 file=/home/ayush/abc/blif/simple_2_noc_1D_chain.blif
======== ABC command line "read_library /home/ayush/abc/genlib.genlib; read_blif /home/ayush/abc/blif/simple_2_noc_1D_chain.blif; strash; map;"
Line 275: Cannot find PI "sharein" of the model "stratixiv_lcell_comb" as a formal input of the subcircuit.
Reading network from file has failed.

RUN benchmark=simple_2_noc_1D_chain.blif g_mode=1 file=/home/ayush/abc/blif/simple_2_noc_1D_chain.blif
======== ABC command line "read_library /home/ayush/abc/genlib.genlib; read_blif /home/ayush/abc/blif/simple_2_noc_1D_chain.blif; strash; map;"
Line 275: Cannot find PI "sharein" of the model "stratixiv_lcell_comb" as a formal input of the subcircuit.
Reading network from file has failed.

RUN benchmark=simple_2_noc_1D_chain.blif g_mode=2 file=/home/ayush/abc/blif/simple_2_noc_1D_chain.blif
======== ABC command line "read_library /home/ayush/abc/genlib.genlib; read_blif /home/ayush/abc/blif/simple_2_noc_1D_chain.blif; strash; map;"
Line 275: Cannot find PI "sharein" of the model "stratixiv_lcell_comb" as a formal input of the subcircuit.
Reading network from file has failed.

RUN benchmark=simple_2_noc_1D_chain.blif g_mode=3 file=/home/ayush/abc/blif/simple_2_noc_1D_chain.blif
======== ABC command line "read_library /home/ayush/abc/genlib.genlib; read_blif /home/ayush/abc/blif/simple_2_noc_1D_chain.blif; strash; map;"
Line 275: Cannot find PI "sharein" of the model "stratixiv_lcell_comb" as a formal input of the subcircuit.
Reading network from file has failed.

RUN benchmark=simple_32_noc_clique.blif g_mode=0 file=/home/ayush/abc/blif/simple_32_noc_clique.blif
======== ABC command line "read_library /home/ayush/abc/genlib.genlib; read_blif /home/ayush/abc/blif/simple_32_noc_clique.blif; strash; map;"
Line 179: Cannot find PI "devpor" of the model "dffeas" as a formal input of the subcircuit.
Reading network from file has failed.

RUN benchmark=simple_32_noc_clique.blif g_mode=1 file=/home/ayush/abc/blif/simple_32_noc_clique.blif
======== ABC command line "read_library /home/ayush/abc/genlib.genlib; read_blif /home/ayush/abc/blif/simple_32_noc_clique.blif; strash; map;"
Line 179: Cannot find PI "devpor" of the model "dffeas" as a formal input of the subcircuit.
Reading network from file has failed.

RUN benchmark=simple_32_noc_clique.blif g_mode=2 file=/home/ayush/abc/blif/simple_32_noc_clique.blif
======== ABC command line "read_library /home/ayush/abc/genlib.genlib; read_blif /home/ayush/abc/blif/simple_32_noc_clique.blif; strash; map;"
Line 179: Cannot find PI "devpor" of the model "dffeas" as a formal input of the subcircuit.
Reading network from file has failed.

RUN benchmark=simple_32_noc_clique.blif g_mode=3 file=/home/ayush/abc/blif/simple_32_noc_clique.blif
======== ABC command line "read_library /home/ayush/abc/genlib.genlib; read_blif /home/ayush/abc/blif/simple_32_noc_clique.blif; strash; map;"
Line 179: Cannot find PI "devpor" of the model "dffeas" as a formal input of the subcircuit.
Reading network from file has failed.

RUN benchmark=simple_32_noc_star.blif g_mode=0 file=/home/ayush/abc/blif/simple_32_noc_star.blif
======== ABC command line "read_library /home/ayush/abc/genlib.genlib; read_blif /home/ayush/abc/blif/simple_32_noc_star.blif; strash; map;"
Line 275: Cannot find PI "sharein" of the model "stratixiv_lcell_comb" as a formal input of the subcircuit.
Reading network from file has failed.

RUN benchmark=simple_32_noc_star.blif g_mode=1 file=/home/ayush/abc/blif/simple_32_noc_star.blif
======== ABC command line "read_library /home/ayush/abc/genlib.genlib; read_blif /home/ayush/abc/blif/simple_32_noc_star.blif; strash; map;"
Line 275: Cannot find PI "sharein" of the model "stratixiv_lcell_comb" as a formal input of the subcircuit.
Reading network from file has failed.

RUN benchmark=simple_32_noc_star.blif g_mode=2 file=/home/ayush/abc/blif/simple_32_noc_star.blif
======== ABC command line "read_library /home/ayush/abc/genlib.genlib; read_blif /home/ayush/abc/blif/simple_32_noc_star.blif; strash; map;"
Line 275: Cannot find PI "sharein" of the model "stratixiv_lcell_comb" as a formal input of the subcircuit.
Reading network from file has failed.

RUN benchmark=simple_32_noc_star.blif g_mode=3 file=/home/ayush/abc/blif/simple_32_noc_star.blif
======== ABC command line "read_library /home/ayush/abc/genlib.genlib; read_blif /home/ayush/abc/blif/simple_32_noc_star.blif; strash; map;"
Line 275: Cannot find PI "sharein" of the model "stratixiv_lcell_comb" as a formal input of the subcircuit.
Reading network from file has failed.

RUN benchmark=simple_4_noc_1D_chain.blif g_mode=0 file=/home/ayush/abc/blif/simple_4_noc_1D_chain.blif
======== ABC command line "read_library /home/ayush/abc/genlib.genlib; read_blif /home/ayush/abc/blif/simple_4_noc_1D_chain.blif; strash; map;"
Line 275: Cannot find PI "devpor" of the model "dffeas" as a formal input of the subcircuit.
Reading network from file has failed.

RUN benchmark=simple_4_noc_1D_chain.blif g_mode=1 file=/home/ayush/abc/blif/simple_4_noc_1D_chain.blif
======== ABC command line "read_library /home/ayush/abc/genlib.genlib; read_blif /home/ayush/abc/blif/simple_4_noc_1D_chain.blif; strash; map;"
Line 275: Cannot find PI "devpor" of the model "dffeas" as a formal input of the subcircuit.
Reading network from file has failed.

RUN benchmark=simple_4_noc_1D_chain.blif g_mode=2 file=/home/ayush/abc/blif/simple_4_noc_1D_chain.blif
======== ABC command line "read_library /home/ayush/abc/genlib.genlib; read_blif /home/ayush/abc/blif/simple_4_noc_1D_chain.blif; strash; map;"
Line 275: Cannot find PI "devpor" of the model "dffeas" as a formal input of the subcircuit.
Reading network from file has failed.

RUN benchmark=simple_4_noc_1D_chain.blif g_mode=3 file=/home/ayush/abc/blif/simple_4_noc_1D_chain.blif
======== ABC command line "read_library /home/ayush/abc/genlib.genlib; read_blif /home/ayush/abc/blif/simple_4_noc_1D_chain.blif; strash; map;"
Line 275: Cannot find PI "devpor" of the model "dffeas" as a formal input of the subcircuit.
Reading network from file has failed.

RUN benchmark=simple_64_noc_2D_chain.blif g_mode=0 file=/home/ayush/abc/blif/simple_64_noc_2D_chain.blif
======== ABC command line "read_library /home/ayush/abc/genlib.genlib; read_blif /home/ayush/abc/blif/simple_64_noc_2D_chain.blif; strash; map;"
Line 147: Cannot find PI "devpor" of the model "dffeas" as a formal input of the subcircuit.
Reading network from file has failed.

RUN benchmark=simple_64_noc_2D_chain.blif g_mode=1 file=/home/ayush/abc/blif/simple_64_noc_2D_chain.blif
======== ABC command line "read_library /home/ayush/abc/genlib.genlib; read_blif /home/ayush/abc/blif/simple_64_noc_2D_chain.blif; strash; map;"
Line 147: Cannot find PI "devpor" of the model "dffeas" as a formal input of the subcircuit.
Reading network from file has failed.

RUN benchmark=simple_64_noc_2D_chain.blif g_mode=2 file=/home/ayush/abc/blif/simple_64_noc_2D_chain.blif
======== ABC command line "read_library /home/ayush/abc/genlib.genlib; read_blif /home/ayush/abc/blif/simple_64_noc_2D_chain.blif; strash; map;"
Line 147: Cannot find PI "devpor" of the model "dffeas" as a formal input of the subcircuit.
Reading network from file has failed.

RUN benchmark=simple_64_noc_2D_chain.blif g_mode=3 file=/home/ayush/abc/blif/simple_64_noc_2D_chain.blif
======== ABC command line "read_library /home/ayush/abc/genlib.genlib; read_blif /home/ayush/abc/blif/simple_64_noc_2D_chain.blif; strash; map;"
Line 147: Cannot find PI "devpor" of the model "dffeas" as a formal input of the subcircuit.
Reading network from file has failed.

RUN benchmark=simple_64_noc_clique.blif g_mode=0 file=/home/ayush/abc/blif/simple_64_noc_clique.blif
======== ABC command line "read_library /home/ayush/abc/genlib.genlib; read_blif /home/ayush/abc/blif/simple_64_noc_clique.blif; strash; map;"
Line 179: Cannot find PI "devpor" of the model "dffeas" as a formal input of the subcircuit.
Reading network from file has failed.

RUN benchmark=simple_64_noc_clique.blif g_mode=1 file=/home/ayush/abc/blif/simple_64_noc_clique.blif
======== ABC command line "read_library /home/ayush/abc/genlib.genlib; read_blif /home/ayush/abc/blif/simple_64_noc_clique.blif; strash; map;"
Line 179: Cannot find PI "devpor" of the model "dffeas" as a formal input of the subcircuit.
Reading network from file has failed.

RUN benchmark=simple_64_noc_clique.blif g_mode=2 file=/home/ayush/abc/blif/simple_64_noc_clique.blif
======== ABC command line "read_library /home/ayush/abc/genlib.genlib; read_blif /home/ayush/abc/blif/simple_64_noc_clique.blif; strash; map;"
Line 179: Cannot find PI "devpor" of the model "dffeas" as a formal input of the subcircuit.
Reading network from file has failed.

RUN benchmark=simple_64_noc_clique.blif g_mode=3 file=/home/ayush/abc/blif/simple_64_noc_clique.blif
======== ABC command line "read_library /home/ayush/abc/genlib.genlib; read_blif /home/ayush/abc/blif/simple_64_noc_clique.blif; strash; map;"
Line 179: Cannot find PI "devpor" of the model "dffeas" as a formal input of the subcircuit.
Reading network from file has failed.

RUN benchmark=simple_64_noc_star.blif g_mode=0 file=/home/ayush/abc/blif/simple_64_noc_star.blif
======== ABC command line "read_library /home/ayush/abc/genlib.genlib; read_blif /home/ayush/abc/blif/simple_64_noc_star.blif; strash; map;"
Line 275: Cannot find PI "sharein" of the model "stratixiv_lcell_comb" as a formal input of the subcircuit.
Reading network from file has failed.

RUN benchmark=simple_64_noc_star.blif g_mode=1 file=/home/ayush/abc/blif/simple_64_noc_star.blif
======== ABC command line "read_library /home/ayush/abc/genlib.genlib; read_blif /home/ayush/abc/blif/simple_64_noc_star.blif; strash; map;"
Line 275: Cannot find PI "sharein" of the model "stratixiv_lcell_comb" as a formal input of the subcircuit.
Reading network from file has failed.

RUN benchmark=simple_64_noc_star.blif g_mode=2 file=/home/ayush/abc/blif/simple_64_noc_star.blif
======== ABC command line "read_library /home/ayush/abc/genlib.genlib; read_blif /home/ayush/abc/blif/simple_64_noc_star.blif; strash; map;"
Line 275: Cannot find PI "sharein" of the model "stratixiv_lcell_comb" as a formal input of the subcircuit.
Reading network from file has failed.

RUN benchmark=simple_64_noc_star.blif g_mode=3 file=/home/ayush/abc/blif/simple_64_noc_star.blif
======== ABC command line "read_library /home/ayush/abc/genlib.genlib; read_blif /home/ayush/abc/blif/simple_64_noc_star.blif; strash; map;"
Line 275: Cannot find PI "sharein" of the model "stratixiv_lcell_comb" as a formal input of the subcircuit.
Reading network from file has failed.

RUN benchmark=simple_8_noc_1D_chain.blif g_mode=0 file=/home/ayush/abc/blif/simple_8_noc_1D_chain.blif
======== ABC command line "read_library /home/ayush/abc/genlib.genlib; read_blif /home/ayush/abc/blif/simple_8_noc_1D_chain.blif; strash; map;"
Line 147: Cannot find PI "devpor" of the model "dffeas" as a formal input of the subcircuit.
Reading network from file has failed.

RUN benchmark=simple_8_noc_1D_chain.blif g_mode=1 file=/home/ayush/abc/blif/simple_8_noc_1D_chain.blif
======== ABC command line "read_library /home/ayush/abc/genlib.genlib; read_blif /home/ayush/abc/blif/simple_8_noc_1D_chain.blif; strash; map;"
Line 147: Cannot find PI "devpor" of the model "dffeas" as a formal input of the subcircuit.
Reading network from file has failed.

RUN benchmark=simple_8_noc_1D_chain.blif g_mode=2 file=/home/ayush/abc/blif/simple_8_noc_1D_chain.blif
======== ABC command line "read_library /home/ayush/abc/genlib.genlib; read_blif /home/ayush/abc/blif/simple_8_noc_1D_chain.blif; strash; map;"
Line 147: Cannot find PI "devpor" of the model "dffeas" as a formal input of the subcircuit.
Reading network from file has failed.

RUN benchmark=simple_8_noc_1D_chain.blif g_mode=3 file=/home/ayush/abc/blif/simple_8_noc_1D_chain.blif
======== ABC command line "read_library /home/ayush/abc/genlib.genlib; read_blif /home/ayush/abc/blif/simple_8_noc_1D_chain.blif; strash; map;"
Line 147: Cannot find PI "devpor" of the model "dffeas" as a formal input of the subcircuit.
Reading network from file has failed.

RUN benchmark=singleclock.blif g_mode=0 file=/home/ayush/abc/blif/singleclock.blif
======== ABC command line "read_library /home/ayush/abc/genlib.genlib; read_blif /home/ayush/abc/blif/singleclock.blif; strash; map;"
RESULT g_mode=0 qor=6.00 cuts_used=1 cpu_time=149.00 post_ml_time=13.00
CUT_STATS g_mode=0 candidate_cuts=1

RUN benchmark=singleclock.blif g_mode=1 file=/home/ayush/abc/blif/singleclock.blif
======== ABC command line "read_library /home/ayush/abc/genlib.genlib; read_blif /home/ayush/abc/blif/singleclock.blif; strash; map;"
RESULT g_mode=1 qor=6.00 cuts_used=1 cpu_time=154.00 post_ml_time=13.00
CUT_STATS g_mode=1 candidate_cuts=1

RUN benchmark=singleclock.blif g_mode=2 file=/home/ayush/abc/blif/singleclock.blif
======== ABC command line "read_library /home/ayush/abc/genlib.genlib; read_blif /home/ayush/abc/blif/singleclock.blif; strash; map;"
RESULT g_mode=2 qor=6.00 cuts_used=1 cpu_time=160.00 post_ml_time=13.00
CUT_STATS g_mode=2 candidate_cuts=1

RUN benchmark=singleclock.blif g_mode=3 file=/home/ayush/abc/blif/singleclock.blif
======== ABC command line "read_library /home/ayush/abc/genlib.genlib; read_blif /home/ayush/abc/blif/singleclock.blif; strash; map;"
RESULT g_mode=3 qor=6.00 cuts_used=1 cpu_time=223.00 post_ml_time=13.00
CUT_STATS g_mode=3 candidate_cuts=1

RUN benchmark=spla.blif g_mode=0 file=/home/ayush/abc/blif/spla.blif
======== ABC command line "read_library /home/ayush/abc/genlib.genlib; read_blif /home/ayush/abc/blif/spla.blif; strash; map;"
RESULT g_mode=0 qor=11754.00 cuts_used=11730 cpu_time=161311.00 post_ml_time=83688.00
CUT_STATS g_mode=0 candidate_cuts=129280

RUN benchmark=spla.blif g_mode=1 file=/home/ayush/abc/blif/spla.blif
======== ABC command line "read_library /home/ayush/abc/genlib.genlib; read_blif /home/ayush/abc/blif/spla.blif; strash; map;"
RESULT g_mode=1 qor=11754.00 cuts_used=11730 cpu_time=186146.00 post_ml_time=82283.00
CUT_STATS g_mode=1 candidate_cuts=78050

RUN benchmark=spla.blif g_mode=2 file=/home/ayush/abc/blif/spla.blif
======== ABC command line "read_library /home/ayush/abc/genlib.genlib; read_blif /home/ayush/abc/blif/spla.blif; strash; map;"
RESULT g_mode=2 qor=11754.00 cuts_used=11730 cpu_time=229762.00 post_ml_time=101757.00
CUT_STATS g_mode=2 candidate_cuts=62906

RUN benchmark=spla.blif g_mode=3 file=/home/ayush/abc/blif/spla.blif
======== ABC command line "read_library /home/ayush/abc/genlib.genlib; read_blif /home/ayush/abc/blif/spla.blif; strash; map;"
RESULT g_mode=3 qor=11754.00 cuts_used=11730 cpu_time=232717.00 post_ml_time=99897.00
CUT_STATS g_mode=3 candidate_cuts=45625

RUN benchmark=spla.pre-vpr.blif g_mode=0 file=/home/ayush/abc/blif/spla.pre-vpr.blif
======== ABC command line "read_library /home/ayush/abc/genlib.genlib; read_blif /home/ayush/abc/blif/spla.pre-vpr.blif; strash; map;"
RESULT g_mode=0 qor=8174.00 cuts_used=8102 cpu_time=175107.00 post_ml_time=76721.00
CUT_STATS g_mode=0 candidate_cuts=116634

RUN benchmark=spla.pre-vpr.blif g_mode=1 file=/home/ayush/abc/blif/spla.pre-vpr.blif
======== ABC command line "read_library /home/ayush/abc/genlib.genlib; read_blif /home/ayush/abc/blif/spla.pre-vpr.blif; strash; map;"
RESULT g_mode=1 qor=8174.00 cuts_used=8102 cpu_time=183510.00 post_ml_time=68333.00
CUT_STATS g_mode=1 candidate_cuts=58188

RUN benchmark=spla.pre-vpr.blif g_mode=2 file=/home/ayush/abc/blif/spla.pre-vpr.blif
======== ABC command line "read_library /home/ayush/abc/genlib.genlib; read_blif /home/ayush/abc/blif/spla.pre-vpr.blif; strash; map;"
RESULT g_mode=2 qor=8174.00 cuts_used=8102 cpu_time=192502.00 post_ml_time=69605.00
CUT_STATS g_mode=2 candidate_cuts=45299

RUN benchmark=spla.pre-vpr.blif g_mode=3 file=/home/ayush/abc/blif/spla.pre-vpr.blif
======== ABC command line "read_library /home/ayush/abc/genlib.genlib; read_blif /home/ayush/abc/blif/spla.pre-vpr.blif; strash; map;"
RESULT g_mode=3 qor=8174.00 cuts_used=8102 cpu_time=187323.00 post_ml_time=66588.00
CUT_STATS g_mode=3 candidate_cuts=31382

RUN benchmark=spla.wiremap_area.blif g_mode=0 file=/home/ayush/abc/blif/spla.wiremap_area.blif
======== ABC command line "read_library /home/ayush/abc/genlib.genlib; read_blif /home/ayush/abc/blif/spla.wiremap_area.blif; strash; map;"
RESULT g_mode=0 qor=7658.00 cuts_used=7599 cpu_time=153231.00 post_ml_time=66355.00
CUT_STATS g_mode=0 candidate_cuts=120333

RUN benchmark=spla.wiremap_area.blif g_mode=1 file=/home/ayush/abc/blif/spla.wiremap_area.blif
======== ABC command line "read_library /home/ayush/abc/genlib.genlib; read_blif /home/ayush/abc/blif/spla.wiremap_area.blif; strash; map;"
RESULT g_mode=1 qor=7658.00 cuts_used=7599 cpu_time=159482.00 post_ml_time=54587.00
CUT_STATS g_mode=1 candidate_cuts=55571

RUN benchmark=spla.wiremap_area.blif g_mode=2 file=/home/ayush/abc/blif/spla.wiremap_area.blif
======== ABC command line "read_library /home/ayush/abc/genlib.genlib; read_blif /home/ayush/abc/blif/spla.wiremap_area.blif; strash; map;"
RESULT g_mode=2 qor=7658.00 cuts_used=7599 cpu_time=203425.00 post_ml_time=67484.00
CUT_STATS g_mode=2 candidate_cuts=42997

RUN benchmark=spla.wiremap_area.blif g_mode=3 file=/home/ayush/abc/blif/spla.wiremap_area.blif
======== ABC command line "read_library /home/ayush/abc/genlib.genlib; read_blif /home/ayush/abc/blif/spla.wiremap_area.blif; strash; map;"
RESULT g_mode=3 qor=7658.00 cuts_used=7599 cpu_time=188780.00 post_ml_time=62066.00
CUT_STATS g_mode=3 candidate_cuts=29522

RUN benchmark=spla.wiremap_depth.blif g_mode=0 file=/home/ayush/abc/blif/spla.wiremap_depth.blif
======== ABC command line "read_library /home/ayush/abc/genlib.genlib; read_blif /home/ayush/abc/blif/spla.wiremap_depth.blif; strash; map;"
RESULT g_mode=0 qor=8174.00 cuts_used=8102 cpu_time=159215.00 post_ml_time=73256.00
CUT_STATS g_mode=0 candidate_cuts=116634

RUN benchmark=spla.wiremap_depth.blif g_mode=1 file=/home/ayush/abc/blif/spla.wiremap_depth.blif
======== ABC command line "read_library /home/ayush/abc/genlib.genlib; read_blif /home/ayush/abc/blif/spla.wiremap_depth.blif; strash; map;"
RESULT g_mode=1 qor=8174.00 cuts_used=8102 cpu_time=154402.00 post_ml_time=56598.00
CUT_STATS g_mode=1 candidate_cuts=58188

RUN benchmark=spla.wiremap_depth.blif g_mode=2 file=/home/ayush/abc/blif/spla.wiremap_depth.blif
======== ABC command line "read_library /home/ayush/abc/genlib.genlib; read_blif /home/ayush/abc/blif/spla.wiremap_depth.blif; strash; map;"
RESULT g_mode=2 qor=8174.00 cuts_used=8102 cpu_time=158491.00 post_ml_time=57245.00
CUT_STATS g_mode=2 candidate_cuts=45299

RUN benchmark=spla.wiremap_depth.blif g_mode=3 file=/home/ayush/abc/blif/spla.wiremap_depth.blif
======== ABC command line "read_library /home/ayush/abc/genlib.genlib; read_blif /home/ayush/abc/blif/spla.wiremap_depth.blif; strash; map;"
RESULT g_mode=3 qor=8174.00 cuts_used=8102 cpu_time=157408.00 post_ml_time=55336.00
CUT_STATS g_mode=3 candidate_cuts=31382

RUN benchmark=spread_2_noc_1D_chain.blif g_mode=0 file=/home/ayush/abc/blif/spread_2_noc_1D_chain.blif
======== ABC command line "read_library /home/ayush/abc/genlib.genlib; read_blif /home/ayush/abc/blif/spread_2_noc_1D_chain.blif; strash; map;"
Line 83: Cannot find PI "devpor" of the model "stratixiv_mac_out.opmode{one_level_adder}.input_type{comb}.output_type{comb}" as a formal input of the subcircuit.
Reading network from file has failed.

RUN benchmark=spread_2_noc_1D_chain.blif g_mode=1 file=/home/ayush/abc/blif/spread_2_noc_1D_chain.blif
======== ABC command line "read_library /home/ayush/abc/genlib.genlib; read_blif /home/ayush/abc/blif/spread_2_noc_1D_chain.blif; strash; map;"
Line 83: Cannot find PI "devpor" of the model "stratixiv_mac_out.opmode{one_level_adder}.input_type{comb}.output_type{comb}" as a formal input of the subcircuit.
Reading network from file has failed.

RUN benchmark=spread_2_noc_1D_chain.blif g_mode=2 file=/home/ayush/abc/blif/spread_2_noc_1D_chain.blif
======== ABC command line "read_library /home/ayush/abc/genlib.genlib; read_blif /home/ayush/abc/blif/spread_2_noc_1D_chain.blif; strash; map;"
Line 83: Cannot find PI "devpor" of the model "stratixiv_mac_out.opmode{one_level_adder}.input_type{comb}.output_type{comb}" as a formal input of the subcircuit.
Reading network from file has failed.

RUN benchmark=spread_2_noc_1D_chain.blif g_mode=3 file=/home/ayush/abc/blif/spread_2_noc_1D_chain.blif
======== ABC command line "read_library /home/ayush/abc/genlib.genlib; read_blif /home/ayush/abc/blif/spread_2_noc_1D_chain.blif; strash; map;"
Line 83: Cannot find PI "devpor" of the model "stratixiv_mac_out.opmode{one_level_adder}.input_type{comb}.output_type{comb}" as a formal input of the subcircuit.
Reading network from file has failed.

RUN benchmark=spread_32_noc_clique.blif g_mode=0 file=/home/ayush/abc/blif/spread_32_noc_clique.blif
======== ABC command line "read_library /home/ayush/abc/genlib.genlib; read_blif /home/ayush/abc/blif/spread_32_noc_clique.blif; strash; map;"
Line 232: Cannot find PI "devpor" of the model "dffeas" as a formal input of the subcircuit.
Reading network from file has failed.

RUN benchmark=spread_32_noc_clique.blif g_mode=1 file=/home/ayush/abc/blif/spread_32_noc_clique.blif
======== ABC command line "read_library /home/ayush/abc/genlib.genlib; read_blif /home/ayush/abc/blif/spread_32_noc_clique.blif; strash; map;"
Line 232: Cannot find PI "devpor" of the model "dffeas" as a formal input of the subcircuit.
Reading network from file has failed.

RUN benchmark=spread_32_noc_clique.blif g_mode=2 file=/home/ayush/abc/blif/spread_32_noc_clique.blif
======== ABC command line "read_library /home/ayush/abc/genlib.genlib; read_blif /home/ayush/abc/blif/spread_32_noc_clique.blif; strash; map;"
Line 232: Cannot find PI "devpor" of the model "dffeas" as a formal input of the subcircuit.
Reading network from file has failed.

RUN benchmark=spread_32_noc_clique.blif g_mode=3 file=/home/ayush/abc/blif/spread_32_noc_clique.blif
======== ABC command line "read_library /home/ayush/abc/genlib.genlib; read_blif /home/ayush/abc/blif/spread_32_noc_clique.blif; strash; map;"
Line 232: Cannot find PI "devpor" of the model "dffeas" as a formal input of the subcircuit.
Reading network from file has failed.

RUN benchmark=spread_32_noc_star.blif g_mode=0 file=/home/ayush/abc/blif/spread_32_noc_star.blif
======== ABC command line "read_library /home/ayush/abc/genlib.genlib; read_blif /home/ayush/abc/blif/spread_32_noc_star.blif; strash; map;"
Line 104: Cannot find PI "devpor" of the model "dffeas" as a formal input of the subcircuit.
Reading network from file has failed.

RUN benchmark=spread_32_noc_star.blif g_mode=1 file=/home/ayush/abc/blif/spread_32_noc_star.blif
======== ABC command line "read_library /home/ayush/abc/genlib.genlib; read_blif /home/ayush/abc/blif/spread_32_noc_star.blif; strash; map;"
Line 104: Cannot find PI "devpor" of the model "dffeas" as a formal input of the subcircuit.
Reading network from file has failed.

RUN benchmark=spread_32_noc_star.blif g_mode=2 file=/home/ayush/abc/blif/spread_32_noc_star.blif
======== ABC command line "read_library /home/ayush/abc/genlib.genlib; read_blif /home/ayush/abc/blif/spread_32_noc_star.blif; strash; map;"
Line 104: Cannot find PI "devpor" of the model "dffeas" as a formal input of the subcircuit.
Reading network from file has failed.

RUN benchmark=spread_32_noc_star.blif g_mode=3 file=/home/ayush/abc/blif/spread_32_noc_star.blif
======== ABC command line "read_library /home/ayush/abc/genlib.genlib; read_blif /home/ayush/abc/blif/spread_32_noc_star.blif; strash; map;"
Line 104: Cannot find PI "devpor" of the model "dffeas" as a formal input of the subcircuit.
Reading network from file has failed.

RUN benchmark=spread_64_noc_2D_chain.blif g_mode=0 file=/home/ayush/abc/blif/spread_64_noc_2D_chain.blif
======== ABC command line "read_library /home/ayush/abc/genlib.genlib; read_blif /home/ayush/abc/blif/spread_64_noc_2D_chain.blif; strash; map;"
Line 179: Cannot find PI "devpor" of the model "dffeas" as a formal input of the subcircuit.
Reading network from file has failed.

RUN benchmark=spread_64_noc_2D_chain.blif g_mode=1 file=/home/ayush/abc/blif/spread_64_noc_2D_chain.blif
======== ABC command line "read_library /home/ayush/abc/genlib.genlib; read_blif /home/ayush/abc/blif/spread_64_noc_2D_chain.blif; strash; map;"
Line 179: Cannot find PI "devpor" of the model "dffeas" as a formal input of the subcircuit.
Reading network from file has failed.

RUN benchmark=spread_64_noc_2D_chain.blif g_mode=2 file=/home/ayush/abc/blif/spread_64_noc_2D_chain.blif
======== ABC command line "read_library /home/ayush/abc/genlib.genlib; read_blif /home/ayush/abc/blif/spread_64_noc_2D_chain.blif; strash; map;"
Line 179: Cannot find PI "devpor" of the model "dffeas" as a formal input of the subcircuit.
Reading network from file has failed.

RUN benchmark=spread_64_noc_2D_chain.blif g_mode=3 file=/home/ayush/abc/blif/spread_64_noc_2D_chain.blif
======== ABC command line "read_library /home/ayush/abc/genlib.genlib; read_blif /home/ayush/abc/blif/spread_64_noc_2D_chain.blif; strash; map;"
Line 179: Cannot find PI "devpor" of the model "dffeas" as a formal input of the subcircuit.
Reading network from file has failed.

RUN benchmark=spread_64_noc_clique.blif g_mode=0 file=/home/ayush/abc/blif/spread_64_noc_clique.blif
======== ABC command line "read_library /home/ayush/abc/genlib.genlib; read_blif /home/ayush/abc/blif/spread_64_noc_clique.blif; strash; map;"
Line 232: Cannot find PI "devpor" of the model "dffeas" as a formal input of the subcircuit.
Reading network from file has failed.

RUN benchmark=spread_64_noc_clique.blif g_mode=1 file=/home/ayush/abc/blif/spread_64_noc_clique.blif
======== ABC command line "read_library /home/ayush/abc/genlib.genlib; read_blif /home/ayush/abc/blif/spread_64_noc_clique.blif; strash; map;"
Line 232: Cannot find PI "devpor" of the model "dffeas" as a formal input of the subcircuit.
Reading network from file has failed.

RUN benchmark=spread_64_noc_clique.blif g_mode=2 file=/home/ayush/abc/blif/spread_64_noc_clique.blif
======== ABC command line "read_library /home/ayush/abc/genlib.genlib; read_blif /home/ayush/abc/blif/spread_64_noc_clique.blif; strash; map;"
Line 232: Cannot find PI "devpor" of the model "dffeas" as a formal input of the subcircuit.
Reading network from file has failed.

RUN benchmark=spread_64_noc_clique.blif g_mode=3 file=/home/ayush/abc/blif/spread_64_noc_clique.blif
======== ABC command line "read_library /home/ayush/abc/genlib.genlib; read_blif /home/ayush/abc/blif/spread_64_noc_clique.blif; strash; map;"
Line 232: Cannot find PI "devpor" of the model "dffeas" as a formal input of the subcircuit.
Reading network from file has failed.

RUN benchmark=spread_64_noc_star.blif g_mode=0 file=/home/ayush/abc/blif/spread_64_noc_star.blif
======== ABC command line "read_library /home/ayush/abc/genlib.genlib; read_blif /home/ayush/abc/blif/spread_64_noc_star.blif; strash; map;"
Line 104: Cannot find PI "devpor" of the model "dffeas" as a formal input of the subcircuit.
Reading network from file has failed.

RUN benchmark=spread_64_noc_star.blif g_mode=1 file=/home/ayush/abc/blif/spread_64_noc_star.blif
======== ABC command line "read_library /home/ayush/abc/genlib.genlib; read_blif /home/ayush/abc/blif/spread_64_noc_star.blif; strash; map;"
Line 104: Cannot find PI "devpor" of the model "dffeas" as a formal input of the subcircuit.
Reading network from file has failed.

RUN benchmark=spread_64_noc_star.blif g_mode=2 file=/home/ayush/abc/blif/spread_64_noc_star.blif
======== ABC command line "read_library /home/ayush/abc/genlib.genlib; read_blif /home/ayush/abc/blif/spread_64_noc_star.blif; strash; map;"
Line 104: Cannot find PI "devpor" of the model "dffeas" as a formal input of the subcircuit.
Reading network from file has failed.

RUN benchmark=spread_64_noc_star.blif g_mode=3 file=/home/ayush/abc/blif/spread_64_noc_star.blif
======== ABC command line "read_library /home/ayush/abc/genlib.genlib; read_blif /home/ayush/abc/blif/spread_64_noc_star.blif; strash; map;"
Line 104: Cannot find PI "devpor" of the model "dffeas" as a formal input of the subcircuit.
Reading network from file has failed.

RUN benchmark=spree.blif g_mode=0 file=/home/ayush/abc/blif/spree.blif
======== ABC command line "read_library /home/ayush/abc/genlib.genlib; read_blif /home/ayush/abc/blif/spree.blif; strash; map;"
Hierarchy reader converted 191 instances of blackboxes.
RESULT g_mode=0 qor=3396.00 cuts_used=2996 cpu_time=40646.00 post_ml_time=14858.00
CUT_STATS g_mode=0 candidate_cuts=37431

RUN benchmark=spree.blif g_mode=1 file=/home/ayush/abc/blif/spree.blif
======== ABC command line "read_library /home/ayush/abc/genlib.genlib; read_blif /home/ayush/abc/blif/spree.blif; strash; map;"
Hierarchy reader converted 191 instances of blackboxes.
RESULT g_mode=1 qor=3396.00 cuts_used=2996 cpu_time=41688.00 post_ml_time=12208.00
CUT_STATS g_mode=1 candidate_cuts=19859

RUN benchmark=spree.blif g_mode=2 file=/home/ayush/abc/blif/spree.blif
======== ABC command line "read_library /home/ayush/abc/genlib.genlib; read_blif /home/ayush/abc/blif/spree.blif; strash; map;"
Hierarchy reader converted 191 instances of blackboxes.
RESULT g_mode=2 qor=3396.00 cuts_used=2996 cpu_time=40649.00 post_ml_time=11288.00
CUT_STATS g_mode=2 candidate_cuts=16007

RUN benchmark=spree.blif g_mode=3 file=/home/ayush/abc/blif/spree.blif
======== ABC command line "read_library /home/ayush/abc/genlib.genlib; read_blif /home/ayush/abc/blif/spree.blif; strash; map;"
Hierarchy reader converted 191 instances of blackboxes.
RESULT g_mode=3 qor=3396.00 cuts_used=2996 cpu_time=40052.00 post_ml_time=11143.00
CUT_STATS g_mode=3 candidate_cuts=11254

RUN benchmark=sqrt8.blif g_mode=0 file=/home/ayush/abc/blif/sqrt8.blif
======== ABC command line "read_library /home/ayush/abc/genlib.genlib; read_blif /home/ayush/abc/blif/sqrt8.blif; strash; map;"
RESULT g_mode=0 qor=65.00 cuts_used=60 cpu_time=450.00 post_ml_time=165.00
CUT_STATS g_mode=0 candidate_cuts=389

RUN benchmark=sqrt8.blif g_mode=1 file=/home/ayush/abc/blif/sqrt8.blif
======== ABC command line "read_library /home/ayush/abc/genlib.genlib; read_blif /home/ayush/abc/blif/sqrt8.blif; strash; map;"
RESULT g_mode=1 qor=65.00 cuts_used=60 cpu_time=1074.00 post_ml_time=358.00
CUT_STATS g_mode=1 candidate_cuts=267

RUN benchmark=sqrt8.blif g_mode=2 file=/home/ayush/abc/blif/sqrt8.blif
======== ABC command line "read_library /home/ayush/abc/genlib.genlib; read_blif /home/ayush/abc/blif/sqrt8.blif; strash; map;"
RESULT g_mode=2 qor=65.00 cuts_used=60 cpu_time=674.00 post_ml_time=207.00
CUT_STATS g_mode=2 candidate_cuts=227

RUN benchmark=sqrt8.blif g_mode=3 file=/home/ayush/abc/blif/sqrt8.blif
======== ABC command line "read_library /home/ayush/abc/genlib.genlib; read_blif /home/ayush/abc/blif/sqrt8.blif; strash; map;"
RESULT g_mode=3 qor=65.00 cuts_used=60 cpu_time=642.00 post_ml_time=207.00
CUT_STATS g_mode=3 candidate_cuts=176

RUN benchmark=sqrt8ml.blif g_mode=0 file=/home/ayush/abc/blif/sqrt8ml.blif
======== ABC command line "read_library /home/ayush/abc/genlib.genlib; read_blif /home/ayush/abc/blif/sqrt8ml.blif; strash; map;"
RESULT g_mode=0 qor=81.00 cuts_used=76 cpu_time=743.00 post_ml_time=316.00
CUT_STATS g_mode=0 candidate_cuts=533

RUN benchmark=sqrt8ml.blif g_mode=1 file=/home/ayush/abc/blif/sqrt8ml.blif
======== ABC command line "read_library /home/ayush/abc/genlib.genlib; read_blif /home/ayush/abc/blif/sqrt8ml.blif; strash; map;"
RESULT g_mode=1 qor=81.00 cuts_used=76 cpu_time=1075.00 post_ml_time=415.00
CUT_STATS g_mode=1 candidate_cuts=375

RUN benchmark=sqrt8ml.blif g_mode=2 file=/home/ayush/abc/blif/sqrt8ml.blif
======== ABC command line "read_library /home/ayush/abc/genlib.genlib; read_blif /home/ayush/abc/blif/sqrt8ml.blif; strash; map;"
RESULT g_mode=2 qor=81.00 cuts_used=76 cpu_time=1403.00 post_ml_time=532.00
CUT_STATS g_mode=2 candidate_cuts=313

RUN benchmark=sqrt8ml.blif g_mode=3 file=/home/ayush/abc/blif/sqrt8ml.blif
======== ABC command line "read_library /home/ayush/abc/genlib.genlib; read_blif /home/ayush/abc/blif/sqrt8ml.blif; strash; map;"
RESULT g_mode=3 qor=81.00 cuts_used=76 cpu_time=1075.00 post_ml_time=396.00
CUT_STATS g_mode=3 candidate_cuts=233

RUN benchmark=squar5.blif g_mode=0 file=/home/ayush/abc/blif/squar5.blif
======== ABC command line "read_library /home/ayush/abc/genlib.genlib; read_blif /home/ayush/abc/blif/squar5.blif; strash; map;"
RESULT g_mode=0 qor=63.00 cuts_used=59 cpu_time=582.00 post_ml_time=255.00
CUT_STATS g_mode=0 candidate_cuts=326

RUN benchmark=squar5.blif g_mode=1 file=/home/ayush/abc/blif/squar5.blif
======== ABC command line "read_library /home/ayush/abc/genlib.genlib; read_blif /home/ayush/abc/blif/squar5.blif; strash; map;"
RESULT g_mode=1 qor=63.00 cuts_used=59 cpu_time=643.00 post_ml_time=249.00
CUT_STATS g_mode=1 candidate_cuts=240

RUN benchmark=squar5.blif g_mode=2 file=/home/ayush/abc/blif/squar5.blif
======== ABC command line "read_library /home/ayush/abc/genlib.genlib; read_blif /home/ayush/abc/blif/squar5.blif; strash; map;"
RESULT g_mode=2 qor=63.00 cuts_used=59 cpu_time=552.00 post_ml_time=214.00
CUT_STATS g_mode=2 candidate_cuts=210

RUN benchmark=squar5.blif g_mode=3 file=/home/ayush/abc/blif/squar5.blif
======== ABC command line "read_library /home/ayush/abc/genlib.genlib; read_blif /home/ayush/abc/blif/squar5.blif; strash; map;"
RESULT g_mode=3 qor=63.00 cuts_used=59 cpu_time=679.00 post_ml_time=261.00
CUT_STATS g_mode=3 candidate_cuts=174

RUN benchmark=sse.blif g_mode=0 file=/home/ayush/abc/blif/sse.blif
======== ABC command line "read_library /home/ayush/abc/genlib.genlib; read_blif /home/ayush/abc/blif/sse.blif; strash; map;"
RESULT g_mode=0 qor=146.00 cuts_used=134 cpu_time=1260.00 post_ml_time=501.00
CUT_STATS g_mode=0 candidate_cuts=927

RUN benchmark=sse.blif g_mode=1 file=/home/ayush/abc/blif/sse.blif
======== ABC command line "read_library /home/ayush/abc/genlib.genlib; read_blif /home/ayush/abc/blif/sse.blif; strash; map;"
RESULT g_mode=1 qor=146.00 cuts_used=134 cpu_time=1284.00 post_ml_time=421.00
CUT_STATS g_mode=1 candidate_cuts=596

RUN benchmark=sse.blif g_mode=2 file=/home/ayush/abc/blif/sse.blif
======== ABC command line "read_library /home/ayush/abc/genlib.genlib; read_blif /home/ayush/abc/blif/sse.blif; strash; map;"
RESULT g_mode=2 qor=146.00 cuts_used=134 cpu_time=1221.00 post_ml_time=419.00
CUT_STATS g_mode=2 candidate_cuts=518

RUN benchmark=sse.blif g_mode=3 file=/home/ayush/abc/blif/sse.blif
======== ABC command line "read_library /home/ayush/abc/genlib.genlib; read_blif /home/ayush/abc/blif/sse.blif; strash; map;"
RESULT g_mode=3 qor=146.00 cuts_used=134 cpu_time=1242.00 post_ml_time=418.00
CUT_STATS g_mode=3 candidate_cuts=418

RUN benchmark=styr.blif g_mode=0 file=/home/ayush/abc/blif/styr.blif
======== ABC command line "read_library /home/ayush/abc/genlib.genlib; read_blif /home/ayush/abc/blif/styr.blif; strash; map;"
RESULT g_mode=0 qor=585.00 cuts_used=572 cpu_time=3747.00 post_ml_time=1945.00
CUT_STATS g_mode=0 candidate_cuts=3562

RUN benchmark=styr.blif g_mode=1 file=/home/ayush/abc/blif/styr.blif
======== ABC command line "read_library /home/ayush/abc/genlib.genlib; read_blif /home/ayush/abc/blif/styr.blif; strash; map;"
RESULT g_mode=1 qor=585.00 cuts_used=572 cpu_time=5602.00 post_ml_time=2594.00
CUT_STATS g_mode=1 candidate_cuts=2678

RUN benchmark=styr.blif g_mode=2 file=/home/ayush/abc/blif/styr.blif
======== ABC command line "read_library /home/ayush/abc/genlib.genlib; read_blif /home/ayush/abc/blif/styr.blif; strash; map;"
RESULT g_mode=2 qor=585.00 cuts_used=572 cpu_time=5944.00 post_ml_time=2699.00
CUT_STATS g_mode=2 candidate_cuts=2303

RUN benchmark=styr.blif g_mode=3 file=/home/ayush/abc/blif/styr.blif
======== ABC command line "read_library /home/ayush/abc/genlib.genlib; read_blif /home/ayush/abc/blif/styr.blif; strash; map;"
RESULT g_mode=3 qor=585.00 cuts_used=572 cpu_time=4717.00 post_ml_time=2137.00
CUT_STATS g_mode=3 candidate_cuts=1841

RUN benchmark=sub_tile_directs.blif g_mode=0 file=/home/ayush/abc/blif/sub_tile_directs.blif
======== ABC command line "read_library /home/ayush/abc/genlib.genlib; read_blif /home/ayush/abc/blif/sub_tile_directs.blif; strash; map;"
Line 7: Cannot find the model for subcircuit PRIMITIVE.
Reading network from file has failed.

RUN benchmark=sub_tile_directs.blif g_mode=1 file=/home/ayush/abc/blif/sub_tile_directs.blif
======== ABC command line "read_library /home/ayush/abc/genlib.genlib; read_blif /home/ayush/abc/blif/sub_tile_directs.blif; strash; map;"
Line 7: Cannot find the model for subcircuit PRIMITIVE.
Reading network from file has failed.

RUN benchmark=sub_tile_directs.blif g_mode=2 file=/home/ayush/abc/blif/sub_tile_directs.blif
======== ABC command line "read_library /home/ayush/abc/genlib.genlib; read_blif /home/ayush/abc/blif/sub_tile_directs.blif; strash; map;"
Line 7: Cannot find the model for subcircuit PRIMITIVE.
Reading network from file has failed.

RUN benchmark=sub_tile_directs.blif g_mode=3 file=/home/ayush/abc/blif/sub_tile_directs.blif
======== ABC command line "read_library /home/ayush/abc/genlib.genlib; read_blif /home/ayush/abc/blif/sub_tile_directs.blif; strash; map;"
Line 7: Cannot find the model for subcircuit PRIMITIVE.
Reading network from file has failed.

RUN benchmark=sub_tiles.blif g_mode=0 file=/home/ayush/abc/blif/sub_tiles.blif
======== ABC command line "read_library /home/ayush/abc/genlib.genlib; read_blif /home/ayush/abc/blif/sub_tiles.blif; strash; map;"
Line 7: Cannot find the model for subcircuit IO_0.
Reading network from file has failed.

RUN benchmark=sub_tiles.blif g_mode=1 file=/home/ayush/abc/blif/sub_tiles.blif
======== ABC command line "read_library /home/ayush/abc/genlib.genlib; read_blif /home/ayush/abc/blif/sub_tiles.blif; strash; map;"
Line 7: Cannot find the model for subcircuit IO_0.
Reading network from file has failed.

RUN benchmark=sub_tiles.blif g_mode=2 file=/home/ayush/abc/blif/sub_tiles.blif
======== ABC command line "read_library /home/ayush/abc/genlib.genlib; read_blif /home/ayush/abc/blif/sub_tiles.blif; strash; map;"
Line 7: Cannot find the model for subcircuit IO_0.
Reading network from file has failed.

RUN benchmark=sub_tiles.blif g_mode=3 file=/home/ayush/abc/blif/sub_tiles.blif
======== ABC command line "read_library /home/ayush/abc/genlib.genlib; read_blif /home/ayush/abc/blif/sub_tiles.blif; strash; map;"
Line 7: Cannot find the model for subcircuit IO_0.
Reading network from file has failed.

RUN benchmark=t481.blif g_mode=0 file=/home/ayush/abc/blif/t481.blif
======== ABC command line "read_library /home/ayush/abc/genlib.genlib; read_blif /home/ayush/abc/blif/t481.blif; strash; map;"
RESULT g_mode=0 qor=520.00 cuts_used=498 cpu_time=4638.00 post_ml_time=2164.00
CUT_STATS g_mode=0 candidate_cuts=4605

RUN benchmark=t481.blif g_mode=1 file=/home/ayush/abc/blif/t481.blif
======== ABC command line "read_library /home/ayush/abc/genlib.genlib; read_blif /home/ayush/abc/blif/t481.blif; strash; map;"
RESULT g_mode=1 qor=520.00 cuts_used=498 cpu_time=5367.00 post_ml_time=2009.00
CUT_STATS g_mode=1 candidate_cuts=2770

RUN benchmark=t481.blif g_mode=2 file=/home/ayush/abc/blif/t481.blif
======== ABC command line "read_library /home/ayush/abc/genlib.genlib; read_blif /home/ayush/abc/blif/t481.blif; strash; map;"
RESULT g_mode=2 qor=520.00 cuts_used=498 cpu_time=5455.00 post_ml_time=2052.00
CUT_STATS g_mode=2 candidate_cuts=2276

RUN benchmark=t481.blif g_mode=3 file=/home/ayush/abc/blif/t481.blif
======== ABC command line "read_library /home/ayush/abc/genlib.genlib; read_blif /home/ayush/abc/blif/t481.blif; strash; map;"
RESULT g_mode=3 qor=520.00 cuts_used=498 cpu_time=5509.00 post_ml_time=2096.00
CUT_STATS g_mode=3 candidate_cuts=1734

RUN benchmark=table3.blif g_mode=0 file=/home/ayush/abc/blif/table3.blif
======== ABC command line "read_library /home/ayush/abc/genlib.genlib; read_blif /home/ayush/abc/blif/table3.blif; strash; map;"
RESULT g_mode=0 qor=1335.00 cuts_used=1320 cpu_time=13279.00 post_ml_time=5700.00
CUT_STATS g_mode=0 candidate_cuts=12289

RUN benchmark=table3.blif g_mode=1 file=/home/ayush/abc/blif/table3.blif
======== ABC command line "read_library /home/ayush/abc/genlib.genlib; read_blif /home/ayush/abc/blif/table3.blif; strash; map;"
RESULT g_mode=1 qor=1335.00 cuts_used=1320 cpu_time=16689.00 post_ml_time=5582.00
CUT_STATS g_mode=1 candidate_cuts=7400

RUN benchmark=table3.blif g_mode=2 file=/home/ayush/abc/blif/table3.blif
======== ABC command line "read_library /home/ayush/abc/genlib.genlib; read_blif /home/ayush/abc/blif/table3.blif; strash; map;"
RESULT g_mode=2 qor=1335.00 cuts_used=1320 cpu_time=16630.00 post_ml_time=5803.00
CUT_STATS g_mode=2 candidate_cuts=6120

RUN benchmark=table3.blif g_mode=3 file=/home/ayush/abc/blif/table3.blif
======== ABC command line "read_library /home/ayush/abc/genlib.genlib; read_blif /home/ayush/abc/blif/table3.blif; strash; map;"
RESULT g_mode=3 qor=1335.00 cuts_used=1320 cpu_time=15920.00 post_ml_time=5377.00
CUT_STATS g_mode=3 candidate_cuts=4756

RUN benchmark=table5.blif g_mode=0 file=/home/ayush/abc/blif/table5.blif
======== ABC command line "read_library /home/ayush/abc/genlib.genlib; read_blif /home/ayush/abc/blif/table5.blif; strash; map;"
RESULT g_mode=0 qor=1406.00 cuts_used=1388 cpu_time=13931.00 post_ml_time=5833.00
CUT_STATS g_mode=0 candidate_cuts=13071

RUN benchmark=table5.blif g_mode=1 file=/home/ayush/abc/blif/table5.blif
======== ABC command line "read_library /home/ayush/abc/genlib.genlib; read_blif /home/ayush/abc/blif/table5.blif; strash; map;"
RESULT g_mode=1 qor=1406.00 cuts_used=1388 cpu_time=18020.00 post_ml_time=6160.00
CUT_STATS g_mode=1 candidate_cuts=7714

RUN benchmark=table5.blif g_mode=2 file=/home/ayush/abc/blif/table5.blif
======== ABC command line "read_library /home/ayush/abc/genlib.genlib; read_blif /home/ayush/abc/blif/table5.blif; strash; map;"
RESULT g_mode=2 qor=1406.00 cuts_used=1388 cpu_time=13188.00 post_ml_time=4476.00
CUT_STATS g_mode=2 candidate_cuts=6360

RUN benchmark=table5.blif g_mode=3 file=/home/ayush/abc/blif/table5.blif
======== ABC command line "read_library /home/ayush/abc/genlib.genlib; read_blif /home/ayush/abc/blif/table5.blif; strash; map;"
RESULT g_mode=3 qor=1406.00 cuts_used=1388 cpu_time=13371.00 post_ml_time=4570.00
CUT_STATS g_mode=3 candidate_cuts=4944

RUN benchmark=tav.blif g_mode=0 file=/home/ayush/abc/blif/tav.blif
======== ABC command line "read_library /home/ayush/abc/genlib.genlib; read_blif /home/ayush/abc/blif/tav.blif; strash; map;"
RESULT g_mode=0 qor=19.00 cuts_used=16 cpu_time=183.00 post_ml_time=56.00
CUT_STATS g_mode=0 candidate_cuts=59

RUN benchmark=tav.blif g_mode=1 file=/home/ayush/abc/blif/tav.blif
======== ABC command line "read_library /home/ayush/abc/genlib.genlib; read_blif /home/ayush/abc/blif/tav.blif; strash; map;"
RESULT g_mode=1 qor=19.00 cuts_used=16 cpu_time=329.00 post_ml_time=101.00
CUT_STATS g_mode=1 candidate_cuts=59

RUN benchmark=tav.blif g_mode=2 file=/home/ayush/abc/blif/tav.blif
======== ABC command line "read_library /home/ayush/abc/genlib.genlib; read_blif /home/ayush/abc/blif/tav.blif; strash; map;"
RESULT g_mode=2 qor=19.00 cuts_used=16 cpu_time=225.00 post_ml_time=65.00
CUT_STATS g_mode=2 candidate_cuts=59

RUN benchmark=tav.blif g_mode=3 file=/home/ayush/abc/blif/tav.blif
======== ABC command line "read_library /home/ayush/abc/genlib.genlib; read_blif /home/ayush/abc/blif/tav.blif; strash; map;"
RESULT g_mode=3 qor=19.00 cuts_used=16 cpu_time=245.00 post_ml_time=74.00
CUT_STATS g_mode=3 candidate_cuts=47

RUN benchmark=tbk.blif g_mode=0 file=/home/ayush/abc/blif/tbk.blif
======== ABC command line "read_library /home/ayush/abc/genlib.genlib; read_blif /home/ayush/abc/blif/tbk.blif; strash; map;"
RESULT g_mode=0 qor=232.00 cuts_used=220 cpu_time=2464.00 post_ml_time=1053.00
CUT_STATS g_mode=0 candidate_cuts=1696

RUN benchmark=tbk.blif g_mode=1 file=/home/ayush/abc/blif/tbk.blif
======== ABC command line "read_library /home/ayush/abc/genlib.genlib; read_blif /home/ayush/abc/blif/tbk.blif; strash; map;"
RESULT g_mode=1 qor=232.00 cuts_used=220 cpu_time=2691.00 post_ml_time=931.00
CUT_STATS g_mode=1 candidate_cuts=1083

RUN benchmark=tbk.blif g_mode=2 file=/home/ayush/abc/blif/tbk.blif
======== ABC command line "read_library /home/ayush/abc/genlib.genlib; read_blif /home/ayush/abc/blif/tbk.blif; strash; map;"
RESULT g_mode=2 qor=232.00 cuts_used=220 cpu_time=3000.00 post_ml_time=993.00
CUT_STATS g_mode=2 candidate_cuts=933

RUN benchmark=tbk.blif g_mode=3 file=/home/ayush/abc/blif/tbk.blif
======== ABC command line "read_library /home/ayush/abc/genlib.genlib; read_blif /home/ayush/abc/blif/tbk.blif; strash; map;"
RESULT g_mode=3 qor=232.00 cuts_used=220 cpu_time=3326.00 post_ml_time=1117.00
CUT_STATS g_mode=3 candidate_cuts=770

RUN benchmark=tcon.blif g_mode=0 file=/home/ayush/abc/blif/tcon.blif
======== ABC command line "read_library /home/ayush/abc/genlib.genlib; read_blif /home/ayush/abc/blif/tcon.blif; strash; map;"
RESULT g_mode=0 qor=33.00 cuts_used=24 cpu_time=218.00 post_ml_time=76.00
CUT_STATS g_mode=0 candidate_cuts=48

RUN benchmark=tcon.blif g_mode=1 file=/home/ayush/abc/blif/tcon.blif
======== ABC command line "read_library /home/ayush/abc/genlib.genlib; read_blif /home/ayush/abc/blif/tcon.blif; strash; map;"
RESULT g_mode=1 qor=33.00 cuts_used=24 cpu_time=245.00 post_ml_time=86.00
CUT_STATS g_mode=1 candidate_cuts=48

RUN benchmark=tcon.blif g_mode=2 file=/home/ayush/abc/blif/tcon.blif
======== ABC command line "read_library /home/ayush/abc/genlib.genlib; read_blif /home/ayush/abc/blif/tcon.blif; strash; map;"
RESULT g_mode=2 qor=33.00 cuts_used=24 cpu_time=224.00 post_ml_time=71.00
CUT_STATS g_mode=2 candidate_cuts=48

RUN benchmark=tcon.blif g_mode=3 file=/home/ayush/abc/blif/tcon.blif
======== ABC command line "read_library /home/ayush/abc/genlib.genlib; read_blif /home/ayush/abc/blif/tcon.blif; strash; map;"
RESULT g_mode=3 qor=33.00 cuts_used=24 cpu_time=233.00 post_ml_time=75.00
CUT_STATS g_mode=3 candidate_cuts=48

RUN benchmark=term1.blif g_mode=0 file=/home/ayush/abc/blif/term1.blif
======== ABC command line "read_library /home/ayush/abc/genlib.genlib; read_blif /home/ayush/abc/blif/term1.blif; strash; map;"
RESULT g_mode=0 qor=236.00 cuts_used=217 cpu_time=1913.00 post_ml_time=887.00
CUT_STATS g_mode=0 candidate_cuts=1514

RUN benchmark=term1.blif g_mode=1 file=/home/ayush/abc/blif/term1.blif
======== ABC command line "read_library /home/ayush/abc/genlib.genlib; read_blif /home/ayush/abc/blif/term1.blif; strash; map;"
RESULT g_mode=1 qor=236.00 cuts_used=217 cpu_time=2489.00 post_ml_time=977.00
CUT_STATS g_mode=1 candidate_cuts=1027

RUN benchmark=term1.blif g_mode=2 file=/home/ayush/abc/blif/term1.blif
======== ABC command line "read_library /home/ayush/abc/genlib.genlib; read_blif /home/ayush/abc/blif/term1.blif; strash; map;"
RESULT g_mode=2 qor=236.00 cuts_used=217 cpu_time=2084.00 post_ml_time=858.00
CUT_STATS g_mode=2 candidate_cuts=868

RUN benchmark=term1.blif g_mode=3 file=/home/ayush/abc/blif/term1.blif
======== ABC command line "read_library /home/ayush/abc/genlib.genlib; read_blif /home/ayush/abc/blif/term1.blif; strash; map;"
RESULT g_mode=3 qor=236.00 cuts_used=217 cpu_time=2666.00 post_ml_time=1068.00
CUT_STATS g_mode=3 candidate_cuts=677

RUN benchmark=tiny_murax_stratix10_arch_timing.blif g_mode=0 file=/home/ayush/abc/blif/tiny_murax_stratix10_arch_timing.blif
======== ABC command line "read_library /home/ayush/abc/genlib.genlib; read_blif /home/ayush/abc/blif/tiny_murax_stratix10_arch_timing.blif; strash; map;"
Line 40: Cannot find PI "datae" of the model "fourteennm_lcell_comb5" as a formal input of the subcircuit.
Reading network from file has failed.

RUN benchmark=tiny_murax_stratix10_arch_timing.blif g_mode=1 file=/home/ayush/abc/blif/tiny_murax_stratix10_arch_timing.blif
======== ABC command line "read_library /home/ayush/abc/genlib.genlib; read_blif /home/ayush/abc/blif/tiny_murax_stratix10_arch_timing.blif; strash; map;"
Line 40: Cannot find PI "datae" of the model "fourteennm_lcell_comb5" as a formal input of the subcircuit.
Reading network from file has failed.

RUN benchmark=tiny_murax_stratix10_arch_timing.blif g_mode=2 file=/home/ayush/abc/blif/tiny_murax_stratix10_arch_timing.blif
======== ABC command line "read_library /home/ayush/abc/genlib.genlib; read_blif /home/ayush/abc/blif/tiny_murax_stratix10_arch_timing.blif; strash; map;"
Line 40: Cannot find PI "datae" of the model "fourteennm_lcell_comb5" as a formal input of the subcircuit.
Reading network from file has failed.

RUN benchmark=tiny_murax_stratix10_arch_timing.blif g_mode=3 file=/home/ayush/abc/blif/tiny_murax_stratix10_arch_timing.blif
======== ABC command line "read_library /home/ayush/abc/genlib.genlib; read_blif /home/ayush/abc/blif/tiny_murax_stratix10_arch_timing.blif; strash; map;"
Line 40: Cannot find PI "datae" of the model "fourteennm_lcell_comb5" as a formal input of the subcircuit.
Reading network from file has failed.

RUN benchmark=too-lrg.blif g_mode=0 file=/home/ayush/abc/blif/too-lrg.blif
======== ABC command line "read_library /home/ayush/abc/genlib.genlib; read_blif /home/ayush/abc/blif/too-lrg.blif; strash; map;"
RESULT g_mode=0 qor=460.00 cuts_used=429 cpu_time=5920.00 post_ml_time=2929.00
CUT_STATS g_mode=0 candidate_cuts=3051

RUN benchmark=too-lrg.blif g_mode=1 file=/home/ayush/abc/blif/too-lrg.blif
======== ABC command line "read_library /home/ayush/abc/genlib.genlib; read_blif /home/ayush/abc/blif/too-lrg.blif; strash; map;"
RESULT g_mode=1 qor=460.00 cuts_used=429 cpu_time=4426.00 post_ml_time=2015.00
CUT_STATS g_mode=1 candidate_cuts=2107

RUN benchmark=too-lrg.blif g_mode=2 file=/home/ayush/abc/blif/too-lrg.blif
======== ABC command line "read_library /home/ayush/abc/genlib.genlib; read_blif /home/ayush/abc/blif/too-lrg.blif; strash; map;"
RESULT g_mode=2 qor=460.00 cuts_used=429 cpu_time=4641.00 post_ml_time=2112.00
CUT_STATS g_mode=2 candidate_cuts=1792

RUN benchmark=too-lrg.blif g_mode=3 file=/home/ayush/abc/blif/too-lrg.blif
======== ABC command line "read_library /home/ayush/abc/genlib.genlib; read_blif /home/ayush/abc/blif/too-lrg.blif; strash; map;"
RESULT g_mode=3 qor=460.00 cuts_used=429 cpu_time=6462.00 post_ml_time=3172.00
CUT_STATS g_mode=3 candidate_cuts=1405

RUN benchmark=traffic.blif g_mode=0 file=/home/ayush/abc/blif/traffic.blif
======== ABC command line "read_library /home/ayush/abc/genlib.genlib; read_blif /home/ayush/abc/blif/traffic.blif; strash; map;"
RESULT g_mode=0 qor=88.00 cuts_used=76 cpu_time=604.00 post_ml_time=303.00
CUT_STATS g_mode=0 candidate_cuts=334

RUN benchmark=traffic.blif g_mode=1 file=/home/ayush/abc/blif/traffic.blif
======== ABC command line "read_library /home/ayush/abc/genlib.genlib; read_blif /home/ayush/abc/blif/traffic.blif; strash; map;"
RESULT g_mode=1 qor=88.00 cuts_used=76 cpu_time=1554.00 post_ml_time=729.00
CUT_STATS g_mode=1 candidate_cuts=311

RUN benchmark=traffic.blif g_mode=2 file=/home/ayush/abc/blif/traffic.blif
======== ABC command line "read_library /home/ayush/abc/genlib.genlib; read_blif /home/ayush/abc/blif/traffic.blif; strash; map;"
RESULT g_mode=2 qor=88.00 cuts_used=76 cpu_time=976.00 post_ml_time=473.00
CUT_STATS g_mode=2 candidate_cuts=281

RUN benchmark=traffic.blif g_mode=3 file=/home/ayush/abc/blif/traffic.blif
======== ABC command line "read_library /home/ayush/abc/genlib.genlib; read_blif /home/ayush/abc/blif/traffic.blif; strash; map;"
RESULT g_mode=3 qor=88.00 cuts_used=76 cpu_time=914.00 post_ml_time=433.00
CUT_STATS g_mode=3 candidate_cuts=223

RUN benchmark=tseng.blif g_mode=0 file=/home/ayush/abc/blif/tseng.blif
======== ABC command line "read_library /home/ayush/abc/genlib.genlib; read_blif /home/ayush/abc/blif/tseng.blif; strash; map;"
RESULT g_mode=0 qor=3496.00 cuts_used=3286 cpu_time=44092.00 post_ml_time=18245.00
CUT_STATS g_mode=0 candidate_cuts=31053

RUN benchmark=tseng.blif g_mode=1 file=/home/ayush/abc/blif/tseng.blif
======== ABC command line "read_library /home/ayush/abc/genlib.genlib; read_blif /home/ayush/abc/blif/tseng.blif; strash; map;"
RESULT g_mode=1 qor=3496.00 cuts_used=3286 cpu_time=47102.00 post_ml_time=15002.00
CUT_STATS g_mode=1 candidate_cuts=18362

RUN benchmark=tseng.blif g_mode=2 file=/home/ayush/abc/blif/tseng.blif
======== ABC command line "read_library /home/ayush/abc/genlib.genlib; read_blif /home/ayush/abc/blif/tseng.blif; strash; map;"
RESULT g_mode=2 qor=3496.00 cuts_used=3286 cpu_time=49268.00 post_ml_time=16263.00
CUT_STATS g_mode=2 candidate_cuts=15241

RUN benchmark=tseng.blif g_mode=3 file=/home/ayush/abc/blif/tseng.blif
======== ABC command line "read_library /home/ayush/abc/genlib.genlib; read_blif /home/ayush/abc/blif/tseng.blif; strash; map;"
RESULT g_mode=3 qor=3496.00 cuts_used=3286 cpu_time=55234.00 post_ml_time=17612.00
CUT_STATS g_mode=3 candidate_cuts=11350

RUN benchmark=tseng.pre-vpr.blif g_mode=0 file=/home/ayush/abc/blif/tseng.pre-vpr.blif
======== ABC command line "read_library /home/ayush/abc/genlib.genlib; read_blif /home/ayush/abc/blif/tseng.pre-vpr.blif; strash; map;"
RESULT g_mode=0 qor=2289.00 cuts_used=2126 cpu_time=26502.00 post_ml_time=9606.00
CUT_STATS g_mode=0 candidate_cuts=20702

RUN benchmark=tseng.pre-vpr.blif g_mode=1 file=/home/ayush/abc/blif/tseng.pre-vpr.blif
======== ABC command line "read_library /home/ayush/abc/genlib.genlib; read_blif /home/ayush/abc/blif/tseng.pre-vpr.blif; strash; map;"
RESULT g_mode=1 qor=2289.00 cuts_used=2126 cpu_time=28130.00 post_ml_time=8429.00
CUT_STATS g_mode=1 candidate_cuts=12306

RUN benchmark=tseng.pre-vpr.blif g_mode=2 file=/home/ayush/abc/blif/tseng.pre-vpr.blif
======== ABC command line "read_library /home/ayush/abc/genlib.genlib; read_blif /home/ayush/abc/blif/tseng.pre-vpr.blif; strash; map;"
RESULT g_mode=2 qor=2289.00 cuts_used=2126 cpu_time=36865.00 post_ml_time=10900.00
CUT_STATS g_mode=2 candidate_cuts=10078

RUN benchmark=tseng.pre-vpr.blif g_mode=3 file=/home/ayush/abc/blif/tseng.pre-vpr.blif
======== ABC command line "read_library /home/ayush/abc/genlib.genlib; read_blif /home/ayush/abc/blif/tseng.pre-vpr.blif; strash; map;"
RESULT g_mode=3 qor=2289.00 cuts_used=2126 cpu_time=28800.00 post_ml_time=7774.00
CUT_STATS g_mode=3 candidate_cuts=7671

RUN benchmark=tseng.wiremap_area.blif g_mode=0 file=/home/ayush/abc/blif/tseng.wiremap_area.blif
======== ABC command line "read_library /home/ayush/abc/genlib.genlib; read_blif /home/ayush/abc/blif/tseng.wiremap_area.blif; strash; map;"
RESULT g_mode=0 qor=2287.00 cuts_used=2113 cpu_time=16822.00 post_ml_time=6676.00
CUT_STATS g_mode=0 candidate_cuts=20093

RUN benchmark=tseng.wiremap_area.blif g_mode=1 file=/home/ayush/abc/blif/tseng.wiremap_area.blif
======== ABC command line "read_library /home/ayush/abc/genlib.genlib; read_blif /home/ayush/abc/blif/tseng.wiremap_area.blif; strash; map;"
RESULT g_mode=1 qor=2287.00 cuts_used=2113 cpu_time=24101.00 post_ml_time=7456.00
CUT_STATS g_mode=1 candidate_cuts=12105

RUN benchmark=tseng.wiremap_area.blif g_mode=2 file=/home/ayush/abc/blif/tseng.wiremap_area.blif
======== ABC command line "read_library /home/ayush/abc/genlib.genlib; read_blif /home/ayush/abc/blif/tseng.wiremap_area.blif; strash; map;"
RESULT g_mode=2 qor=2287.00 cuts_used=2113 cpu_time=22722.00 post_ml_time=6390.00
CUT_STATS g_mode=2 candidate_cuts=9936

RUN benchmark=tseng.wiremap_area.blif g_mode=3 file=/home/ayush/abc/blif/tseng.wiremap_area.blif
======== ABC command line "read_library /home/ayush/abc/genlib.genlib; read_blif /home/ayush/abc/blif/tseng.wiremap_area.blif; strash; map;"
RESULT g_mode=3 qor=2287.00 cuts_used=2113 cpu_time=26274.00 post_ml_time=7889.00
CUT_STATS g_mode=3 candidate_cuts=7573

RUN benchmark=tseng.wiremap_depth.blif g_mode=0 file=/home/ayush/abc/blif/tseng.wiremap_depth.blif
======== ABC command line "read_library /home/ayush/abc/genlib.genlib; read_blif /home/ayush/abc/blif/tseng.wiremap_depth.blif; strash; map;"
RESULT g_mode=0 qor=2289.00 cuts_used=2126 cpu_time=27985.00 post_ml_time=10238.00
CUT_STATS g_mode=0 candidate_cuts=20702

RUN benchmark=tseng.wiremap_depth.blif g_mode=1 file=/home/ayush/abc/blif/tseng.wiremap_depth.blif
======== ABC command line "read_library /home/ayush/abc/genlib.genlib; read_blif /home/ayush/abc/blif/tseng.wiremap_depth.blif; strash; map;"
RESULT g_mode=1 qor=2289.00 cuts_used=2126 cpu_time=24236.00 post_ml_time=7035.00
CUT_STATS g_mode=1 candidate_cuts=12306

RUN benchmark=tseng.wiremap_depth.blif g_mode=2 file=/home/ayush/abc/blif/tseng.wiremap_depth.blif
======== ABC command line "read_library /home/ayush/abc/genlib.genlib; read_blif /home/ayush/abc/blif/tseng.wiremap_depth.blif; strash; map;"
RESULT g_mode=2 qor=2289.00 cuts_used=2126 cpu_time=24288.00 post_ml_time=6527.00
CUT_STATS g_mode=2 candidate_cuts=10078

RUN benchmark=tseng.wiremap_depth.blif g_mode=3 file=/home/ayush/abc/blif/tseng.wiremap_depth.blif
======== ABC command line "read_library /home/ayush/abc/genlib.genlib; read_blif /home/ayush/abc/blif/tseng.wiremap_depth.blif; strash; map;"
RESULT g_mode=3 qor=2289.00 cuts_used=2126 cpu_time=27650.00 post_ml_time=7549.00
CUT_STATS g_mode=3 candidate_cuts=7671

RUN benchmark=ttt2.blif g_mode=0 file=/home/ayush/abc/blif/ttt2.blif
======== ABC command line "read_library /home/ayush/abc/genlib.genlib; read_blif /home/ayush/abc/blif/ttt2.blif; strash; map;"
RESULT g_mode=0 qor=222.00 cuts_used=207 cpu_time=1777.00 post_ml_time=756.00
CUT_STATS g_mode=0 candidate_cuts=1198

RUN benchmark=ttt2.blif g_mode=1 file=/home/ayush/abc/blif/ttt2.blif
======== ABC command line "read_library /home/ayush/abc/genlib.genlib; read_blif /home/ayush/abc/blif/ttt2.blif; strash; map;"
RESULT g_mode=1 qor=222.00 cuts_used=207 cpu_time=1658.00 post_ml_time=708.00
CUT_STATS g_mode=1 candidate_cuts=973

RUN benchmark=ttt2.blif g_mode=2 file=/home/ayush/abc/blif/ttt2.blif
======== ABC command line "read_library /home/ayush/abc/genlib.genlib; read_blif /home/ayush/abc/blif/ttt2.blif; strash; map;"
RESULT g_mode=2 qor=222.00 cuts_used=207 cpu_time=1707.00 post_ml_time=707.00
CUT_STATS g_mode=2 candidate_cuts=828

RUN benchmark=ttt2.blif g_mode=3 file=/home/ayush/abc/blif/ttt2.blif
======== ABC command line "read_library /home/ayush/abc/genlib.genlib; read_blif /home/ayush/abc/blif/ttt2.blif; strash; map;"
RESULT g_mode=3 qor=222.00 cuts_used=207 cpu_time=1992.00 post_ml_time=831.00
CUT_STATS g_mode=3 candidate_cuts=635

RUN benchmark=two_mult8_ram32.blif g_mode=0 file=/home/ayush/abc/blif/two_mult8_ram32.blif
======== ABC command line "read_library /home/ayush/abc/genlib.genlib; read_blif /home/ayush/abc/blif/two_mult8_ram32.blif; strash; map;"
Line 10: Cannot find the model for subcircuit mult_8.
Reading network from file has failed.

RUN benchmark=two_mult8_ram32.blif g_mode=1 file=/home/ayush/abc/blif/two_mult8_ram32.blif
======== ABC command line "read_library /home/ayush/abc/genlib.genlib; read_blif /home/ayush/abc/blif/two_mult8_ram32.blif; strash; map;"
Line 10: Cannot find the model for subcircuit mult_8.
Reading network from file has failed.

RUN benchmark=two_mult8_ram32.blif g_mode=2 file=/home/ayush/abc/blif/two_mult8_ram32.blif
======== ABC command line "read_library /home/ayush/abc/genlib.genlib; read_blif /home/ayush/abc/blif/two_mult8_ram32.blif; strash; map;"
Line 10: Cannot find the model for subcircuit mult_8.
Reading network from file has failed.

RUN benchmark=two_mult8_ram32.blif g_mode=3 file=/home/ayush/abc/blif/two_mult8_ram32.blif
======== ABC command line "read_library /home/ayush/abc/genlib.genlib; read_blif /home/ayush/abc/blif/two_mult8_ram32.blif; strash; map;"
Line 10: Cannot find the model for subcircuit mult_8.
Reading network from file has failed.

RUN benchmark=ucsb_152_tap_fir_stratixiv_arch_timing.blif g_mode=0 file=/home/ayush/abc/blif/ucsb_152_tap_fir_stratixiv_arch_timing.blif
======== ABC command line "read_library /home/ayush/abc/genlib.genlib; read_blif /home/ayush/abc/blif/ucsb_152_tap_fir_stratixiv_arch_timing.blif; strash; map;"
Line 59: Cannot find PI "devpor" of the model "dffeas" as a formal input of the subcircuit.
Reading network from file has failed.

RUN benchmark=ucsb_152_tap_fir_stratixiv_arch_timing.blif g_mode=1 file=/home/ayush/abc/blif/ucsb_152_tap_fir_stratixiv_arch_timing.blif
======== ABC command line "read_library /home/ayush/abc/genlib.genlib; read_blif /home/ayush/abc/blif/ucsb_152_tap_fir_stratixiv_arch_timing.blif; strash; map;"
Line 59: Cannot find PI "devpor" of the model "dffeas" as a formal input of the subcircuit.
Reading network from file has failed.

RUN benchmark=ucsb_152_tap_fir_stratixiv_arch_timing.blif g_mode=2 file=/home/ayush/abc/blif/ucsb_152_tap_fir_stratixiv_arch_timing.blif
======== ABC command line "read_library /home/ayush/abc/genlib.genlib; read_blif /home/ayush/abc/blif/ucsb_152_tap_fir_stratixiv_arch_timing.blif; strash; map;"
Line 59: Cannot find PI "devpor" of the model "dffeas" as a formal input of the subcircuit.
Reading network from file has failed.

RUN benchmark=ucsb_152_tap_fir_stratixiv_arch_timing.blif g_mode=3 file=/home/ayush/abc/blif/ucsb_152_tap_fir_stratixiv_arch_timing.blif
======== ABC command line "read_library /home/ayush/abc/genlib.genlib; read_blif /home/ayush/abc/blif/ucsb_152_tap_fir_stratixiv_arch_timing.blif; strash; map;"
Line 59: Cannot find PI "devpor" of the model "dffeas" as a formal input of the subcircuit.
Reading network from file has failed.

RUN benchmark=unreg.blif g_mode=0 file=/home/ayush/abc/blif/unreg.blif
======== ABC command line "read_library /home/ayush/abc/genlib.genlib; read_blif /home/ayush/abc/blif/unreg.blif; strash; map;"
RESULT g_mode=0 qor=114.00 cuts_used=112 cpu_time=618.00 post_ml_time=348.00
CUT_STATS g_mode=0 candidate_cuts=416

RUN benchmark=unreg.blif g_mode=1 file=/home/ayush/abc/blif/unreg.blif
======== ABC command line "read_library /home/ayush/abc/genlib.genlib; read_blif /home/ayush/abc/blif/unreg.blif; strash; map;"
RESULT g_mode=1 qor=114.00 cuts_used=112 cpu_time=755.00 post_ml_time=387.00
CUT_STATS g_mode=1 candidate_cuts=416

RUN benchmark=unreg.blif g_mode=2 file=/home/ayush/abc/blif/unreg.blif
======== ABC command line "read_library /home/ayush/abc/genlib.genlib; read_blif /home/ayush/abc/blif/unreg.blif; strash; map;"
RESULT g_mode=2 qor=114.00 cuts_used=112 cpu_time=805.00 post_ml_time=409.00
CUT_STATS g_mode=2 candidate_cuts=384

RUN benchmark=unreg.blif g_mode=3 file=/home/ayush/abc/blif/unreg.blif
======== ABC command line "read_library /home/ayush/abc/genlib.genlib; read_blif /home/ayush/abc/blif/unreg.blif; strash; map;"
RESULT g_mode=3 qor=114.00 cuts_used=112 cpu_time=614.00 post_ml_time=312.00
CUT_STATS g_mode=3 candidate_cuts=304

RUN benchmark=vda.blif g_mode=0 file=/home/ayush/abc/blif/vda.blif
======== ABC command line "read_library /home/ayush/abc/genlib.genlib; read_blif /home/ayush/abc/blif/vda.blif; strash; map;"
RESULT g_mode=0 qor=963.00 cuts_used=948 cpu_time=9373.00 post_ml_time=4198.00
CUT_STATS g_mode=0 candidate_cuts=7524

RUN benchmark=vda.blif g_mode=1 file=/home/ayush/abc/blif/vda.blif
======== ABC command line "read_library /home/ayush/abc/genlib.genlib; read_blif /home/ayush/abc/blif/vda.blif; strash; map;"
RESULT g_mode=1 qor=963.00 cuts_used=948 cpu_time=9168.00 post_ml_time=3468.00
CUT_STATS g_mode=1 candidate_cuts=4939

RUN benchmark=vda.blif g_mode=2 file=/home/ayush/abc/blif/vda.blif
======== ABC command line "read_library /home/ayush/abc/genlib.genlib; read_blif /home/ayush/abc/blif/vda.blif; strash; map;"
RESULT g_mode=2 qor=963.00 cuts_used=948 cpu_time=9851.00 post_ml_time=4300.00
CUT_STATS g_mode=2 candidate_cuts=4180

RUN benchmark=vda.blif g_mode=3 file=/home/ayush/abc/blif/vda.blif
======== ABC command line "read_library /home/ayush/abc/genlib.genlib; read_blif /home/ayush/abc/blif/vda.blif; strash; map;"
RESULT g_mode=3 qor=963.00 cuts_used=948 cpu_time=10437.00 post_ml_time=3715.00
CUT_STATS g_mode=3 candidate_cuts=3229

RUN benchmark=vg2.blif g_mode=0 file=/home/ayush/abc/blif/vg2.blif
======== ABC command line "read_library /home/ayush/abc/genlib.genlib; read_blif /home/ayush/abc/blif/vg2.blif; strash; map;"
RESULT g_mode=0 qor=138.00 cuts_used=121 cpu_time=1094.00 post_ml_time=440.00
CUT_STATS g_mode=0 candidate_cuts=797

RUN benchmark=vg2.blif g_mode=1 file=/home/ayush/abc/blif/vg2.blif
======== ABC command line "read_library /home/ayush/abc/genlib.genlib; read_blif /home/ayush/abc/blif/vg2.blif; strash; map;"
RESULT g_mode=1 qor=138.00 cuts_used=121 cpu_time=1201.00 post_ml_time=429.00
CUT_STATS g_mode=1 candidate_cuts=545

RUN benchmark=vg2.blif g_mode=2 file=/home/ayush/abc/blif/vg2.blif
======== ABC command line "read_library /home/ayush/abc/genlib.genlib; read_blif /home/ayush/abc/blif/vg2.blif; strash; map;"
RESULT g_mode=2 qor=138.00 cuts_used=121 cpu_time=1527.00 post_ml_time=616.00
CUT_STATS g_mode=2 candidate_cuts=465

RUN benchmark=vg2.blif g_mode=3 file=/home/ayush/abc/blif/vg2.blif
======== ABC command line "read_library /home/ayush/abc/genlib.genlib; read_blif /home/ayush/abc/blif/vg2.blif; strash; map;"
RESULT g_mode=3 qor=138.00 cuts_used=121 cpu_time=1434.00 post_ml_time=514.00
CUT_STATS g_mode=3 candidate_cuts=371

RUN benchmark=x1.blif g_mode=0 file=/home/ayush/abc/blif/x1.blif
======== ABC command line "read_library /home/ayush/abc/genlib.genlib; read_blif /home/ayush/abc/blif/x1.blif; strash; map;"
RESULT g_mode=0 qor=339.00 cuts_used=306 cpu_time=1835.00 post_ml_time=1019.00
CUT_STATS g_mode=0 candidate_cuts=1467

RUN benchmark=x1.blif g_mode=1 file=/home/ayush/abc/blif/x1.blif
======== ABC command line "read_library /home/ayush/abc/genlib.genlib; read_blif /home/ayush/abc/blif/x1.blif; strash; map;"
RESULT g_mode=1 qor=339.00 cuts_used=306 cpu_time=2340.00 post_ml_time=1141.00
CUT_STATS g_mode=1 candidate_cuts=1189

RUN benchmark=x1.blif g_mode=2 file=/home/ayush/abc/blif/x1.blif
======== ABC command line "read_library /home/ayush/abc/genlib.genlib; read_blif /home/ayush/abc/blif/x1.blif; strash; map;"
RESULT g_mode=2 qor=339.00 cuts_used=306 cpu_time=2400.00 post_ml_time=1197.00
CUT_STATS g_mode=2 candidate_cuts=1043

RUN benchmark=x1.blif g_mode=3 file=/home/ayush/abc/blif/x1.blif
======== ABC command line "read_library /home/ayush/abc/genlib.genlib; read_blif /home/ayush/abc/blif/x1.blif; strash; map;"
RESULT g_mode=3 qor=339.00 cuts_used=306 cpu_time=2391.00 post_ml_time=1208.00
CUT_STATS g_mode=3 candidate_cuts=855

RUN benchmark=x2.blif g_mode=0 file=/home/ayush/abc/blif/x2.blif
======== ABC command line "read_library /home/ayush/abc/genlib.genlib; read_blif /home/ayush/abc/blif/x2.blif; strash; map;"
RESULT g_mode=0 qor=58.00 cuts_used=50 cpu_time=475.00 post_ml_time=220.00
CUT_STATS g_mode=0 candidate_cuts=221

RUN benchmark=x2.blif g_mode=1 file=/home/ayush/abc/blif/x2.blif
======== ABC command line "read_library /home/ayush/abc/genlib.genlib; read_blif /home/ayush/abc/blif/x2.blif; strash; map;"
RESULT g_mode=1 qor=58.00 cuts_used=50 cpu_time=556.00 post_ml_time=227.00
CUT_STATS g_mode=1 candidate_cuts=187

RUN benchmark=x2.blif g_mode=2 file=/home/ayush/abc/blif/x2.blif
======== ABC command line "read_library /home/ayush/abc/genlib.genlib; read_blif /home/ayush/abc/blif/x2.blif; strash; map;"
RESULT g_mode=2 qor=58.00 cuts_used=50 cpu_time=429.00 post_ml_time=173.00
CUT_STATS g_mode=2 candidate_cuts=168

RUN benchmark=x2.blif g_mode=3 file=/home/ayush/abc/blif/x2.blif
======== ABC command line "read_library /home/ayush/abc/genlib.genlib; read_blif /home/ayush/abc/blif/x2.blif; strash; map;"
RESULT g_mode=3 qor=58.00 cuts_used=50 cpu_time=504.00 post_ml_time=224.00
CUT_STATS g_mode=3 candidate_cuts=143

RUN benchmark=x3.blif g_mode=0 file=/home/ayush/abc/blif/x3.blif
======== ABC command line "read_library /home/ayush/abc/genlib.genlib; read_blif /home/ayush/abc/blif/x3.blif; strash; map;"
RESULT g_mode=0 qor=837.00 cuts_used=794 cpu_time=5432.00 post_ml_time=2897.00
CUT_STATS g_mode=0 candidate_cuts=4477

RUN benchmark=x3.blif g_mode=1 file=/home/ayush/abc/blif/x3.blif
======== ABC command line "read_library /home/ayush/abc/genlib.genlib; read_blif /home/ayush/abc/blif/x3.blif; strash; map;"
RESULT g_mode=1 qor=837.00 cuts_used=794 cpu_time=6118.00 post_ml_time=2848.00
CUT_STATS g_mode=1 candidate_cuts=3654

RUN benchmark=x3.blif g_mode=2 file=/home/ayush/abc/blif/x3.blif
======== ABC command line "read_library /home/ayush/abc/genlib.genlib; read_blif /home/ayush/abc/blif/x3.blif; strash; map;"
RESULT g_mode=2 qor=837.00 cuts_used=794 cpu_time=5906.00 post_ml_time=2783.00
CUT_STATS g_mode=2 candidate_cuts=3130

RUN benchmark=x3.blif g_mode=3 file=/home/ayush/abc/blif/x3.blif
======== ABC command line "read_library /home/ayush/abc/genlib.genlib; read_blif /home/ayush/abc/blif/x3.blif; strash; map;"
RESULT g_mode=3 qor=837.00 cuts_used=794 cpu_time=5973.00 post_ml_time=2740.00
CUT_STATS g_mode=3 candidate_cuts=2434

RUN benchmark=x4.blif g_mode=0 file=/home/ayush/abc/blif/x4.blif
======== ABC command line "read_library /home/ayush/abc/genlib.genlib; read_blif /home/ayush/abc/blif/x4.blif; strash; map;"
RESULT g_mode=0 qor=401.00 cuts_used=373 cpu_time=2400.00 post_ml_time=1216.00
CUT_STATS g_mode=0 candidate_cuts=2195

RUN benchmark=x4.blif g_mode=1 file=/home/ayush/abc/blif/x4.blif
======== ABC command line "read_library /home/ayush/abc/genlib.genlib; read_blif /home/ayush/abc/blif/x4.blif; strash; map;"
RESULT g_mode=1 qor=401.00 cuts_used=373 cpu_time=2901.00 post_ml_time=1319.00
CUT_STATS g_mode=1 candidate_cuts=1819

RUN benchmark=x4.blif g_mode=2 file=/home/ayush/abc/blif/x4.blif
======== ABC command line "read_library /home/ayush/abc/genlib.genlib; read_blif /home/ayush/abc/blif/x4.blif; strash; map;"
RESULT g_mode=2 qor=401.00 cuts_used=373 cpu_time=2921.00 post_ml_time=1289.00
CUT_STATS g_mode=2 candidate_cuts=1550

RUN benchmark=x4.blif g_mode=3 file=/home/ayush/abc/blif/x4.blif
======== ABC command line "read_library /home/ayush/abc/genlib.genlib; read_blif /home/ayush/abc/blif/x4.blif; strash; map;"
RESULT g_mode=3 qor=401.00 cuts_used=373 cpu_time=3211.00 post_ml_time=1432.00
CUT_STATS g_mode=3 candidate_cuts=1204

RUN benchmark=xor5.blif g_mode=0 file=/home/ayush/abc/blif/xor5.blif
======== ABC command line "read_library /home/ayush/abc/genlib.genlib; read_blif /home/ayush/abc/blif/xor5.blif; strash; map;"
RESULT g_mode=0 qor=14.00 cuts_used=13 cpu_time=386.00 post_ml_time=108.00
CUT_STATS g_mode=0 candidate_cuts=125

RUN benchmark=xor5.blif g_mode=1 file=/home/ayush/abc/blif/xor5.blif
======== ABC command line "read_library /home/ayush/abc/genlib.genlib; read_blif /home/ayush/abc/blif/xor5.blif; strash; map;"
RESULT g_mode=1 qor=14.00 cuts_used=13 cpu_time=412.00 post_ml_time=106.00
CUT_STATS g_mode=1 candidate_cuts=68

RUN benchmark=xor5.blif g_mode=2 file=/home/ayush/abc/blif/xor5.blif
======== ABC command line "read_library /home/ayush/abc/genlib.genlib; read_blif /home/ayush/abc/blif/xor5.blif; strash; map;"
RESULT g_mode=2 qor=14.00 cuts_used=13 cpu_time=657.00 post_ml_time=174.00
CUT_STATS g_mode=2 candidate_cuts=58

RUN benchmark=xor5.blif g_mode=3 file=/home/ayush/abc/blif/xor5.blif
======== ABC command line "read_library /home/ayush/abc/genlib.genlib; read_blif /home/ayush/abc/blif/xor5.blif; strash; map;"
RESULT g_mode=3 qor=14.00 cuts_used=13 cpu_time=374.00 post_ml_time=97.00
CUT_STATS g_mode=3 candidate_cuts=48

RUN benchmark=z4ml.blif g_mode=0 file=/home/ayush/abc/blif/z4ml.blif
======== ABC command line "read_library /home/ayush/abc/genlib.genlib; read_blif /home/ayush/abc/blif/z4ml.blif; strash; map;"
RESULT g_mode=0 qor=42.00 cuts_used=39 cpu_time=539.00 post_ml_time=178.00
CUT_STATS g_mode=0 candidate_cuts=300

RUN benchmark=z4ml.blif g_mode=1 file=/home/ayush/abc/blif/z4ml.blif
======== ABC command line "read_library /home/ayush/abc/genlib.genlib; read_blif /home/ayush/abc/blif/z4ml.blif; strash; map;"
RESULT g_mode=1 qor=42.00 cuts_used=39 cpu_time=547.00 post_ml_time=158.00
CUT_STATS g_mode=1 candidate_cuts=171

RUN benchmark=z4ml.blif g_mode=2 file=/home/ayush/abc/blif/z4ml.blif
======== ABC command line "read_library /home/ayush/abc/genlib.genlib; read_blif /home/ayush/abc/blif/z4ml.blif; strash; map;"
RESULT g_mode=2 qor=42.00 cuts_used=39 cpu_time=551.00 post_ml_time=169.00
CUT_STATS g_mode=2 candidate_cuts=149

RUN benchmark=z4ml.blif g_mode=3 file=/home/ayush/abc/blif/z4ml.blif
======== ABC command line "read_library /home/ayush/abc/genlib.genlib; read_blif /home/ayush/abc/blif/z4ml.blif; strash; map;"
RESULT g_mode=3 qor=42.00 cuts_used=39 cpu_time=569.00 post_ml_time=184.00
CUT_STATS g_mode=3 candidate_cuts=121

