benchmark,file,mode,baseline_mode,qor,cuts_used,candidate_cuts,cpu_time,post_ml_time,qor_baseline,cuts_used_baseline,candidate_cuts_baseline,cpu_time_baseline,post_ml_time_baseline,qor_delta_vs_baseline,cuts_used_delta_vs_baseline,candidate_cuts_delta_vs_baseline,candidate_cuts_ratio_vs_baseline,cpu_time_delta_vs_baseline,cpu_time_ratio_vs_baseline,post_ml_time_delta_vs_baseline,post_ml_time_ratio_vs_baseline
5xp1.blif,/home/ayush/abc/blif/5xp1.blif,0,0,129.0,123,732,808.0,355.0,129.0,123,732,808.0,355.0,,,,,,,,
5xp1.blif,/home/ayush/abc/blif/5xp1.blif,1,0,129.0,123,538,1453.0,580.0,129.0,123,732,808.0,355.0,0.0,0,-194,0.7349726775956285,645.0,1.7982673267326732,225.0,1.6338028169014085
5xp1.blif,/home/ayush/abc/blif/5xp1.blif,2,0,129.0,123,466,1343.0,471.0,129.0,123,732,808.0,355.0,0.0,0,-266,0.6366120218579235,535.0,1.6621287128712872,116.0,1.3267605633802817
5xp1.blif,/home/ayush/abc/blif/5xp1.blif,3,0,129.0,123,376,1235.0,467.0,129.0,123,732,808.0,355.0,0.0,0,-356,0.5136612021857924,427.0,1.5284653465346534,112.0,1.315492957746479
9sym.blif,/home/ayush/abc/blif/9sym.blif,0,0,339.0,330,2074,3300.0,1790.0,339.0,330,2074,3300.0,1790.0,,,,,,,,
9sym.blif,/home/ayush/abc/blif/9sym.blif,1,0,339.0,330,1534,2808.0,1362.0,339.0,330,2074,3300.0,1790.0,0.0,0,-540,0.7396335583413693,-492.0,0.850909090909091,-428.0,0.7608938547486034
9sym.blif,/home/ayush/abc/blif/9sym.blif,2,0,339.0,330,1318,2648.0,1280.0,339.0,330,2074,3300.0,1790.0,0.0,0,-756,0.6354869816779171,-652.0,0.8024242424242424,-510.0,0.7150837988826816
9sym.blif,/home/ayush/abc/blif/9sym.blif,3,0,339.0,330,1032,4508.0,2447.0,339.0,330,2074,3300.0,1790.0,0.0,0,-1042,0.49758919961427195,1208.0,1.366060606060606,657.0,1.3670391061452514
9symml.blif,/home/ayush/abc/blif/9symml.blif,0,0,250.0,241,1555,2020.0,1089.0,250.0,241,1555,2020.0,1089.0,,,,,,,,
9symml.blif,/home/ayush/abc/blif/9symml.blif,1,0,250.0,241,1159,2274.0,1101.0,250.0,241,1555,2020.0,1089.0,0.0,0,-396,0.7453376205787782,254.0,1.1257425742574256,12.0,1.0110192837465564
9symml.blif,/home/ayush/abc/blif/9symml.blif,2,0,250.0,241,968,2466.0,1188.0,250.0,241,1555,2020.0,1089.0,0.0,0,-587,0.622508038585209,446.0,1.2207920792079208,99.0,1.0909090909090908
9symml.blif,/home/ayush/abc/blif/9symml.blif,3,0,250.0,241,736,3144.0,1401.0,250.0,241,1555,2020.0,1089.0,0.0,0,-819,0.4733118971061093,1124.0,1.5564356435643565,312.0,1.2865013774104683
C1355.blif,/home/ayush/abc/blif/C1355.blif,0,0,927.0,858,16090,19497.0,5247.0,927.0,858,16090,19497.0,5247.0,,,,,,,,
C1355.blif,/home/ayush/abc/blif/C1355.blif,1,0,927.0,858,6772,17216.0,3772.0,927.0,858,16090,19497.0,5247.0,0.0,0,-9318,0.42088253573648227,-2281.0,0.8830076422013643,-1475.0,0.7188869830379264
C1355.blif,/home/ayush/abc/blif/C1355.blif,2,0,927.0,858,5236,32158.0,5419.0,927.0,858,16090,19497.0,5247.0,0.0,0,-10854,0.325419515226849,12661.0,1.6493819561983896,172.0,1.0327806365542214
C1355.blif,/home/ayush/abc/blif/C1355.blif,3,0,927.0,858,3664,19995.0,3681.0,927.0,858,16090,19497.0,5247.0,0.0,0,-12426,0.22771908017402112,498.0,1.025542391137098,-1566.0,0.7015437392795884
C17.blif,/home/ayush/abc/blif/C17.blif,0,0,6.0,6,15,162.0,33.0,6.0,6,15,162.0,33.0,,,,,,,,
C17.blif,/home/ayush/abc/blif/C17.blif,1,0,6.0,6,15,186.0,34.0,6.0,6,15,162.0,33.0,0.0,0,0,1.0,24.0,1.1481481481481481,1.0,1.0303030303030303
C17.blif,/home/ayush/abc/blif/C17.blif,2,0,6.0,6,15,158.0,27.0,6.0,6,15,162.0,33.0,0.0,0,0,1.0,-4.0,0.9753086419753086,-6.0,0.8181818181818182
C17.blif,/home/ayush/abc/blif/C17.blif,3,0,6.0,6,13,173.0,33.0,6.0,6,15,162.0,33.0,0.0,0,-2,0.8666666666666667,11.0,1.0679012345679013,0.0,1.0
C1908.blif,/home/ayush/abc/blif/C1908.blif,0,0,765.0,701,11220,11688.0,3005.0,765.0,701,11220,11688.0,3005.0,,,,,,,,
C1908.blif,/home/ayush/abc/blif/C1908.blif,1,0,765.0,701,5117,12589.0,2547.0,765.0,701,11220,11688.0,3005.0,0.0,0,-6103,0.45606060606060606,901.0,1.0770876112251881,-458.0,0.8475873544093178
C1908.blif,/home/ayush/abc/blif/C1908.blif,2,0,765.0,701,4007,13936.0,2542.0,765.0,701,11220,11688.0,3005.0,0.0,0,-7213,0.3571301247771836,2248.0,1.1923340177960302,-463.0,0.8459234608985025
C1908.blif,/home/ayush/abc/blif/C1908.blif,3,0,765.0,701,2814,12704.0,2446.0,765.0,701,11220,11688.0,3005.0,0.0,0,-8406,0.25080213903743315,1016.0,1.0869267624914443,-559.0,0.8139767054908486
C2670.blif,/home/ayush/abc/blif/C2670.blif,0,0,1216.0,1093,13087,14813.0,4829.0,1216.0,1093,13087,14813.0,4829.0,,,,,,,,
C2670.blif,/home/ayush/abc/blif/C2670.blif,1,0,1216.0,1093,6699,17530.0,4549.0,1216.0,1093,13087,14813.0,4829.0,0.0,0,-6388,0.5118820203255139,2717.0,1.183419968946196,-280.0,0.9420169807413543
C2670.blif,/home/ayush/abc/blif/C2670.blif,2,0,1216.0,1093,5365,17546.0,4591.0,1216.0,1093,13087,14813.0,4829.0,0.0,0,-7722,0.4099488041567968,2733.0,1.1845001012624046,-238.0,0.9507144336301512
C2670.blif,/home/ayush/abc/blif/C2670.blif,3,0,1216.0,1093,3902,17199.0,4306.0,1216.0,1093,13087,14813.0,4829.0,0.0,0,-9185,0.29815847787881106,2386.0,1.1610747316546277,-523.0,0.8916960033133153
C3540.blif,/home/ayush/abc/blif/C3540.blif,0,0,2285.0,2060,23634,23686.0,8352.0,2285.0,2060,23634,23686.0,8352.0,,,,,,,,
C3540.blif,/home/ayush/abc/blif/C3540.blif,1,0,2285.0,2060,12299,33281.0,9049.0,2285.0,2060,23634,23686.0,8352.0,0.0,0,-11335,0.5203943471270204,9595.0,1.4050916153001773,697.0,1.0834530651340997
C3540.blif,/home/ayush/abc/blif/C3540.blif,2,0,2285.0,2060,9872,33662.0,9033.0,2285.0,2060,23634,23686.0,8352.0,0.0,0,-13762,0.4177033087924177,9976.0,1.421177066621633,681.0,1.0815373563218391
C3540.blif,/home/ayush/abc/blif/C3540.blif,3,0,2285.0,2060,7142,26075.0,7250.0,2285.0,2060,23634,23686.0,8352.0,0.0,0,-16492,0.3021917576373022,2389.0,1.1008612682597314,-1102.0,0.8680555555555556
C432.blif,/home/ayush/abc/blif/C432.blif,0,0,408.0,349,4295,3687.0,1122.0,408.0,349,4295,3687.0,1122.0,,,,,,,,
C432.blif,/home/ayush/abc/blif/C432.blif,1,0,408.0,349,2388,4552.0,1109.0,408.0,349,4295,3687.0,1122.0,0.0,0,-1907,0.5559953434225844,865.0,1.234608082451858,-13.0,0.9884135472370766
C432.blif,/home/ayush/abc/blif/C432.blif,2,0,408.0,349,1887,4278.0,1005.0,408.0,349,4295,3687.0,1122.0,0.0,0,-2408,0.43934807916181606,591.0,1.160292921074044,-117.0,0.8957219251336899
C432.blif,/home/ayush/abc/blif/C432.blif,3,0,408.0,349,1311,4623.0,1096.0,408.0,349,4295,3687.0,1122.0,0.0,0,-2984,0.3052386495925495,936.0,1.2538649308380798,-26.0,0.9768270944741533
C499.blif,/home/ayush/abc/blif/C499.blif,0,0,937.0,871,15971,14690.0,3799.0,937.0,871,15971,14690.0,3799.0,,,,,,,,
C499.blif,/home/ayush/abc/blif/C499.blif,1,0,937.0,871,6702,18751.0,3616.0,937.0,871,15971,14690.0,3799.0,0.0,0,-9269,0.41963558950597957,4061.0,1.2764465622872703,-183.0,0.9518294287970519
C499.blif,/home/ayush/abc/blif/C499.blif,2,0,937.0,871,5182,20189.0,3771.0,937.0,871,15971,14690.0,3799.0,0.0,0,-10789,0.32446308934944584,5499.0,1.3743362831858408,-28.0,0.9926296393787839
C499.blif,/home/ayush/abc/blif/C499.blif,3,0,937.0,871,3620,16320.0,3035.0,937.0,871,15971,14690.0,3799.0,0.0,0,-12351,0.22666082274121846,1630.0,1.1109598366235534,-764.0,0.7988944459068176
C5315.blif,/home/ayush/abc/blif/C5315.blif,0,0,3870.0,3594,40010,52071.0,19876.0,3870.0,3594,40010,52071.0,19876.0,,,,,,,,
C5315.blif,/home/ayush/abc/blif/C5315.blif,1,0,3870.0,3594,20812,49215.0,15111.0,3870.0,3594,40010,52071.0,19876.0,0.0,0,-19198,0.5201699575106223,-2856.0,0.9451518119490695,-4765.0,0.7602636345341115
C5315.blif,/home/ayush/abc/blif/C5315.blif,2,0,3870.0,3594,16904,63020.0,18378.0,3870.0,3594,40010,52071.0,19876.0,0.0,0,-23106,0.42249437640589854,10949.0,1.2102705920762036,-1498.0,0.9246327228818676
C5315.blif,/home/ayush/abc/blif/C5315.blif,3,0,3870.0,3594,12492,63273.0,18133.0,3870.0,3594,40010,52071.0,19876.0,0.0,0,-27518,0.31222194451387153,11202.0,1.2151293426283345,-1743.0,0.9123062990541356
C6288.blif,/home/ayush/abc/blif/C6288.blif,0,0,9974.0,9460,129160,179691.0,64459.0,9974.0,9460,129160,179691.0,64459.0,,,,,,,,
C6288.blif,/home/ayush/abc/blif/C6288.blif,1,0,9974.0,9461,65230,198160.0,58891.0,9974.0,9460,129160,179691.0,64459.0,0.0,1,-63930,0.5050325178073707,18469.0,1.1027819979854305,-5568.0,0.9136195100761725
C6288.blif,/home/ayush/abc/blif/C6288.blif,2,0,9974.0,9461,51377,194446.0,58410.0,9974.0,9460,129160,179691.0,64459.0,0.0,1,-77783,0.39777794982966863,14755.0,1.0821131831866928,-6049.0,0.9061574023798074
C6288.blif,/home/ayush/abc/blif/C6288.blif,3,0,9975.0,9462,36194,162933.0,48242.0,9974.0,9460,129160,179691.0,64459.0,1.0,2,-92966,0.2802260761845773,-16758.0,0.9067399035010101,-16217.0,0.7484137203493694
C7552.blif,/home/ayush/abc/blif/C7552.blif,0,0,4140.0,3822,54929,69379.0,26006.0,4140.0,3822,54929,69379.0,26006.0,,,,,,,,
C7552.blif,/home/ayush/abc/blif/C7552.blif,1,0,4140.0,3822,24620,88344.0,24730.0,4140.0,3822,54929,69379.0,26006.0,0.0,0,-30309,0.4482149684137705,18965.0,1.2733536084405943,-1276.0,0.9509343997539029
C7552.blif,/home/ayush/abc/blif/C7552.blif,2,0,4140.0,3822,19810,70437.0,19670.0,4140.0,3822,54929,69379.0,26006.0,0.0,0,-35119,0.36064738116477635,1058.0,1.015249571195895,-6336.0,0.7563639160193801
C7552.blif,/home/ayush/abc/blif/C7552.blif,3,0,4136.0,3820,14423,84225.0,21912.0,4140.0,3822,54929,69379.0,26006.0,-4.0,-2,-40506,0.2625753245098218,14846.0,1.2139840585768027,-4094.0,0.842574790432977
C880.blif,/home/ayush/abc/blif/C880.blif,0,0,517.0,488,5470,5371.0,1921.0,517.0,488,5470,5371.0,1921.0,,,,,,,,
C880.blif,/home/ayush/abc/blif/C880.blif,1,0,517.0,488,3207,7100.0,2070.0,517.0,488,5470,5371.0,1921.0,0.0,0,-2263,0.5862888482632541,1729.0,1.3219139824986037,149.0,1.07756376887038
C880.blif,/home/ayush/abc/blif/C880.blif,2,0,517.0,488,2520,6548.0,1870.0,517.0,488,5470,5371.0,1921.0,0.0,0,-2950,0.4606946983546618,1177.0,1.2191398249860361,-51.0,0.9734513274336283
C880.blif,/home/ayush/abc/blif/C880.blif,3,0,517.0,488,1805,6592.0,1919.0,517.0,488,5470,5371.0,1921.0,0.0,0,-3665,0.329981718464351,1221.0,1.2273319679761683,-2.0,0.9989588755856325
adder.blif,/home/ayush/abc/blif/adder.blif,0,0,86.0,0,0,240.0,39.0,86.0,0,0,240.0,39.0,,,,,,,,
adder.blif,/home/ayush/abc/blif/adder.blif,1,0,86.0,0,0,110.0,14.0,86.0,0,0,240.0,39.0,0.0,0,0,,-130.0,0.4583333333333333,-25.0,0.358974358974359
adder.blif,/home/ayush/abc/blif/adder.blif,2,0,86.0,0,0,128.0,17.0,86.0,0,0,240.0,39.0,0.0,0,0,,-112.0,0.5333333333333333,-22.0,0.4358974358974359
adder.blif,/home/ayush/abc/blif/adder.blif,3,0,86.0,0,0,132.0,17.0,86.0,0,0,240.0,39.0,0.0,0,0,,-108.0,0.55,-22.0,0.4358974358974359
alu2.blif,/home/ayush/abc/blif/alu2.blif,0,0,738.0,691,5912,5321.0,1979.0,738.0,691,5912,5321.0,1979.0,,,,,,,,
alu2.blif,/home/ayush/abc/blif/alu2.blif,1,0,738.0,691,3681,9369.0,3453.0,738.0,691,5912,5321.0,1979.0,0.0,0,-2231,0.6226319350473613,4048.0,1.7607592557789888,1474.0,1.744820616472966
alu2.blif,/home/ayush/abc/blif/alu2.blif,2,0,738.0,691,3070,8870.0,3079.0,738.0,691,5912,5321.0,1979.0,0.0,0,-2842,0.5192828146143437,3549.0,1.6669798909979328,1100.0,1.5558362809499748
alu2.blif,/home/ayush/abc/blif/alu2.blif,3,0,738.0,691,2331,8631.0,2871.0,738.0,691,5912,5321.0,1979.0,0.0,0,-3581,0.3942828146143437,3310.0,1.6220635218943809,892.0,1.450732693279434
alu4.blif,/home/ayush/abc/blif/alu4.blif,0,0,3568.0,3545,22604,25411.0,16303.0,3568.0,3545,22604,25411.0,16303.0,,,,,,,,
alu4.blif,/home/ayush/abc/blif/alu4.blif,1,0,3568.0,3545,16702,42094.0,24308.0,3568.0,3545,22604,25411.0,16303.0,0.0,0,-5902,0.7388957706600602,16683.0,1.656526701034985,8005.0,1.4910139238177023
alu4.blif,/home/ayush/abc/blif/alu4.blif,2,0,3568.0,3545,14811,32963.0,18269.0,3568.0,3545,22604,25411.0,16303.0,0.0,0,-7793,0.6552380109715095,7552.0,1.2971941285270159,1966.0,1.1205913022143164
alu4.blif,/home/ayush/abc/blif/alu4.blif,3,0,3568.0,3545,12397,41975.0,24097.0,3568.0,3545,22604,25411.0,16303.0,0.0,0,-10207,0.5484427534949566,16564.0,1.6518436897406634,7794.0,1.4780715205790345
alu4.pre-vpr.blif,/home/ayush/abc/blif/alu4.pre-vpr.blif,0,0,2908.0,2871,23703,34163.0,19789.0,2908.0,2871,23703,34163.0,19789.0,,,,,,,,
alu4.pre-vpr.blif,/home/ayush/abc/blif/alu4.pre-vpr.blif,1,0,2908.0,2871,15514,38332.0,18544.0,2908.0,2871,23703,34163.0,19789.0,0.0,0,-8189,0.6545163059528329,4169.0,1.1220326083774843,-1245.0,0.9370862600434585
alu4.pre-vpr.blif,/home/ayush/abc/blif/alu4.pre-vpr.blif,2,0,2908.0,2871,12941,35941.0,17456.0,2908.0,2871,23703,34163.0,19789.0,0.0,0,-10762,0.5459646458254229,1778.0,1.0520446096654275,-2333.0,0.8821062206276215
alu4.pre-vpr.blif,/home/ayush/abc/blif/alu4.pre-vpr.blif,3,0,2908.0,2871,9850,38860.0,18924.0,2908.0,2871,23703,34163.0,19789.0,0.0,0,-13853,0.4155592119141037,4697.0,1.1374879255334718,-865.0,0.956288847339431
alu4.wiremap_area.blif,/home/ayush/abc/blif/alu4.wiremap_area.blif,0,0,2726.0,2684,24362,28395.0,15615.0,2726.0,2684,24362,28395.0,15615.0,,,,,,,,
alu4.wiremap_area.blif,/home/ayush/abc/blif/alu4.wiremap_area.blif,1,0,2726.0,2684,15794,40491.0,19857.0,2726.0,2684,24362,28395.0,15615.0,0.0,0,-8568,0.6483047368853132,12096.0,1.4259904912836767,4242.0,1.2716618635926993
alu4.wiremap_area.blif,/home/ayush/abc/blif/alu4.wiremap_area.blif,2,0,2726.0,2684,12941,33221.0,16285.0,2726.0,2684,24362,28395.0,15615.0,0.0,0,-11421,0.5311961251128807,4826.0,1.1699594999119562,670.0,1.0429074607748958
alu4.wiremap_area.blif,/home/ayush/abc/blif/alu4.wiremap_area.blif,3,0,2726.0,2684,9396,34314.0,16131.0,2726.0,2684,24362,28395.0,15615.0,0.0,0,-14966,0.38568262047450946,5919.0,1.2084521922873745,516.0,1.033045148895293
alu4.wiremap_depth.blif,/home/ayush/abc/blif/alu4.wiremap_depth.blif,0,0,2908.0,2871,23703,30277.0,16996.0,2908.0,2871,23703,30277.0,16996.0,,,,,,,,
alu4.wiremap_depth.blif,/home/ayush/abc/blif/alu4.wiremap_depth.blif,1,0,2908.0,2871,15514,39295.0,19170.0,2908.0,2871,23703,30277.0,16996.0,0.0,0,-8189,0.6545163059528329,9018.0,1.2978498530237474,2174.0,1.1279124499882325
alu4.wiremap_depth.blif,/home/ayush/abc/blif/alu4.wiremap_depth.blif,2,0,2908.0,2871,12941,28644.0,13769.0,2908.0,2871,23703,30277.0,16996.0,0.0,0,-10762,0.5459646458254229,-1633.0,0.9460646695511444,-3227.0,0.8101317957166392
alu4.wiremap_depth.blif,/home/ayush/abc/blif/alu4.wiremap_depth.blif,3,0,2908.0,2871,9850,32152.0,14971.0,2908.0,2871,23703,30277.0,16996.0,0.0,0,-13853,0.4155592119141037,1875.0,1.0619281963206395,-2025.0,0.8808543186632148
always_false.blif,/home/ayush/abc/blif/always_false.blif,0,0,0.0,0,0,108.0,4.0,0.0,0,0,108.0,4.0,,,,,,,,
always_false.blif,/home/ayush/abc/blif/always_false.blif,1,0,0.0,0,0,109.0,3.0,0.0,0,0,108.0,4.0,0.0,0,0,,1.0,1.0092592592592593,-1.0,0.75
always_false.blif,/home/ayush/abc/blif/always_false.blif,2,0,0.0,0,0,104.0,3.0,0.0,0,0,108.0,4.0,0.0,0,0,,-4.0,0.9629629629629629,-1.0,0.75
always_false.blif,/home/ayush/abc/blif/always_false.blif,3,0,0.0,0,0,101.0,3.0,0.0,0,0,108.0,4.0,0.0,0,0,,-7.0,0.9351851851851852,-1.0,0.75
always_true.blif,/home/ayush/abc/blif/always_true.blif,0,0,0.0,0,0,99.0,3.0,0.0,0,0,99.0,3.0,,,,,,,,
always_true.blif,/home/ayush/abc/blif/always_true.blif,1,0,0.0,0,0,112.0,3.0,0.0,0,0,99.0,3.0,0.0,0,0,,13.0,1.1313131313131313,0.0,1.0
always_true.blif,/home/ayush/abc/blif/always_true.blif,2,0,0.0,0,0,104.0,3.0,0.0,0,0,99.0,3.0,0.0,0,0,,5.0,1.0505050505050506,0.0,1.0
always_true.blif,/home/ayush/abc/blif/always_true.blif,3,0,0.0,0,0,132.0,4.0,0.0,0,0,99.0,3.0,0.0,0,0,,33.0,1.3333333333333333,1.0,1.3333333333333333
and.blif,/home/ayush/abc/blif/and.blif,0,0,1.0,1,1,170.0,14.0,1.0,1,1,170.0,14.0,,,,,,,,
and.blif,/home/ayush/abc/blif/and.blif,1,0,1.0,1,1,100.0,8.0,1.0,1,1,170.0,14.0,0.0,0,0,1.0,-70.0,0.5882352941176471,-6.0,0.5714285714285714
and.blif,/home/ayush/abc/blif/and.blif,2,0,1.0,1,1,116.0,9.0,1.0,1,1,170.0,14.0,0.0,0,0,1.0,-54.0,0.6823529411764706,-5.0,0.6428571428571429
and.blif,/home/ayush/abc/blif/and.blif,3,0,1.0,1,1,140.0,10.0,1.0,1,1,170.0,14.0,0.0,0,0,1.0,-30.0,0.8235294117647058,-4.0,0.7142857142857143
and_latch.blif,/home/ayush/abc/blif/and_latch.blif,0,0,2.0,1,1,114.0,10.0,2.0,1,1,114.0,10.0,,,,,,,,
and_latch.blif,/home/ayush/abc/blif/and_latch.blif,1,0,2.0,1,1,128.0,10.0,2.0,1,1,114.0,10.0,0.0,0,0,1.0,14.0,1.1228070175438596,0.0,1.0
and_latch.blif,/home/ayush/abc/blif/and_latch.blif,2,0,2.0,1,1,159.0,16.0,2.0,1,1,114.0,10.0,0.0,0,0,1.0,45.0,1.394736842105263,6.0,1.6
and_latch.blif,/home/ayush/abc/blif/and_latch.blif,3,0,2.0,1,1,193.0,18.0,2.0,1,1,114.0,10.0,0.0,0,0,1.0,79.0,1.6929824561403508,8.0,1.8
apex1.blif,/home/ayush/abc/blif/apex1.blif,0,0,2096.0,2060,19778,26223.0,10911.0,2096.0,2060,19778,26223.0,10911.0,,,,,,,,
apex1.blif,/home/ayush/abc/blif/apex1.blif,1,0,2096.0,2060,11159,22762.0,7497.0,2096.0,2060,19778,26223.0,10911.0,0.0,0,-8619,0.5642127616543634,-3461.0,0.8680166266254814,-3414.0,0.6871047566675832
apex1.blif,/home/ayush/abc/blif/apex1.blif,2,0,2096.0,2060,9321,22804.0,7299.0,2096.0,2060,19778,26223.0,10911.0,0.0,0,-10457,0.47128122155930835,-3419.0,0.8696182740342447,-3612.0,0.6689579323618366
apex1.blif,/home/ayush/abc/blif/apex1.blif,3,0,2096.0,2060,7316,23419.0,7449.0,2096.0,2060,19778,26223.0,10911.0,0.0,0,-12462,0.36990595611285265,-2804.0,0.893070968233993,-3462.0,0.6827055265328568
apex2.blif,/home/ayush/abc/blif/apex2.blif,0,0,4288.0,4250,34595,41256.0,25244.0,4288.0,4250,34595,41256.0,25244.0,,,,,,,,
apex2.blif,/home/ayush/abc/blif/apex2.blif,1,0,4288.0,4250,23138,51233.0,26955.0,4288.0,4250,34595,41256.0,25244.0,0.0,0,-11457,0.6688249747073276,9977.0,1.241831491177041,1711.0,1.0677784820155285
apex2.blif,/home/ayush/abc/blif/apex2.blif,2,0,4288.0,4250,19394,50185.0,25840.0,4288.0,4250,34595,41256.0,25244.0,0.0,0,-15201,0.5606012429541841,8929.0,1.216429125460539,596.0,1.0236095705910315
apex2.blif,/home/ayush/abc/blif/apex2.blif,3,0,4288.0,4250,15340,48433.0,24803.0,4288.0,4250,34595,41256.0,25244.0,0.0,0,-19255,0.4434166787107964,7177.0,1.1739625751405856,-441.0,0.9825305022975757
apex2.pre-vpr.blif,/home/ayush/abc/blif/apex2.pre-vpr.blif,0,0,3338.0,3297,34709,40305.0,21305.0,3338.0,3297,34709,40305.0,21305.0,,,,,,,,
apex2.pre-vpr.blif,/home/ayush/abc/blif/apex2.pre-vpr.blif,1,0,3338.0,3297,20559,44523.0,20058.0,3338.0,3297,34709,40305.0,21305.0,0.0,0,-14150,0.5923247572675675,4218.0,1.104652028284332,-1247.0,0.9414691386998357
apex2.pre-vpr.blif,/home/ayush/abc/blif/apex2.pre-vpr.blif,2,0,3338.0,3297,16348,54594.0,23689.0,3338.0,3297,34709,40305.0,21305.0,0.0,0,-18361,0.4710017574692443,14289.0,1.3545217714923707,2384.0,1.1118986153485098
apex2.pre-vpr.blif,/home/ayush/abc/blif/apex2.pre-vpr.blif,3,0,3338.0,3297,11795,45538.0,19451.0,3338.0,3297,34709,40305.0,21305.0,0.0,0,-22914,0.33982540551441986,5233.0,1.1298350080635158,-1854.0,0.9129781741375264
apex2.wiremap_area.blif,/home/ayush/abc/blif/apex2.wiremap_area.blif,0,0,3175.0,3134,36959,46023.0,24325.0,3175.0,3134,36959,46023.0,24325.0,,,,,,,,
apex2.wiremap_area.blif,/home/ayush/abc/blif/apex2.wiremap_area.blif,1,0,3175.0,3134,20664,56803.0,25467.0,3175.0,3134,36959,46023.0,24325.0,0.0,0,-16295,0.5591060364187342,10780.0,1.2342307107315906,1142.0,1.0469475847893115
apex2.wiremap_area.blif,/home/ayush/abc/blif/apex2.wiremap_area.blif,2,0,3175.0,3134,16243,55724.0,23754.0,3175.0,3134,36959,46023.0,24325.0,0.0,0,-20716,0.4394869991071187,9701.0,1.21078591139213,-571.0,0.9765262076053443
apex2.wiremap_area.blif,/home/ayush/abc/blif/apex2.wiremap_area.blif,3,0,3175.0,3134,11333,39230.0,16762.0,3175.0,3134,36959,46023.0,24325.0,0.0,0,-25626,0.3066370843366974,-6793.0,0.8523998870130153,-7563.0,0.6890853031860226
apex2.wiremap_depth.blif,/home/ayush/abc/blif/apex2.wiremap_depth.blif,0,0,3338.0,3297,34709,47503.0,25893.0,3338.0,3297,34709,47503.0,25893.0,,,,,,,,
apex2.wiremap_depth.blif,/home/ayush/abc/blif/apex2.wiremap_depth.blif,1,0,3338.0,3297,20559,55419.0,25902.0,3338.0,3297,34709,47503.0,25893.0,0.0,0,-14150,0.5923247572675675,7916.0,1.1666421068143065,9.0,1.0003475842891902
apex2.wiremap_depth.blif,/home/ayush/abc/blif/apex2.wiremap_depth.blif,2,0,3338.0,3297,16348,41572.0,18493.0,3338.0,3297,34709,47503.0,25893.0,0.0,0,-18361,0.4710017574692443,-5931.0,0.8751447277014084,-7400.0,0.7142084733325609
apex2.wiremap_depth.blif,/home/ayush/abc/blif/apex2.wiremap_depth.blif,3,0,3338.0,3297,11795,43113.0,18829.0,3338.0,3297,34709,47503.0,25893.0,0.0,0,-22914,0.33982540551441986,-4390.0,0.9075847841188978,-7064.0,0.7271849534623257
apex3.blif,/home/ayush/abc/blif/apex3.blif,0,0,2828.0,2798,23220,30068.0,15463.0,2828.0,2798,23220,30068.0,15463.0,,,,,,,,
apex3.blif,/home/ayush/abc/blif/apex3.blif,1,0,2828.0,2798,14696,28280.0,11057.0,2828.0,2798,23220,30068.0,15463.0,0.0,0,-8524,0.6329026701119724,-1788.0,0.9405347878142876,-4406.0,0.715061760331113
apex3.blif,/home/ayush/abc/blif/apex3.blif,2,0,2828.0,2798,12490,28241.0,11665.0,2828.0,2798,23220,30068.0,15463.0,0.0,0,-10730,0.5378983634797588,-1827.0,0.9392377278169483,-3798.0,0.7543814266313135
apex3.blif,/home/ayush/abc/blif/apex3.blif,3,0,2828.0,2798,9933,25629.0,10227.0,2828.0,2798,23220,30068.0,15463.0,0.0,0,-13287,0.42777777777777776,-4439.0,0.8523679659438606,-5236.0,0.6613852421910367
apex4.blif,/home/ayush/abc/blif/apex4.blif,0,0,4003.0,3994,41073,37266.0,17861.0,4003.0,3994,41073,37266.0,17861.0,,,,,,,,
apex4.blif,/home/ayush/abc/blif/apex4.blif,1,0,4003.0,3994,24794,61109.0,23941.0,4003.0,3994,41073,37266.0,17861.0,0.0,0,-16279,0.6036569035619507,23843.0,1.6398057210325767,6080.0,1.3404064722020044
apex4.blif,/home/ayush/abc/blif/apex4.blif,2,0,4003.0,3994,20373,47225.0,18073.0,4003.0,3994,41073,37266.0,17861.0,0.0,0,-20700,0.49601928274048646,9959.0,1.2672409166532497,212.0,1.0118694362017804
apex4.blif,/home/ayush/abc/blif/apex4.blif,3,0,4003.0,3994,15391,45017.0,16599.0,4003.0,3994,41073,37266.0,17861.0,0.0,0,-25682,0.3747230540744528,7751.0,1.2079911984114207,-1262.0,0.9293432618554393
apex4.pre-vpr.blif,/home/ayush/abc/blif/apex4.pre-vpr.blif,0,0,2957.0,2948,35788,41969.0,17079.0,2957.0,2948,35788,41969.0,17079.0,,,,,,,,
apex4.pre-vpr.blif,/home/ayush/abc/blif/apex4.pre-vpr.blif,1,0,2957.0,2948,19483,50767.0,16756.0,2957.0,2948,35788,41969.0,17079.0,0.0,0,-16305,0.5444003576617861,8798.0,1.209630918058567,-323.0,0.9810878857075941
apex4.pre-vpr.blif,/home/ayush/abc/blif/apex4.pre-vpr.blif,2,0,2957.0,2948,15581,48737.0,15969.0,2957.0,2948,35788,41969.0,17079.0,0.0,0,-20207,0.4353693975634291,6768.0,1.161261883771355,-1110.0,0.9350079044440541
apex4.pre-vpr.blif,/home/ayush/abc/blif/apex4.pre-vpr.blif,3,0,2957.0,2948,11333,37665.0,11545.0,2957.0,2948,35788,41969.0,17079.0,0.0,0,-24455,0.3166703923102716,-4304.0,0.897448116466916,-5534.0,0.6759763452192752
apex4.wiremap_area.blif,/home/ayush/abc/blif/apex4.wiremap_area.blif,0,0,2842.0,2831,37749,47076.0,18720.0,2842.0,2831,37749,47076.0,18720.0,,,,,,,,
apex4.wiremap_area.blif,/home/ayush/abc/blif/apex4.wiremap_area.blif,1,0,2842.0,2831,20294,38692.0,12133.0,2842.0,2831,37749,47076.0,18720.0,0.0,0,-17455,0.5376036451296723,-8384.0,0.8219050046732942,-6587.0,0.6481303418803419
apex4.wiremap_area.blif,/home/ayush/abc/blif/apex4.wiremap_area.blif,2,0,2842.0,2831,15953,50981.0,15866.0,2842.0,2831,37749,47076.0,18720.0,0.0,0,-21796,0.4226072213833479,3905.0,1.0829509728948934,-2854.0,0.847542735042735
apex4.wiremap_area.blif,/home/ayush/abc/blif/apex4.wiremap_area.blif,3,0,2842.0,2831,10945,40775.0,12773.0,2842.0,2831,37749,47076.0,18720.0,0.0,0,-26804,0.28994145540279215,-6301.0,0.8661526042994308,-5947.0,0.6823183760683761
apex4.wiremap_depth.blif,/home/ayush/abc/blif/apex4.wiremap_depth.blif,0,0,2957.0,2948,35788,36459.0,15182.0,2957.0,2948,35788,36459.0,15182.0,,,,,,,,
apex4.wiremap_depth.blif,/home/ayush/abc/blif/apex4.wiremap_depth.blif,1,0,2957.0,2948,19483,44275.0,15312.0,2957.0,2948,35788,36459.0,15182.0,0.0,0,-16305,0.5444003576617861,7816.0,1.2143777942346197,130.0,1.008562771703333
apex4.wiremap_depth.blif,/home/ayush/abc/blif/apex4.wiremap_depth.blif,2,0,2957.0,2948,15581,50951.0,16772.0,2957.0,2948,35788,36459.0,15182.0,0.0,0,-20207,0.4353693975634291,14492.0,1.3974875887983762,1590.0,1.1047292846792254
apex4.wiremap_depth.blif,/home/ayush/abc/blif/apex4.wiremap_depth.blif,3,0,2957.0,2948,11333,48567.0,15323.0,2957.0,2948,35788,36459.0,15182.0,0.0,0,-24455,0.3166703923102716,12108.0,1.3320990701884308,141.0,1.009287313924384
apex5.blif,/home/ayush/abc/blif/apex5.blif,0,0,1222.0,1146,9319,8482.0,3877.0,1222.0,1146,9319,8482.0,3877.0,,,,,,,,
apex5.blif,/home/ayush/abc/blif/apex5.blif,1,0,1222.0,1146,6436,9408.0,3553.0,1222.0,1146,9319,8482.0,3877.0,0.0,0,-2883,0.6906320420645992,926.0,1.1091723650082528,-324.0,0.9164302295589373
apex5.blif,/home/ayush/abc/blif/apex5.blif,2,0,1222.0,1146,5287,9554.0,3872.0,1222.0,1146,9319,8482.0,3877.0,0.0,0,-4032,0.567335551024788,1072.0,1.1263852864890356,-5.0,0.9987103430487491
apex5.blif,/home/ayush/abc/blif/apex5.blif,3,0,1222.0,1146,3956,11733.0,4285.0,1222.0,1146,9319,8482.0,3877.0,0.0,0,-5363,0.4245090674965125,3251.0,1.383282244753596,408.0,1.1052360072220788
apex6.blif,/home/ayush/abc/blif/apex6.blif,0,0,901.0,854,4784,5778.0,3021.0,901.0,854,4784,5778.0,3021.0,,,,,,,,
apex6.blif,/home/ayush/abc/blif/apex6.blif,1,0,901.0,854,3856,6281.0,2940.0,901.0,854,4784,5778.0,3021.0,0.0,0,-928,0.8060200668896321,503.0,1.08705434406369,-81.0,0.9731876861966237
apex6.blif,/home/ayush/abc/blif/apex6.blif,2,0,901.0,854,3359,6445.0,2947.0,901.0,854,4784,5778.0,3021.0,0.0,0,-1425,0.7021321070234113,667.0,1.1154378677743164,-74.0,0.975504799735187
apex6.blif,/home/ayush/abc/blif/apex6.blif,3,0,901.0,854,2663,6334.0,2940.0,901.0,854,4784,5778.0,3021.0,0.0,0,-2121,0.5566471571906354,556.0,1.096227068189685,-81.0,0.9731876861966237
apex7.blif,/home/ayush/abc/blif/apex7.blif,0,0,263.0,241,1386,2191.0,938.0,263.0,241,1386,2191.0,938.0,,,,,,,,
apex7.blif,/home/ayush/abc/blif/apex7.blif,1,0,263.0,241,1097,2225.0,903.0,263.0,241,1386,2191.0,938.0,0.0,0,-289,0.7914862914862915,34.0,1.015518028297581,-35.0,0.9626865671641791
apex7.blif,/home/ayush/abc/blif/apex7.blif,2,0,263.0,241,962,2260.0,960.0,263.0,241,1386,2191.0,938.0,0.0,0,-424,0.6940836940836941,69.0,1.0314924691921497,22.0,1.023454157782516
apex7.blif,/home/ayush/abc/blif/apex7.blif,3,0,263.0,241,757,2324.0,970.0,263.0,241,1386,2191.0,938.0,0.0,0,-629,0.5461760461760462,133.0,1.060702875399361,32.0,1.0341151385927505
b1.blif,/home/ayush/abc/blif/b1.blif,0,0,8.0,6,15,122.0,29.0,8.0,6,15,122.0,29.0,,,,,,,,
b1.blif,/home/ayush/abc/blif/b1.blif,1,0,8.0,6,15,254.0,59.0,8.0,6,15,122.0,29.0,0.0,0,0,1.0,132.0,2.081967213114754,30.0,2.0344827586206895
b1.blif,/home/ayush/abc/blif/b1.blif,2,0,8.0,6,15,170.0,39.0,8.0,6,15,122.0,29.0,0.0,0,0,1.0,48.0,1.3934426229508197,10.0,1.3448275862068966
b1.blif,/home/ayush/abc/blif/b1.blif,3,0,8.0,6,14,164.0,36.0,8.0,6,15,122.0,29.0,0.0,0,-1,0.9333333333333333,42.0,1.3442622950819672,7.0,1.2413793103448276
b12.blif,/home/ayush/abc/blif/b12.blif,0,0,95.0,85,411,557.0,266.0,95.0,85,411,557.0,266.0,,,,,,,,
b12.blif,/home/ayush/abc/blif/b12.blif,1,0,95.0,85,334,703.0,299.0,95.0,85,411,557.0,266.0,0.0,0,-77,0.8126520681265207,146.0,1.2621184919210053,33.0,1.1240601503759398
b12.blif,/home/ayush/abc/blif/b12.blif,2,0,95.0,85,302,765.0,316.0,95.0,85,411,557.0,266.0,0.0,0,-109,0.7347931873479319,208.0,1.3734290843806105,50.0,1.1879699248120301
b12.blif,/home/ayush/abc/blif/b12.blif,3,0,95.0,85,244,813.0,345.0,95.0,85,411,557.0,266.0,0.0,0,-167,0.5936739659367397,256.0,1.459605026929982,79.0,1.2969924812030076
b9.blif,/home/ayush/abc/blif/b9.blif,0,0,112.0,97,430,649.0,328.0,112.0,97,430,649.0,328.0,,,,,,,,
b9.blif,/home/ayush/abc/blif/b9.blif,1,0,112.0,97,372,742.0,336.0,112.0,97,430,649.0,328.0,0.0,0,-58,0.8651162790697674,93.0,1.1432973805855162,8.0,1.024390243902439
b9.blif,/home/ayush/abc/blif/b9.blif,2,0,112.0,97,333,868.0,400.0,112.0,97,430,649.0,328.0,0.0,0,-97,0.7744186046511627,219.0,1.337442218798151,72.0,1.2195121951219512
b9.blif,/home/ayush/abc/blif/b9.blif,3,0,112.0,97,272,724.0,334.0,112.0,97,430,649.0,328.0,0.0,0,-158,0.6325581395348837,75.0,1.115562403697997,6.0,1.0182926829268293
bbara.blif,/home/ayush/abc/blif/bbara.blif,0,0,83.0,77,415,565.0,246.0,83.0,77,415,565.0,246.0,,,,,,,,
bbara.blif,/home/ayush/abc/blif/bbara.blif,1,0,83.0,77,341,740.0,286.0,83.0,77,415,565.0,246.0,0.0,0,-74,0.8216867469879519,175.0,1.3097345132743363,40.0,1.1626016260162602
bbara.blif,/home/ayush/abc/blif/bbara.blif,2,0,83.0,77,296,758.0,301.0,83.0,77,415,565.0,246.0,0.0,0,-119,0.7132530120481928,193.0,1.3415929203539823,55.0,1.2235772357723578
bbara.blif,/home/ayush/abc/blif/bbara.blif,3,0,83.0,77,227,779.0,296.0,83.0,77,415,565.0,246.0,0.0,0,-188,0.5469879518072289,214.0,1.3787610619469026,50.0,1.2032520325203253
bbrtas.blif,/home/ayush/abc/blif/bbrtas.blif,0,0,1021.0,986,10503,13097.0,4843.0,1021.0,986,10503,13097.0,4843.0,,,,,,,,
bbrtas.blif,/home/ayush/abc/blif/bbrtas.blif,1,0,1021.0,986,5602,15276.0,4359.0,1021.0,986,10503,13097.0,4843.0,0.0,0,-4901,0.5333714176901837,2179.0,1.166373978773765,-484.0,0.9000619450753665
bbrtas.blif,/home/ayush/abc/blif/bbrtas.blif,2,0,1021.0,986,4592,10732.0,3050.0,1021.0,986,10503,13097.0,4843.0,0.0,0,-5911,0.4372084166428639,-2365.0,0.8194242956402229,-1793.0,0.629774932892835
bbrtas.blif,/home/ayush/abc/blif/bbrtas.blif,3,0,1021.0,986,3501,10843.0,3061.0,1021.0,986,10503,13097.0,4843.0,0.0,0,-7002,0.3333333333333333,-2254.0,0.8278995189738108,-1782.0,0.6320462523229403
bbsse.blif,/home/ayush/abc/blif/bbsse.blif,0,0,147.0,135,928,1060.0,403.0,147.0,135,928,1060.0,403.0,,,,,,,,
bbsse.blif,/home/ayush/abc/blif/bbsse.blif,1,0,147.0,135,597,1416.0,488.0,147.0,135,928,1060.0,403.0,0.0,0,-331,0.6433189655172413,356.0,1.3358490566037735,85.0,1.2109181141439207
bbsse.blif,/home/ayush/abc/blif/bbsse.blif,2,0,147.0,135,519,1211.0,395.0,147.0,135,928,1060.0,403.0,0.0,0,-409,0.5592672413793104,151.0,1.1424528301886792,-8.0,0.9801488833746899
bbsse.blif,/home/ayush/abc/blif/bbsse.blif,3,0,147.0,135,419,1300.0,423.0,147.0,135,928,1060.0,403.0,0.0,0,-509,0.4515086206896552,240.0,1.2264150943396226,20.0,1.0496277915632755
bbtas.blif,/home/ayush/abc/blif/bbtas.blif,0,0,31.0,28,144,344.0,118.0,31.0,28,144,344.0,118.0,,,,,,,,
bbtas.blif,/home/ayush/abc/blif/bbtas.blif,1,0,31.0,28,101,539.0,180.0,31.0,28,144,344.0,118.0,0.0,0,-43,0.7013888888888888,195.0,1.566860465116279,62.0,1.5254237288135593
bbtas.blif,/home/ayush/abc/blif/bbtas.blif,2,0,31.0,28,91,390.0,122.0,31.0,28,144,344.0,118.0,0.0,0,-53,0.6319444444444444,46.0,1.1337209302325582,4.0,1.0338983050847457
bbtas.blif,/home/ayush/abc/blif/bbtas.blif,3,0,31.0,28,73,403.0,122.0,31.0,28,144,344.0,118.0,0.0,0,-71,0.5069444444444444,59.0,1.1715116279069768,4.0,1.0338983050847457
beecount.blif,/home/ayush/abc/blif/beecount.blif,0,0,40.0,35,160,441.0,190.0,40.0,35,160,441.0,190.0,,,,,,,,
beecount.blif,/home/ayush/abc/blif/beecount.blif,1,0,40.0,35,135,442.0,166.0,40.0,35,160,441.0,190.0,0.0,0,-25,0.84375,1.0,1.002267573696145,-24.0,0.8736842105263158
beecount.blif,/home/ayush/abc/blif/beecount.blif,2,0,40.0,35,122,423.0,154.0,40.0,35,160,441.0,190.0,0.0,0,-38,0.7625,-18.0,0.9591836734693877,-36.0,0.8105263157894737
beecount.blif,/home/ayush/abc/blif/beecount.blif,3,0,40.0,35,101,445.0,166.0,40.0,35,160,441.0,190.0,0.0,0,-59,0.63125,4.0,1.0090702947845804,-24.0,0.8736842105263158
bigkey.blif,/home/ayush/abc/blif/bigkey.blif,0,0,6213.0,5789,55157,54999.0,29362.0,6213.0,5789,55157,54999.0,29362.0,,,,,,,,
bigkey.blif,/home/ayush/abc/blif/bigkey.blif,1,0,6213.0,5789,33621,64073.0,27610.0,6213.0,5789,55157,54999.0,29362.0,0.0,0,-21536,0.6095509182877966,9074.0,1.16498481790578,-1752.0,0.9403310401198829
bigkey.blif,/home/ayush/abc/blif/bigkey.blif,2,0,6213.0,5789,27749,67181.0,28855.0,6213.0,5789,55157,54999.0,29362.0,0.0,0,-27408,0.5030911760973222,12182.0,1.2214949362715686,-507.0,0.9827327838703086
bigkey.blif,/home/ayush/abc/blif/bigkey.blif,3,0,6213.0,5789,20960,52389.0,22901.0,6213.0,5789,55157,54999.0,29362.0,0.0,0,-34197,0.38000616422212957,-2610.0,0.9525445917198494,-6461.0,0.7799536816293168
bigkey.pre-vpr.blif,/home/ayush/abc/blif/bigkey.pre-vpr.blif,0,0,3870.0,3447,28212,21292.0,11857.0,3870.0,3447,28212,21292.0,11857.0,,,,,,,,
bigkey.pre-vpr.blif,/home/ayush/abc/blif/bigkey.pre-vpr.blif,1,0,3870.0,3447,17433,33113.0,14286.0,3870.0,3447,28212,21292.0,11857.0,0.0,0,-10779,0.6179285410463633,11821.0,1.5551850460266767,2429.0,1.2048578898540947
bigkey.pre-vpr.blif,/home/ayush/abc/blif/bigkey.pre-vpr.blif,2,0,3870.0,3447,14796,32935.0,13641.0,3870.0,3447,28212,21292.0,11857.0,0.0,0,-13416,0.5244576775840069,11643.0,1.546825098628593,1784.0,1.1504596440920976
bigkey.pre-vpr.blif,/home/ayush/abc/blif/bigkey.pre-vpr.blif,3,0,3870.0,3447,11687,31507.0,13151.0,3870.0,3447,28212,21292.0,11857.0,0.0,0,-16525,0.41425634481780804,10215.0,1.4797576554574488,1294.0,1.1091338449860841
bigkey.wiremap_area.blif,/home/ayush/abc/blif/bigkey.wiremap_area.blif,0,0,4095.0,3673,29364,28027.0,14850.0,4095.0,3673,29364,28027.0,14850.0,,,,,,,,
bigkey.wiremap_area.blif,/home/ayush/abc/blif/bigkey.wiremap_area.blif,1,0,4095.0,3673,19913,34351.0,15464.0,4095.0,3673,29364,28027.0,14850.0,0.0,0,-9451,0.6781433047268765,6324.0,1.2256395618510723,614.0,1.0413468013468012
bigkey.wiremap_area.blif,/home/ayush/abc/blif/bigkey.wiremap_area.blif,2,0,4095.0,3673,16936,30714.0,13607.0,4095.0,3673,29364,28027.0,14850.0,0.0,0,-12428,0.5767606593107206,2687.0,1.0958718378706247,-1243.0,0.9162962962962963
bigkey.wiremap_area.blif,/home/ayush/abc/blif/bigkey.wiremap_area.blif,3,0,4095.0,3673,13263,32713.0,13965.0,4095.0,3673,29364,28027.0,14850.0,0.0,0,-16101,0.451675521046179,4686.0,1.1671959182217149,-885.0,0.9404040404040404
bigkey.wiremap_depth.blif,/home/ayush/abc/blif/bigkey.wiremap_depth.blif,0,0,3870.0,3447,28212,22663.0,11385.0,3870.0,3447,28212,22663.0,11385.0,,,,,,,,
bigkey.wiremap_depth.blif,/home/ayush/abc/blif/bigkey.wiremap_depth.blif,1,0,3870.0,3447,17433,30799.0,13240.0,3870.0,3447,28212,22663.0,11385.0,0.0,0,-10779,0.6179285410463633,8136.0,1.358999249878657,1855.0,1.162933684672815
bigkey.wiremap_depth.blif,/home/ayush/abc/blif/bigkey.wiremap_depth.blif,2,0,3870.0,3447,14796,32395.0,13710.0,3870.0,3447,28212,22663.0,11385.0,0.0,0,-13416,0.5244576775840069,9732.0,1.429422406565768,2325.0,1.2042160737812913
bigkey.wiremap_depth.blif,/home/ayush/abc/blif/bigkey.wiremap_depth.blif,3,0,3870.0,3447,11687,30781.0,12506.0,3870.0,3447,28212,22663.0,11385.0,0.0,0,-16525,0.41425634481780804,8118.0,1.3582050037506068,1121.0,1.0984628897672375
bw.blif,/home/ayush/abc/blif/bw.blif,0,0,292.0,285,1755,1998.0,892.0,292.0,285,1755,1998.0,892.0,,,,,,,,
bw.blif,/home/ayush/abc/blif/bw.blif,1,0,292.0,285,1289,2614.0,1032.0,292.0,285,1755,1998.0,892.0,0.0,0,-466,0.7344729344729345,616.0,1.3083083083083082,140.0,1.15695067264574
bw.blif,/home/ayush/abc/blif/bw.blif,2,0,292.0,285,1119,2174.0,834.0,292.0,285,1755,1998.0,892.0,0.0,0,-636,0.6376068376068376,176.0,1.088088088088088,-58.0,0.9349775784753364
bw.blif,/home/ayush/abc/blif/bw.blif,3,0,292.0,285,889,2587.0,990.0,292.0,285,1755,1998.0,892.0,0.0,0,-866,0.5065527065527066,589.0,1.2947947947947949,98.0,1.109865470852018
c8.blif,/home/ayush/abc/blif/c8.blif,0,0,150.0,132,703,956.0,439.0,150.0,132,703,956.0,439.0,,,,,,,,
c8.blif,/home/ayush/abc/blif/c8.blif,1,0,150.0,132,519,1012.0,391.0,150.0,132,703,956.0,439.0,0.0,0,-184,0.7382645803698435,56.0,1.0585774058577406,-48.0,0.8906605922551253
c8.blif,/home/ayush/abc/blif/c8.blif,2,0,150.0,132,454,1277.0,493.0,150.0,132,703,956.0,439.0,0.0,0,-249,0.6458036984352774,321.0,1.3357740585774058,54.0,1.1230068337129842
c8.blif,/home/ayush/abc/blif/c8.blif,3,0,150.0,132,365,1204.0,476.0,150.0,132,703,956.0,439.0,0.0,0,-338,0.519203413940256,248.0,1.2594142259414225,37.0,1.0842824601366743
carry_chain.blif,/home/ayush/abc/blif/carry_chain.blif,0,0,,,,,,,,,,,,,,,,,,
carry_chain.blif,/home/ayush/abc/blif/carry_chain.blif,1,0,,,,,,,,,,,,,,,,,,
carry_chain.blif,/home/ayush/abc/blif/carry_chain.blif,2,0,,,,,,,,,,,,,,,,,,
carry_chain.blif,/home/ayush/abc/blif/carry_chain.blif,3,0,,,,,,,,,,,,,,,,,,
cc.blif,/home/ayush/abc/blif/cc.blif,0,0,63.0,54,285,513.0,227.0,63.0,54,285,513.0,227.0,,,,,,,,
cc.blif,/home/ayush/abc/blif/cc.blif,1,0,63.0,54,227,530.0,199.0,63.0,54,285,513.0,227.0,0.0,0,-58,0.7964912280701755,17.0,1.0331384015594542,-28.0,0.8766519823788547
cc.blif,/home/ayush/abc/blif/cc.blif,2,0,63.0,54,195,496.0,183.0,63.0,54,285,513.0,227.0,0.0,0,-90,0.6842105263157895,-17.0,0.9668615984405458,-44.0,0.8061674008810573
cc.blif,/home/ayush/abc/blif/cc.blif,3,0,63.0,54,163,512.0,194.0,63.0,54,285,513.0,227.0,0.0,0,-122,0.5719298245614035,-1.0,0.9980506822612085,-33.0,0.8546255506607929
cht.blif,/home/ayush/abc/blif/cht.blif,0,0,161.0,156,505,800.0,477.0,161.0,156,505,800.0,477.0,,,,,,,,
cht.blif,/home/ayush/abc/blif/cht.blif,1,0,161.0,156,493,863.0,476.0,161.0,156,505,800.0,477.0,0.0,0,-12,0.9762376237623762,63.0,1.07875,-1.0,0.9979035639412998
cht.blif,/home/ayush/abc/blif/cht.blif,2,0,161.0,156,458,753.0,410.0,161.0,156,505,800.0,477.0,0.0,0,-47,0.906930693069307,-47.0,0.94125,-67.0,0.859538784067086
cht.blif,/home/ayush/abc/blif/cht.blif,3,0,161.0,156,394,821.0,450.0,161.0,156,505,800.0,477.0,0.0,0,-111,0.7801980198019802,21.0,1.02625,-27.0,0.9433962264150944
clip.blif,/home/ayush/abc/blif/clip.blif,0,0,306.0,292,2201,2422.0,1026.0,306.0,292,2201,2422.0,1026.0,,,,,,,,
clip.blif,/home/ayush/abc/blif/clip.blif,1,0,306.0,292,1409,3350.0,1221.0,306.0,292,2201,2422.0,1026.0,0.0,0,-792,0.6401635620172649,928.0,1.3831544178364987,195.0,1.1900584795321638
clip.blif,/home/ayush/abc/blif/clip.blif,2,0,306.0,292,1202,2789.0,1025.0,306.0,292,2201,2422.0,1026.0,0.0,0,-999,0.5461154020899591,367.0,1.1515276630883566,-1.0,0.9990253411306043
clip.blif,/home/ayush/abc/blif/clip.blif,3,0,306.0,292,949,2763.0,1020.0,306.0,292,2201,2422.0,1026.0,0.0,0,-1252,0.4311676510676965,341.0,1.1407927332782823,-6.0,0.9941520467836257
clma.blif,/home/ayush/abc/blif/clma.blif,0,0,16219.0,16019,192390,255075.0,125383.0,16219.0,16019,192390,255075.0,125383.0,,,,,,,,
clma.blif,/home/ayush/abc/blif/clma.blif,1,0,16219.0,16020,105433,265237.0,113951.0,16219.0,16019,192390,255075.0,125383.0,0.0,1,-86957,0.548017048703155,10162.0,1.039839262961874,-11432.0,0.9088233652089996
clma.blif,/home/ayush/abc/blif/clma.blif,2,0,16219.0,16020,83981,330721.0,133431.0,16219.0,16019,192390,255075.0,125383.0,0.0,1,-108409,0.43651437184884867,75646.0,1.2965637557581104,8048.0,1.0641873300208162
clma.blif,/home/ayush/abc/blif/clma.blif,3,0,16219.0,16020,60647,308707.0,127488.0,16219.0,16019,192390,255075.0,125383.0,0.0,1,-131743,0.3152294817817974,53632.0,1.2102597275311182,2105.0,1.0167885598526116
clma.pre-vpr.blif,/home/ayush/abc/blif/clma.pre-vpr.blif,0,0,10714.0,10496,144102,180752.0,83982.0,10714.0,10496,144102,180752.0,83982.0,,,,,,,,
clma.pre-vpr.blif,/home/ayush/abc/blif/clma.pre-vpr.blif,1,0,10714.0,10496,74708,219280.0,86068.0,10714.0,10496,144102,180752.0,83982.0,0.0,0,-69394,0.5184383284062678,38528.0,1.213153934672922,2086.0,1.0248386559024554
clma.pre-vpr.blif,/home/ayush/abc/blif/clma.pre-vpr.blif,2,0,10714.0,10496,57930,222806.0,84864.0,10714.0,10496,144102,180752.0,83982.0,0.0,0,-86172,0.402006911770829,42054.0,1.2326613260157564,882.0,1.0105022504822463
clma.pre-vpr.blif,/home/ayush/abc/blif/clma.pre-vpr.blif,3,0,10714.0,10496,40238,238637.0,73096.0,10714.0,10496,144102,180752.0,83982.0,0.0,0,-103864,0.27923276567986566,57885.0,1.3202454191378241,-10886.0,0.8703769855445215
clma.wiremap_area.blif,/home/ayush/abc/blif/clma.wiremap_area.blif,0,0,9933.0,9738,139241,159132.0,73557.0,9933.0,9738,139241,159132.0,73557.0,,,,,,,,
clma.wiremap_area.blif,/home/ayush/abc/blif/clma.wiremap_area.blif,1,0,9933.0,9738,70910,195291.0,72249.0,9933.0,9738,139241,159132.0,73557.0,0.0,0,-68331,0.5092609217112776,36159.0,1.2272264535102932,-1308.0,0.9822178718544802
clma.wiremap_area.blif,/home/ayush/abc/blif/clma.wiremap_area.blif,2,0,9933.0,9738,54832,175565.0,66138.0,9933.0,9738,139241,159132.0,73557.0,0.0,0,-84409,0.3937920583736112,16433.0,1.1032664706030213,-7419.0,0.8991394428810311
clma.wiremap_area.blif,/home/ayush/abc/blif/clma.wiremap_area.blif,3,0,9934.0,9739,37569,185518.0,67792.0,9933.0,9738,139241,159132.0,73557.0,1.0,1,-101672,0.2698127706638131,26386.0,1.1658120302641832,-5765.0,0.9216254061476135
clma.wiremap_depth.blif,/home/ayush/abc/blif/clma.wiremap_depth.blif,0,0,10714.0,10496,144102,200976.0,89831.0,10714.0,10496,144102,200976.0,89831.0,,,,,,,,
clma.wiremap_depth.blif,/home/ayush/abc/blif/clma.wiremap_depth.blif,1,0,10714.0,10496,74708,239478.0,90587.0,10714.0,10496,144102,200976.0,89831.0,0.0,0,-69394,0.5184383284062678,38502.0,1.1915751134463817,756.0,1.0084158030078703
clma.wiremap_depth.blif,/home/ayush/abc/blif/clma.wiremap_depth.blif,2,0,10714.0,10496,57930,181426.0,70064.0,10714.0,10496,144102,200976.0,89831.0,0.0,0,-86172,0.402006911770829,-19550.0,0.9027247034471778,-19767.0,0.7799534681791364
clma.wiremap_depth.blif,/home/ayush/abc/blif/clma.wiremap_depth.blif,3,0,10714.0,10496,40238,227484.0,83767.0,10714.0,10496,144102,200976.0,89831.0,0.0,0,-103864,0.27923276567986566,26508.0,1.1318963458323381,-6064.0,0.9324954637040666
clock_aliases.blif,/home/ayush/abc/blif/clock_aliases.blif,0,0,18.0,15,121,297.0,105.0,18.0,15,121,297.0,105.0,,,,,,,,
clock_aliases.blif,/home/ayush/abc/blif/clock_aliases.blif,1,0,18.0,15,120,310.0,104.0,18.0,15,121,297.0,105.0,0.0,0,-1,0.9917355371900827,13.0,1.0437710437710437,-1.0,0.9904761904761905
clock_aliases.blif,/home/ayush/abc/blif/clock_aliases.blif,2,0,18.0,15,113,320.0,101.0,18.0,15,121,297.0,105.0,0.0,0,-8,0.9338842975206612,23.0,1.0774410774410774,-4.0,0.9619047619047619
clock_aliases.blif,/home/ayush/abc/blif/clock_aliases.blif,3,0,18.0,15,90,320.0,104.0,18.0,15,121,297.0,105.0,0.0,0,-31,0.743801652892562,23.0,1.0774410774410774,-1.0,0.9904761904761905
clock_set_delay_aliases.blif,/home/ayush/abc/blif/clock_set_delay_aliases.blif,0,0,14.0,10,48,223.0,82.0,14.0,10,48,223.0,82.0,,,,,,,,
clock_set_delay_aliases.blif,/home/ayush/abc/blif/clock_set_delay_aliases.blif,1,0,14.0,10,48,208.0,70.0,14.0,10,48,223.0,82.0,0.0,0,0,1.0,-15.0,0.9327354260089686,-12.0,0.8536585365853658
clock_set_delay_aliases.blif,/home/ayush/abc/blif/clock_set_delay_aliases.blif,2,0,14.0,10,48,233.0,80.0,14.0,10,48,223.0,82.0,0.0,0,0,1.0,10.0,1.0448430493273542,-2.0,0.975609756097561
clock_set_delay_aliases.blif,/home/ayush/abc/blif/clock_set_delay_aliases.blif,3,0,14.0,10,48,233.0,84.0,14.0,10,48,223.0,82.0,0.0,0,0,1.0,10.0,1.0448430493273542,2.0,1.024390243902439
cm138a.blif,/home/ayush/abc/blif/cm138a.blif,0,0,25.0,22,87,196.0,64.0,25.0,22,87,196.0,64.0,,,,,,,,
cm138a.blif,/home/ayush/abc/blif/cm138a.blif,1,0,25.0,22,87,214.0,61.0,25.0,22,87,196.0,64.0,0.0,0,0,1.0,18.0,1.0918367346938775,-3.0,0.953125
cm138a.blif,/home/ayush/abc/blif/cm138a.blif,2,0,25.0,22,71,216.0,62.0,25.0,22,87,196.0,64.0,0.0,0,-16,0.8160919540229885,20.0,1.1020408163265305,-2.0,0.96875
cm138a.blif,/home/ayush/abc/blif/cm138a.blif,3,0,25.0,22,55,243.0,71.0,25.0,22,87,196.0,64.0,0.0,0,-32,0.632183908045977,47.0,1.239795918367347,7.0,1.109375
cm150a.blif,/home/ayush/abc/blif/cm150a.blif,0,0,90.0,80,421,656.0,336.0,90.0,80,421,656.0,336.0,,,,,,,,
cm150a.blif,/home/ayush/abc/blif/cm150a.blif,1,0,90.0,80,316,831.0,342.0,90.0,80,421,656.0,336.0,0.0,0,-105,0.7505938242280285,175.0,1.266768292682927,6.0,1.0178571428571428
cm150a.blif,/home/ayush/abc/blif/cm150a.blif,2,0,90.0,80,274,754.0,340.0,90.0,80,421,656.0,336.0,0.0,0,-147,0.6508313539192399,98.0,1.149390243902439,4.0,1.0119047619047619
cm150a.blif,/home/ayush/abc/blif/cm150a.blif,3,0,90.0,80,220,851.0,395.0,90.0,80,421,656.0,336.0,0.0,0,-201,0.5225653206650831,195.0,1.2972560975609757,59.0,1.1755952380952381
cm151a.blif,/home/ayush/abc/blif/cm151a.blif,0,0,26.0,23,134,237.0,73.0,26.0,23,134,237.0,73.0,,,,,,,,
cm151a.blif,/home/ayush/abc/blif/cm151a.blif,1,0,26.0,23,92,314.0,85.0,26.0,23,134,237.0,73.0,0.0,0,-42,0.6865671641791045,77.0,1.3248945147679325,12.0,1.1643835616438356
cm151a.blif,/home/ayush/abc/blif/cm151a.blif,2,0,26.0,23,80,313.0,85.0,26.0,23,134,237.0,73.0,0.0,0,-54,0.5970149253731343,76.0,1.3206751054852321,12.0,1.1643835616438356
cm151a.blif,/home/ayush/abc/blif/cm151a.blif,3,0,26.0,23,64,296.0,79.0,26.0,23,134,237.0,73.0,0.0,0,-70,0.47761194029850745,59.0,1.248945147679325,6.0,1.082191780821918
cm152a.blif,/home/ayush/abc/blif/cm152a.blif,0,0,23.0,21,125,265.0,87.0,23.0,21,125,265.0,87.0,,,,,,,,
cm152a.blif,/home/ayush/abc/blif/cm152a.blif,1,0,23.0,21,84,299.0,87.0,23.0,21,125,265.0,87.0,0.0,0,-41,0.672,34.0,1.1283018867924528,0.0,1.0
cm152a.blif,/home/ayush/abc/blif/cm152a.blif,2,0,23.0,21,74,279.0,79.0,23.0,21,125,265.0,87.0,0.0,0,-51,0.592,14.0,1.0528301886792453,-8.0,0.9080459770114943
cm152a.blif,/home/ayush/abc/blif/cm152a.blif,3,0,23.0,21,60,400.0,116.0,23.0,21,125,265.0,87.0,0.0,0,-65,0.48,135.0,1.509433962264151,29.0,1.3333333333333333
cm162a.blif,/home/ayush/abc/blif/cm162a.blif,0,0,59.0,55,313,472.0,205.0,59.0,55,313,472.0,205.0,,,,,,,,
cm162a.blif,/home/ayush/abc/blif/cm162a.blif,1,0,59.0,55,234,615.0,238.0,59.0,55,313,472.0,205.0,0.0,0,-79,0.7476038338658147,143.0,1.3029661016949152,33.0,1.1609756097560975
cm162a.blif,/home/ayush/abc/blif/cm162a.blif,2,0,59.0,55,205,547.0,210.0,59.0,55,313,472.0,205.0,0.0,0,-108,0.6549520766773163,75.0,1.1588983050847457,5.0,1.024390243902439
cm162a.blif,/home/ayush/abc/blif/cm162a.blif,3,0,59.0,55,163,603.0,231.0,59.0,55,313,472.0,205.0,0.0,0,-150,0.5207667731629393,131.0,1.277542372881356,26.0,1.1268292682926828
cm163a.blif,/home/ayush/abc/blif/cm163a.blif,0,0,42.0,39,196,402.0,167.0,42.0,39,196,402.0,167.0,,,,,,,,
cm163a.blif,/home/ayush/abc/blif/cm163a.blif,1,0,42.0,39,158,425.0,147.0,42.0,39,196,402.0,167.0,0.0,0,-38,0.8061224489795918,23.0,1.0572139303482586,-20.0,0.8802395209580839
cm163a.blif,/home/ayush/abc/blif/cm163a.blif,2,0,42.0,39,136,369.0,126.0,42.0,39,196,402.0,167.0,0.0,0,-60,0.6938775510204082,-33.0,0.917910447761194,-41.0,0.7544910179640718
cm163a.blif,/home/ayush/abc/blif/cm163a.blif,3,0,42.0,39,106,385.0,130.0,42.0,39,196,402.0,167.0,0.0,0,-90,0.5408163265306123,-17.0,0.9577114427860697,-37.0,0.7784431137724551
cm42a.blif,/home/ayush/abc/blif/cm42a.blif,0,0,19.0,17,47,162.0,44.0,19.0,17,47,162.0,44.0,,,,,,,,
cm42a.blif,/home/ayush/abc/blif/cm42a.blif,1,0,19.0,17,47,181.0,45.0,19.0,17,47,162.0,44.0,0.0,0,0,1.0,19.0,1.117283950617284,1.0,1.0227272727272727
cm42a.blif,/home/ayush/abc/blif/cm42a.blif,2,0,19.0,17,47,190.0,48.0,19.0,17,47,162.0,44.0,0.0,0,0,1.0,28.0,1.1728395061728396,4.0,1.0909090909090908
cm42a.blif,/home/ayush/abc/blif/cm42a.blif,3,0,19.0,17,47,199.0,50.0,19.0,17,47,162.0,44.0,0.0,0,0,1.0,37.0,1.228395061728395,6.0,1.1363636363636365
cm82a.blif,/home/ayush/abc/blif/cm82a.blif,0,0,21.0,19,138,288.0,94.0,21.0,19,138,288.0,94.0,,,,,,,,
cm82a.blif,/home/ayush/abc/blif/cm82a.blif,1,0,21.0,19,85,367.0,108.0,21.0,19,138,288.0,94.0,0.0,0,-53,0.6159420289855072,79.0,1.2743055555555556,14.0,1.148936170212766
cm82a.blif,/home/ayush/abc/blif/cm82a.blif,2,0,21.0,19,73,351.0,109.0,21.0,19,138,288.0,94.0,0.0,0,-65,0.5289855072463768,63.0,1.21875,15.0,1.1595744680851063
cm82a.blif,/home/ayush/abc/blif/cm82a.blif,3,0,21.0,19,59,355.0,114.0,21.0,19,138,288.0,94.0,0.0,0,-79,0.427536231884058,67.0,1.2326388888888888,20.0,1.2127659574468086
cm85a.blif,/home/ayush/abc/blif/cm85a.blif,0,0,40.0,36,218,398.0,157.0,40.0,36,218,398.0,157.0,,,,,,,,
cm85a.blif,/home/ayush/abc/blif/cm85a.blif,1,0,40.0,36,162,449.0,157.0,40.0,36,218,398.0,157.0,0.0,0,-56,0.7431192660550459,51.0,1.1281407035175879,0.0,1.0
cm85a.blif,/home/ayush/abc/blif/cm85a.blif,2,0,40.0,36,144,433.0,153.0,40.0,36,218,398.0,157.0,0.0,0,-74,0.6605504587155964,35.0,1.0879396984924623,-4.0,0.9745222929936306
cm85a.blif,/home/ayush/abc/blif/cm85a.blif,3,0,40.0,36,112,509.0,176.0,40.0,36,218,398.0,157.0,0.0,0,-106,0.5137614678899083,111.0,1.278894472361809,19.0,1.1210191082802548
cmb.blif,/home/ayush/abc/blif/cmb.blif,0,0,58.0,49,256,371.0,159.0,58.0,49,256,371.0,159.0,,,,,,,,
cmb.blif,/home/ayush/abc/blif/cmb.blif,1,0,58.0,49,179,524.0,196.0,58.0,49,256,371.0,159.0,0.0,0,-77,0.69921875,153.0,1.412398921832884,37.0,1.2327044025157232
cmb.blif,/home/ayush/abc/blif/cmb.blif,2,0,58.0,49,157,592.0,209.0,58.0,49,256,371.0,159.0,0.0,0,-99,0.61328125,221.0,1.5956873315363882,50.0,1.3144654088050314
cmb.blif,/home/ayush/abc/blif/cmb.blif,3,0,58.0,49,135,424.0,154.0,58.0,49,256,371.0,159.0,0.0,0,-121,0.52734375,53.0,1.1428571428571428,-5.0,0.9685534591194969
combinational.blif,/home/ayush/abc/blif/combinational.blif,0,0,2.0,1,1,112.0,9.0,2.0,1,1,112.0,9.0,,,,,,,,
combinational.blif,/home/ayush/abc/blif/combinational.blif,1,0,2.0,1,1,118.0,9.0,2.0,1,1,112.0,9.0,0.0,0,0,1.0,6.0,1.0535714285714286,0.0,1.0
combinational.blif,/home/ayush/abc/blif/combinational.blif,2,0,2.0,1,1,126.0,10.0,2.0,1,1,112.0,9.0,0.0,0,0,1.0,14.0,1.125,1.0,1.1111111111111112
combinational.blif,/home/ayush/abc/blif/combinational.blif,3,0,2.0,1,1,125.0,11.0,2.0,1,1,112.0,9.0,0.0,0,0,1.0,13.0,1.1160714285714286,2.0,1.2222222222222223
comp.blif,/home/ayush/abc/blif/comp.blif,0,0,147.0,125,1169,1530.0,580.0,147.0,125,1169,1530.0,580.0,,,,,,,,
comp.blif,/home/ayush/abc/blif/comp.blif,1,0,147.0,125,595,1823.0,564.0,147.0,125,1169,1530.0,580.0,0.0,0,-574,0.5089820359281437,293.0,1.1915032679738562,-16.0,0.9724137931034482
comp.blif,/home/ayush/abc/blif/comp.blif,2,0,147.0,125,489,1485.0,442.0,147.0,125,1169,1530.0,580.0,0.0,0,-680,0.41830624465355004,-45.0,0.9705882352941176,-138.0,0.7620689655172413
comp.blif,/home/ayush/abc/blif/comp.blif,3,0,147.0,125,377,1647.0,522.0,147.0,125,1169,1530.0,580.0,0.0,0,-792,0.32249786142001713,117.0,1.076470588235294,-58.0,0.9
complex_16_noc_1D_chain.blif,/home/ayush/abc/blif/complex_16_noc_1D_chain.blif,0,0,,,,,,,,,,,,,,,,,,
complex_16_noc_1D_chain.blif,/home/ayush/abc/blif/complex_16_noc_1D_chain.blif,1,0,,,,,,,,,,,,,,,,,,
complex_16_noc_1D_chain.blif,/home/ayush/abc/blif/complex_16_noc_1D_chain.blif,2,0,,,,,,,,,,,,,,,,,,
complex_16_noc_1D_chain.blif,/home/ayush/abc/blif/complex_16_noc_1D_chain.blif,3,0,,,,,,,,,,,,,,,,,,
complex_2_noc_1D_chain.blif,/home/ayush/abc/blif/complex_2_noc_1D_chain.blif,0,0,,,,,,,,,,,,,,,,,,
complex_2_noc_1D_chain.blif,/home/ayush/abc/blif/complex_2_noc_1D_chain.blif,1,0,,,,,,,,,,,,,,,,,,
complex_2_noc_1D_chain.blif,/home/ayush/abc/blif/complex_2_noc_1D_chain.blif,2,0,,,,,,,,,,,,,,,,,,
complex_2_noc_1D_chain.blif,/home/ayush/abc/blif/complex_2_noc_1D_chain.blif,3,0,,,,,,,,,,,,,,,,,,
complex_32_noc_clique.blif,/home/ayush/abc/blif/complex_32_noc_clique.blif,0,0,,,,,,,,,,,,,,,,,,
complex_32_noc_clique.blif,/home/ayush/abc/blif/complex_32_noc_clique.blif,1,0,,,,,,,,,,,,,,,,,,
complex_32_noc_clique.blif,/home/ayush/abc/blif/complex_32_noc_clique.blif,2,0,,,,,,,,,,,,,,,,,,
complex_32_noc_clique.blif,/home/ayush/abc/blif/complex_32_noc_clique.blif,3,0,,,,,,,,,,,,,,,,,,
complex_32_noc_star.blif,/home/ayush/abc/blif/complex_32_noc_star.blif,0,0,,,,,,,,,,,,,,,,,,
complex_32_noc_star.blif,/home/ayush/abc/blif/complex_32_noc_star.blif,1,0,,,,,,,,,,,,,,,,,,
complex_32_noc_star.blif,/home/ayush/abc/blif/complex_32_noc_star.blif,2,0,,,,,,,,,,,,,,,,,,
complex_32_noc_star.blif,/home/ayush/abc/blif/complex_32_noc_star.blif,3,0,,,,,,,,,,,,,,,,,,
complex_4_noc_1D_chain.blif,/home/ayush/abc/blif/complex_4_noc_1D_chain.blif,0,0,,,,,,,,,,,,,,,,,,
complex_4_noc_1D_chain.blif,/home/ayush/abc/blif/complex_4_noc_1D_chain.blif,1,0,,,,,,,,,,,,,,,,,,
complex_4_noc_1D_chain.blif,/home/ayush/abc/blif/complex_4_noc_1D_chain.blif,2,0,,,,,,,,,,,,,,,,,,
complex_4_noc_1D_chain.blif,/home/ayush/abc/blif/complex_4_noc_1D_chain.blif,3,0,,,,,,,,,,,,,,,,,,
complex_64_noc_clique.blif,/home/ayush/abc/blif/complex_64_noc_clique.blif,0,0,,,,,,,,,,,,,,,,,,
complex_64_noc_clique.blif,/home/ayush/abc/blif/complex_64_noc_clique.blif,1,0,,,,,,,,,,,,,,,,,,
complex_64_noc_clique.blif,/home/ayush/abc/blif/complex_64_noc_clique.blif,2,0,,,,,,,,,,,,,,,,,,
complex_64_noc_clique.blif,/home/ayush/abc/blif/complex_64_noc_clique.blif,3,0,,,,,,,,,,,,,,,,,,
complex_64_noc_nearest_neighbor.blif,/home/ayush/abc/blif/complex_64_noc_nearest_neighbor.blif,0,0,,,,,,,,,,,,,,,,,,
complex_64_noc_nearest_neighbor.blif,/home/ayush/abc/blif/complex_64_noc_nearest_neighbor.blif,1,0,,,,,,,,,,,,,,,,,,
complex_64_noc_nearest_neighbor.blif,/home/ayush/abc/blif/complex_64_noc_nearest_neighbor.blif,2,0,,,,,,,,,,,,,,,,,,
complex_64_noc_nearest_neighbor.blif,/home/ayush/abc/blif/complex_64_noc_nearest_neighbor.blif,3,0,,,,,,,,,,,,,,,,,,
complex_64_noc_star.blif,/home/ayush/abc/blif/complex_64_noc_star.blif,0,0,,,,,,,,,,,,,,,,,,
complex_64_noc_star.blif,/home/ayush/abc/blif/complex_64_noc_star.blif,1,0,,,,,,,,,,,,,,,,,,
complex_64_noc_star.blif,/home/ayush/abc/blif/complex_64_noc_star.blif,2,0,,,,,,,,,,,,,,,,,,
complex_64_noc_star.blif,/home/ayush/abc/blif/complex_64_noc_star.blif,3,0,,,,,,,,,,,,,,,,,,
complex_8_noc_1D_chain.blif,/home/ayush/abc/blif/complex_8_noc_1D_chain.blif,0,0,,,,,,,,,,,,,,,,,,
complex_8_noc_1D_chain.blif,/home/ayush/abc/blif/complex_8_noc_1D_chain.blif,1,0,,,,,,,,,,,,,,,,,,
complex_8_noc_1D_chain.blif,/home/ayush/abc/blif/complex_8_noc_1D_chain.blif,2,0,,,,,,,,,,,,,,,,,,
complex_8_noc_1D_chain.blif,/home/ayush/abc/blif/complex_8_noc_1D_chain.blif,3,0,,,,,,,,,,,,,,,,,,
con1.blif,/home/ayush/abc/blif/con1.blif,0,0,18.0,17,77,204.0,60.0,18.0,17,77,204.0,60.0,,,,,,,,
con1.blif,/home/ayush/abc/blif/con1.blif,1,0,18.0,17,53,238.0,68.0,18.0,17,77,204.0,60.0,0.0,0,-24,0.6883116883116883,34.0,1.1666666666666667,8.0,1.1333333333333333
con1.blif,/home/ayush/abc/blif/con1.blif,2,0,18.0,17,47,251.0,71.0,18.0,17,77,204.0,60.0,0.0,0,-30,0.6103896103896104,47.0,1.2303921568627452,11.0,1.1833333333333333
con1.blif,/home/ayush/abc/blif/con1.blif,3,0,18.0,17,40,290.0,83.0,18.0,17,77,204.0,60.0,0.0,0,-37,0.5194805194805194,86.0,1.4215686274509804,23.0,1.3833333333333333
const_false.blif,/home/ayush/abc/blif/const_false.blif,0,0,0.0,0,0,85.0,2.0,0.0,0,0,85.0,2.0,,,,,,,,
const_false.blif,/home/ayush/abc/blif/const_false.blif,1,0,0.0,0,0,76.0,2.0,0.0,0,0,85.0,2.0,0.0,0,0,,-9.0,0.8941176470588236,0.0,1.0
const_false.blif,/home/ayush/abc/blif/const_false.blif,2,0,0.0,0,0,79.0,2.0,0.0,0,0,85.0,2.0,0.0,0,0,,-6.0,0.9294117647058824,0.0,1.0
const_false.blif,/home/ayush/abc/blif/const_false.blif,3,0,0.0,0,0,101.0,2.0,0.0,0,0,85.0,2.0,0.0,0,0,,16.0,1.188235294117647,0.0,1.0
const_true.blif,/home/ayush/abc/blif/const_true.blif,0,0,0.0,0,0,75.0,2.0,0.0,0,0,75.0,2.0,,,,,,,,
const_true.blif,/home/ayush/abc/blif/const_true.blif,1,0,0.0,0,0,91.0,2.0,0.0,0,0,75.0,2.0,0.0,0,0,,16.0,1.2133333333333334,0.0,1.0
const_true.blif,/home/ayush/abc/blif/const_true.blif,2,0,0.0,0,0,94.0,2.0,0.0,0,0,75.0,2.0,0.0,0,0,,19.0,1.2533333333333334,0.0,1.0
const_true.blif,/home/ayush/abc/blif/const_true.blif,3,0,0.0,0,0,82.0,2.0,0.0,0,0,75.0,2.0,0.0,0,0,,7.0,1.0933333333333333,0.0,1.0
constant_outputs_only.blif,/home/ayush/abc/blif/constant_outputs_only.blif,0,0,0.0,0,0,125.0,3.0,0.0,0,0,125.0,3.0,,,,,,,,
constant_outputs_only.blif,/home/ayush/abc/blif/constant_outputs_only.blif,1,0,0.0,0,0,88.0,2.0,0.0,0,0,125.0,3.0,0.0,0,0,,-37.0,0.704,-1.0,0.6666666666666666
constant_outputs_only.blif,/home/ayush/abc/blif/constant_outputs_only.blif,2,0,0.0,0,0,95.0,2.0,0.0,0,0,125.0,3.0,0.0,0,0,,-30.0,0.76,-1.0,0.6666666666666666
constant_outputs_only.blif,/home/ayush/abc/blif/constant_outputs_only.blif,3,0,0.0,0,0,99.0,2.0,0.0,0,0,125.0,3.0,0.0,0,0,,-26.0,0.792,-1.0,0.6666666666666666
cordic.blif,/home/ayush/abc/blif/cordic.blif,0,0,1291.0,1266,13485,14072.0,6326.0,1291.0,1266,13485,14072.0,6326.0,,,,,,,,
cordic.blif,/home/ayush/abc/blif/cordic.blif,1,0,1291.0,1266,7875,19825.0,7199.0,1291.0,1266,13485,14072.0,6326.0,0.0,0,-5610,0.5839822024471635,5753.0,1.4088260375213189,873.0,1.1380018969332912
cordic.blif,/home/ayush/abc/blif/cordic.blif,2,0,1291.0,1266,6373,18809.0,6797.0,1291.0,1266,13485,14072.0,6326.0,0.0,0,-7112,0.47259918427882835,4737.0,1.3366259238203524,471.0,1.074454631678786
cordic.blif,/home/ayush/abc/blif/cordic.blif,3,0,1291.0,1266,4698,20050.0,7137.0,1291.0,1266,13485,14072.0,6326.0,0.0,0,-8787,0.34838709677419355,5978.0,1.4248152359295054,811.0,1.128201074928865
count.blif,/home/ayush/abc/blif/count.blif,0,0,159.0,149,1034,1152.0,491.0,159.0,149,1034,1152.0,491.0,,,,,,,,
count.blif,/home/ayush/abc/blif/count.blif,1,0,159.0,149,777,1447.0,527.0,159.0,149,1034,1152.0,491.0,0.0,0,-257,0.7514506769825918,295.0,1.2560763888888888,36.0,1.0733197556008147
count.blif,/home/ayush/abc/blif/count.blif,2,0,159.0,149,633,1773.0,547.0,159.0,149,1034,1152.0,491.0,0.0,0,-401,0.6121856866537717,621.0,1.5390625,56.0,1.1140529531568228
count.blif,/home/ayush/abc/blif/count.blif,3,0,159.0,149,461,1401.0,499.0,159.0,149,1034,1152.0,491.0,0.0,0,-573,0.4458413926499033,249.0,1.2161458333333333,8.0,1.0162932790224033
cps.blif,/home/ayush/abc/blif/cps.blif,0,0,2017.0,1986,16112,20512.0,9101.0,2017.0,1986,16112,20512.0,9101.0,,,,,,,,
cps.blif,/home/ayush/abc/blif/cps.blif,1,0,2017.0,1986,10775,19132.0,8417.0,2017.0,1986,16112,20512.0,9101.0,0.0,0,-5337,0.6687562065541212,-1380.0,0.9327223088923557,-684.0,0.9248434237995825
cps.blif,/home/ayush/abc/blif/cps.blif,2,0,2017.0,1986,8949,20607.0,8280.0,2017.0,1986,16112,20512.0,9101.0,0.0,0,-7163,0.5554245283018868,95.0,1.0046314352574104,-821.0,0.9097901329524228
cps.blif,/home/ayush/abc/blif/cps.blif,3,0,2017.0,1986,6931,22863.0,10439.0,2017.0,1986,16112,20512.0,9101.0,0.0,0,-9181,0.43017626613704074,2351.0,1.1146158346333854,1338.0,1.1470168113394132
cse.blif,/home/ayush/abc/blif/cse.blif,0,0,237.0,228,1316,1924.0,1012.0,237.0,228,1316,1924.0,1012.0,,,,,,,,
cse.blif,/home/ayush/abc/blif/cse.blif,1,0,237.0,228,1042,1823.0,832.0,237.0,228,1316,1924.0,1012.0,0.0,0,-274,0.7917933130699089,-101.0,0.9475051975051975,-180.0,0.8221343873517787
cse.blif,/home/ayush/abc/blif/cse.blif,2,0,237.0,228,905,1963.0,899.0,237.0,228,1316,1924.0,1012.0,0.0,0,-411,0.6876899696048632,39.0,1.0202702702702702,-113.0,0.8883399209486166
cse.blif,/home/ayush/abc/blif/cse.blif,3,0,237.0,228,719,2224.0,1044.0,237.0,228,1316,1924.0,1012.0,0.0,0,-597,0.5463525835866262,300.0,1.155925155925156,32.0,1.0316205533596838
cu.blif,/home/ayush/abc/blif/cu.blif,0,0,76.0,68,275,463.0,228.0,76.0,68,275,463.0,228.0,,,,,,,,
cu.blif,/home/ayush/abc/blif/cu.blif,1,0,76.0,68,236,479.0,222.0,76.0,68,275,463.0,228.0,0.0,0,-39,0.8581818181818182,16.0,1.0345572354211663,-6.0,0.9736842105263158
cu.blif,/home/ayush/abc/blif/cu.blif,2,0,76.0,68,218,545.0,249.0,76.0,68,275,463.0,228.0,0.0,0,-57,0.7927272727272727,82.0,1.1771058315334773,21.0,1.0921052631578947
cu.blif,/home/ayush/abc/blif/cu.blif,3,0,76.0,68,192,595.0,264.0,76.0,68,275,463.0,228.0,0.0,0,-83,0.6981818181818182,132.0,1.285097192224622,36.0,1.1578947368421053
daio-rec.blif,/home/ayush/abc/blif/daio-rec.blif,0,0,850.0,748,7026,6203.0,2435.0,850.0,748,7026,6203.0,2435.0,,,,,,,,
daio-rec.blif,/home/ayush/abc/blif/daio-rec.blif,1,0,850.0,748,4553,7331.0,2350.0,850.0,748,7026,6203.0,2435.0,0.0,0,-2473,0.648021633931113,1128.0,1.1818474931484766,-85.0,0.9650924024640657
daio-rec.blif,/home/ayush/abc/blif/daio-rec.blif,2,0,850.0,748,3681,7510.0,2377.0,850.0,748,7026,6203.0,2435.0,0.0,0,-3345,0.5239111870196413,1307.0,1.2107044978236337,-58.0,0.9761806981519507
daio-rec.blif,/home/ayush/abc/blif/daio-rec.blif,3,0,850.0,748,2654,7393.0,2298.0,850.0,748,7026,6203.0,2435.0,0.0,0,-4372,0.3777398235126672,1190.0,1.191842656778978,-137.0,0.9437371663244353
daio.blif,/home/ayush/abc/blif/daio.blif,0,0,14.0,10,33,228.0,70.0,14.0,10,33,228.0,70.0,,,,,,,,
daio.blif,/home/ayush/abc/blif/daio.blif,1,0,14.0,10,33,219.0,57.0,14.0,10,33,228.0,70.0,0.0,0,0,1.0,-9.0,0.9605263157894737,-13.0,0.8142857142857143
daio.blif,/home/ayush/abc/blif/daio.blif,2,0,14.0,10,31,207.0,52.0,14.0,10,33,228.0,70.0,0.0,0,-2,0.9393939393939394,-21.0,0.9078947368421053,-18.0,0.7428571428571429
daio.blif,/home/ayush/abc/blif/daio.blif,3,0,14.0,10,26,203.0,55.0,14.0,10,33,228.0,70.0,0.0,0,-7,0.7878787878787878,-25.0,0.8903508771929824,-15.0,0.7857142857142857
dalu.blif,/home/ayush/abc/blif/dalu.blif,0,0,1366.0,1343,12339,14216.0,6344.0,1366.0,1343,12339,14216.0,6344.0,,,,,,,,
dalu.blif,/home/ayush/abc/blif/dalu.blif,1,0,1366.0,1343,7307,14793.0,5452.0,1366.0,1343,12339,14216.0,6344.0,0.0,0,-5032,0.5921873733689926,577.0,1.040588069780529,-892.0,0.8593947036569988
dalu.blif,/home/ayush/abc/blif/dalu.blif,2,0,1366.0,1343,6022,14996.0,5374.0,1366.0,1343,12339,14216.0,6344.0,0.0,0,-6317,0.48804603290380094,780.0,1.0548677546426561,-970.0,0.8470996216897856
dalu.blif,/home/ayush/abc/blif/dalu.blif,3,0,1366.0,1343,4427,14693.0,5177.0,1366.0,1343,12339,14216.0,6344.0,0.0,0,-7912,0.3587811005754113,477.0,1.0335537422622398,-1167.0,0.816046658259773
decod.blif,/home/ayush/abc/blif/decod.blif,0,0,47.0,44,132,232.0,93.0,47.0,44,132,232.0,93.0,,,,,,,,
decod.blif,/home/ayush/abc/blif/decod.blif,1,0,47.0,44,132,264.0,98.0,47.0,44,132,232.0,93.0,0.0,0,0,1.0,32.0,1.1379310344827587,5.0,1.053763440860215
decod.blif,/home/ayush/abc/blif/decod.blif,2,0,47.0,44,132,282.0,103.0,47.0,44,132,232.0,93.0,0.0,0,0,1.0,50.0,1.2155172413793103,10.0,1.10752688172043
decod.blif,/home/ayush/abc/blif/decod.blif,3,0,47.0,44,132,304.0,112.0,47.0,44,132,232.0,93.0,0.0,0,0,1.0,72.0,1.3103448275862069,19.0,1.2043010752688172
des.blif,/home/ayush/abc/blif/des.blif,0,0,5382.0,5296,97466,128832.0,41770.0,5382.0,5296,97466,128832.0,41770.0,,,,,,,,
des.blif,/home/ayush/abc/blif/des.blif,1,0,5384.0,5298,37110,152256.0,38312.0,5382.0,5296,97466,128832.0,41770.0,2.0,2,-60356,0.3807481583321363,23424.0,1.1818181818181819,-3458.0,0.9172133109887479
des.blif,/home/ayush/abc/blif/des.blif,2,0,5384.0,5298,28868,140780.0,33724.0,5382.0,5296,97466,128832.0,41770.0,2.0,2,-68598,0.29618533642500977,11948.0,1.0927409339294585,-8046.0,0.8073737131912856
des.blif,/home/ayush/abc/blif/des.blif,3,0,5384.0,5298,20448,137612.0,33129.0,5382.0,5296,97466,128832.0,41770.0,2.0,2,-77018,0.2097962366363655,8780.0,1.0681507699950323,-8641.0,0.7931290399808475
des.pre-vpr.blif,/home/ayush/abc/blif/des.pre-vpr.blif,0,0,3385.0,3288,54384,48812.0,16975.0,3385.0,3288,54384,48812.0,16975.0,,,,,,,,
des.pre-vpr.blif,/home/ayush/abc/blif/des.pre-vpr.blif,1,0,3385.0,3288,23487,72590.0,17929.0,3385.0,3288,54384,48812.0,16975.0,0.0,0,-30897,0.43187334510150044,23778.0,1.4871343112349422,954.0,1.05620029455081
des.pre-vpr.blif,/home/ayush/abc/blif/des.pre-vpr.blif,2,0,3385.0,3288,18082,73884.0,17572.0,3385.0,3288,54384,48812.0,16975.0,0.0,0,-36302,0.3324874963224478,25072.0,1.513644185855937,597.0,1.0351693667157584
des.pre-vpr.blif,/home/ayush/abc/blif/des.pre-vpr.blif,3,0,3385.0,3288,12671,54181.0,13265.0,3385.0,3288,54384,48812.0,16975.0,0.0,0,-41713,0.23299132097675787,5369.0,1.109993444235024,-3710.0,0.7814432989690722
des.wiremap_area.blif,/home/ayush/abc/blif/des.wiremap_area.blif,0,0,3356.0,3280,54255,58754.0,19892.0,3356.0,3280,54255,58754.0,19892.0,,,,,,,,
des.wiremap_area.blif,/home/ayush/abc/blif/des.wiremap_area.blif,1,0,3356.0,3280,23609,63112.0,17849.0,3356.0,3280,54255,58754.0,19892.0,0.0,0,-30646,0.43514883420882866,4358.0,1.074173673281819,-2043.0,0.8972953951337221
des.wiremap_area.blif,/home/ayush/abc/blif/des.wiremap_area.blif,2,0,3356.0,3280,18110,69285.0,15065.0,3356.0,3280,54255,58754.0,19892.0,0.0,0,-36145,0.3337941203575707,10531.0,1.1792388603329136,-4827.0,0.7573396340237282
des.wiremap_area.blif,/home/ayush/abc/blif/des.wiremap_area.blif,3,0,3356.0,3280,12603,64876.0,15003.0,3356.0,3280,54255,58754.0,19892.0,0.0,0,-41652,0.23229195465855682,6122.0,1.1041971610443544,-4889.0,0.7542228031369395
des.wiremap_depth.blif,/home/ayush/abc/blif/des.wiremap_depth.blif,0,0,3385.0,3288,54384,62923.0,21390.0,3385.0,3288,54384,62923.0,21390.0,,,,,,,,
des.wiremap_depth.blif,/home/ayush/abc/blif/des.wiremap_depth.blif,1,0,3385.0,3288,23487,72829.0,17703.0,3385.0,3288,54384,62923.0,21390.0,0.0,0,-30897,0.43187334510150044,9906.0,1.1574305103062472,-3687.0,0.8276297335203366
des.wiremap_depth.blif,/home/ayush/abc/blif/des.wiremap_depth.blif,2,0,3385.0,3288,18082,59326.0,15195.0,3385.0,3288,54384,62923.0,21390.0,0.0,0,-36302,0.3324874963224478,-3597.0,0.94283489344119,-6195.0,0.7103786816269285
des.wiremap_depth.blif,/home/ayush/abc/blif/des.wiremap_depth.blif,3,0,3385.0,3288,12671,66678.0,16624.0,3385.0,3288,54384,62923.0,21390.0,0.0,0,-41713,0.23299132097675787,3755.0,1.0596761120734866,-4766.0,0.7771856007480131
diffeq.blif,/home/ayush/abc/blif/diffeq.blif,0,0,3717.0,3435,32375,32362.0,13092.0,3717.0,3435,32375,32362.0,13092.0,,,,,,,,
diffeq.blif,/home/ayush/abc/blif/diffeq.blif,1,0,3717.0,3435,18891,44482.0,13817.0,3717.0,3435,32375,32362.0,13092.0,0.0,0,-13484,0.5835057915057915,12120.0,1.374513318089117,725.0,1.0553773296669722
diffeq.blif,/home/ayush/abc/blif/diffeq.blif,2,0,3717.0,3435,15561,34344.0,10639.0,3717.0,3435,32375,32362.0,13092.0,0.0,0,-16814,0.48064864864864865,1982.0,1.0612446696743094,-2453.0,0.8126336694164376
diffeq.blif,/home/ayush/abc/blif/diffeq.blif,3,0,3717.0,3435,11491,43199.0,13376.0,3717.0,3435,32375,32362.0,13092.0,0.0,0,-20884,0.3549343629343629,10837.0,1.3348680551263827,284.0,1.0216926367247174
diffeq.pre-vpr.blif,/home/ayush/abc/blif/diffeq.pre-vpr.blif,0,0,2874.0,2643,25863,27615.0,11009.0,2874.0,2643,25863,27615.0,11009.0,,,,,,,,
diffeq.pre-vpr.blif,/home/ayush/abc/blif/diffeq.pre-vpr.blif,1,0,2874.0,2643,15085,35325.0,10752.0,2874.0,2643,25863,27615.0,11009.0,0.0,0,-10778,0.5832656691025789,7710.0,1.2791960890820206,-257.0,0.9766554637115088
diffeq.pre-vpr.blif,/home/ayush/abc/blif/diffeq.pre-vpr.blif,2,0,2874.0,2643,12200,32735.0,10120.0,2874.0,2643,25863,27615.0,11009.0,0.0,0,-13663,0.4717163515446777,5120.0,1.1854064819844288,-889.0,0.9192478880915614
diffeq.pre-vpr.blif,/home/ayush/abc/blif/diffeq.pre-vpr.blif,3,0,2874.0,2643,8910,24291.0,6661.0,2874.0,2643,25863,27615.0,11009.0,0.0,0,-16953,0.3445075977264819,-3324.0,0.8796306355241716,-4348.0,0.6050504132982105
diffeq.wiremap_area.blif,/home/ayush/abc/blif/diffeq.wiremap_area.blif,0,0,2840.0,2619,25134,32723.0,11930.0,2840.0,2619,25134,32723.0,11930.0,,,,,,,,
diffeq.wiremap_area.blif,/home/ayush/abc/blif/diffeq.wiremap_area.blif,1,0,2841.0,2619,14471,28502.0,8468.0,2840.0,2619,25134,32723.0,11930.0,1.0,0,-10663,0.5757539587809342,-4221.0,0.8710081593985881,-3462.0,0.7098072087175189
diffeq.wiremap_area.blif,/home/ayush/abc/blif/diffeq.wiremap_area.blif,2,0,2841.0,2619,11874,31928.0,9236.0,2840.0,2619,25134,32723.0,11930.0,1.0,0,-13260,0.47242778706135113,-795.0,0.9757051615071968,-2694.0,0.7741827326068734
diffeq.wiremap_area.blif,/home/ayush/abc/blif/diffeq.wiremap_area.blif,3,0,2841.0,2619,8727,33532.0,8857.0,2840.0,2619,25134,32723.0,11930.0,1.0,0,-16407,0.3472189066603008,809.0,1.0247226721266387,-3073.0,0.7424140821458508
diffeq.wiremap_depth.blif,/home/ayush/abc/blif/diffeq.wiremap_depth.blif,0,0,2874.0,2643,25863,25408.0,10759.0,2874.0,2643,25863,25408.0,10759.0,,,,,,,,
diffeq.wiremap_depth.blif,/home/ayush/abc/blif/diffeq.wiremap_depth.blif,1,0,2874.0,2643,15085,33851.0,9715.0,2874.0,2643,25863,25408.0,10759.0,0.0,0,-10778,0.5832656691025789,8443.0,1.3322969143576826,-1044.0,0.9029649595687331
diffeq.wiremap_depth.blif,/home/ayush/abc/blif/diffeq.wiremap_depth.blif,2,0,2874.0,2643,12200,25932.0,7613.0,2874.0,2643,25863,25408.0,10759.0,0.0,0,-13663,0.4717163515446777,524.0,1.0206234256926952,-3146.0,0.7075936425318338
diffeq.wiremap_depth.blif,/home/ayush/abc/blif/diffeq.wiremap_depth.blif,3,0,2874.0,2643,8910,32951.0,9870.0,2874.0,2643,25863,25408.0,10759.0,0.0,0,-16953,0.3445075977264819,7543.0,1.296875,-889.0,0.9173715029277814
dk14.blif,/home/ayush/abc/blif/dk14.blif,0,0,117.0,111,625,589.0,258.0,117.0,111,625,589.0,258.0,,,,,,,,
dk14.blif,/home/ayush/abc/blif/dk14.blif,1,0,117.0,111,491,949.0,354.0,117.0,111,625,589.0,258.0,0.0,0,-134,0.7856,360.0,1.6112054329371817,96.0,1.372093023255814
dk14.blif,/home/ayush/abc/blif/dk14.blif,2,0,117.0,111,426,929.0,363.0,117.0,111,625,589.0,258.0,0.0,0,-199,0.6816,340.0,1.5772495755517826,105.0,1.4069767441860466
dk14.blif,/home/ayush/abc/blif/dk14.blif,3,0,117.0,111,332,882.0,349.0,117.0,111,625,589.0,258.0,0.0,0,-293,0.5312,293.0,1.497453310696095,91.0,1.3527131782945736
dk15.blif,/home/ayush/abc/blif/dk15.blif,0,0,68.0,63,327,485.0,197.0,68.0,63,327,485.0,197.0,,,,,,,,
dk15.blif,/home/ayush/abc/blif/dk15.blif,1,0,68.0,63,245,540.0,199.0,68.0,63,327,485.0,197.0,0.0,0,-82,0.7492354740061162,55.0,1.1134020618556701,2.0,1.0101522842639594
dk15.blif,/home/ayush/abc/blif/dk15.blif,2,0,68.0,63,214,592.0,218.0,68.0,63,327,485.0,197.0,0.0,0,-113,0.654434250764526,107.0,1.220618556701031,21.0,1.1065989847715736
dk15.blif,/home/ayush/abc/blif/dk15.blif,3,0,68.0,63,170,697.0,253.0,68.0,63,327,485.0,197.0,0.0,0,-157,0.5198776758409785,212.0,1.4371134020618557,56.0,1.284263959390863
dk16.blif,/home/ayush/abc/blif/dk16.blif,0,0,246.0,239,1461,1776.0,852.0,246.0,239,1461,1776.0,852.0,,,,,,,,
dk16.blif,/home/ayush/abc/blif/dk16.blif,1,0,246.0,239,1123,1876.0,756.0,246.0,239,1461,1776.0,852.0,0.0,0,-338,0.7686516084873375,100.0,1.0563063063063063,-96.0,0.8873239436619719
dk16.blif,/home/ayush/abc/blif/dk16.blif,2,0,246.0,239,963,2091.0,876.0,246.0,239,1461,1776.0,852.0,0.0,0,-498,0.6591375770020534,315.0,1.177364864864865,24.0,1.028169014084507
dk16.blif,/home/ayush/abc/blif/dk16.blif,3,0,246.0,239,749,1945.0,816.0,246.0,239,1461,1776.0,852.0,0.0,0,-712,0.5126625598904859,169.0,1.0951576576576576,-36.0,0.9577464788732394
dk17.blif,/home/ayush/abc/blif/dk17.blif,0,0,48.0,44,213,345.0,137.0,48.0,44,213,345.0,137.0,,,,,,,,
dk17.blif,/home/ayush/abc/blif/dk17.blif,1,0,48.0,44,166,469.0,172.0,48.0,44,213,345.0,137.0,0.0,0,-47,0.7793427230046949,124.0,1.3594202898550725,35.0,1.2554744525547445
dk17.blif,/home/ayush/abc/blif/dk17.blif,2,0,48.0,44,153,400.0,146.0,48.0,44,213,345.0,137.0,0.0,0,-60,0.7183098591549296,55.0,1.1594202898550725,9.0,1.0656934306569343
dk17.blif,/home/ayush/abc/blif/dk17.blif,3,0,48.0,44,127,416.0,147.0,48.0,44,213,345.0,137.0,0.0,0,-86,0.596244131455399,71.0,1.2057971014492754,10.0,1.072992700729927
dk27.blif,/home/ayush/abc/blif/dk27.blif,0,0,19.0,18,59,189.0,64.0,19.0,18,59,189.0,64.0,,,,,,,,
dk27.blif,/home/ayush/abc/blif/dk27.blif,1,0,19.0,18,56,238.0,64.0,19.0,18,59,189.0,64.0,0.0,0,-3,0.9491525423728814,49.0,1.2592592592592593,0.0,1.0
dk27.blif,/home/ayush/abc/blif/dk27.blif,2,0,19.0,18,52,233.0,67.0,19.0,18,59,189.0,64.0,0.0,0,-7,0.8813559322033898,44.0,1.2328042328042328,3.0,1.046875
dk27.blif,/home/ayush/abc/blif/dk27.blif,3,0,19.0,18,44,247.0,75.0,19.0,18,59,189.0,64.0,0.0,0,-15,0.7457627118644068,58.0,1.306878306878307,11.0,1.171875
dk512.blif,/home/ayush/abc/blif/dk512.blif,0,0,51.0,47,205,521.0,223.0,51.0,47,205,521.0,223.0,,,,,,,,
dk512.blif,/home/ayush/abc/blif/dk512.blif,1,0,51.0,47,160,418.0,159.0,51.0,47,205,521.0,223.0,0.0,0,-45,0.7804878048780488,-103.0,0.8023032629558541,-64.0,0.7130044843049327
dk512.blif,/home/ayush/abc/blif/dk512.blif,2,0,51.0,47,147,414.0,153.0,51.0,47,205,521.0,223.0,0.0,0,-58,0.7170731707317073,-107.0,0.7946257197696737,-70.0,0.6860986547085202
dk512.blif,/home/ayush/abc/blif/dk512.blif,3,0,51.0,47,120,422.0,156.0,51.0,47,205,521.0,223.0,0.0,0,-85,0.5853658536585366,-99.0,0.8099808061420346,-67.0,0.6995515695067265
dsip.blif,/home/ayush/abc/blif/dsip.blif,0,0,5875.0,5676,49081,42742.0,23642.0,5875.0,5676,49081,42742.0,23642.0,,,,,,,,
dsip.blif,/home/ayush/abc/blif/dsip.blif,1,0,5875.0,5676,31260,55498.0,28371.0,5875.0,5676,49081,42742.0,23642.0,0.0,0,-17821,0.6369063385016606,12756.0,1.298441813672734,4729.0,1.2000253785635733
dsip.blif,/home/ayush/abc/blif/dsip.blif,2,0,5875.0,5676,25834,60371.0,27821.0,5875.0,5676,49081,42742.0,23642.0,0.0,0,-23247,0.5263543937572585,17629.0,1.4124514529034673,4179.0,1.1767616952880466
dsip.blif,/home/ayush/abc/blif/dsip.blif,3,0,5875.0,5676,19494,43586.0,20058.0,5875.0,5676,49081,42742.0,23642.0,0.0,0,-29587,0.39718017155314683,844.0,1.019746385288475,-3584.0,0.8484053802554775
dsip.pre-vpr.blif,/home/ayush/abc/blif/dsip.pre-vpr.blif,0,0,3189.0,2991,26639,17047.0,8595.0,3189.0,2991,26639,17047.0,8595.0,,,,,,,,
dsip.pre-vpr.blif,/home/ayush/abc/blif/dsip.pre-vpr.blif,1,0,3189.0,2991,17147,23280.0,9495.0,3189.0,2991,26639,17047.0,8595.0,0.0,0,-9492,0.6436803183302676,6233.0,1.3656361823194696,900.0,1.1047120418848169
dsip.pre-vpr.blif,/home/ayush/abc/blif/dsip.pre-vpr.blif,2,0,3189.0,2991,13961,23338.0,9097.0,3189.0,2991,26639,17047.0,8595.0,0.0,0,-12678,0.5240812342805661,6291.0,1.3690385405056609,502.0,1.0584060500290866
dsip.pre-vpr.blif,/home/ayush/abc/blif/dsip.pre-vpr.blif,3,0,3189.0,2991,10531,22889.0,8842.0,3189.0,2991,26639,17047.0,8595.0,0.0,0,-16108,0.3953226472465183,5842.0,1.3426995952366985,247.0,1.028737638161722
dsip.wiremap_area.blif,/home/ayush/abc/blif/dsip.wiremap_area.blif,0,0,3189.0,2991,25601,16762.0,8969.0,3189.0,2991,25601,16762.0,8969.0,,,,,,,,
dsip.wiremap_area.blif,/home/ayush/abc/blif/dsip.wiremap_area.blif,1,0,3189.0,2991,17147,27930.0,11926.0,3189.0,2991,25601,16762.0,8969.0,0.0,0,-8454,0.6697785242763955,11168.0,1.6662689416537406,2957.0,1.329691158434608
dsip.wiremap_area.blif,/home/ayush/abc/blif/dsip.wiremap_area.blif,2,0,3189.0,2991,13961,28467.0,11694.0,3189.0,2991,25601,16762.0,8969.0,0.0,0,-11640,0.5453302605366978,11705.0,1.698305691444935,2725.0,1.3038242836436615
dsip.wiremap_area.blif,/home/ayush/abc/blif/dsip.wiremap_area.blif,3,0,3189.0,2991,10531,26831.0,11226.0,3189.0,2991,25601,16762.0,8969.0,0.0,0,-15070,0.4113511190969103,10069.0,1.6007039732728792,2257.0,1.2516445534619245
dsip.wiremap_depth.blif,/home/ayush/abc/blif/dsip.wiremap_depth.blif,0,0,3189.0,2991,26639,21708.0,11022.0,3189.0,2991,26639,21708.0,11022.0,,,,,,,,
dsip.wiremap_depth.blif,/home/ayush/abc/blif/dsip.wiremap_depth.blif,1,0,3189.0,2991,17147,28689.0,11874.0,3189.0,2991,26639,21708.0,11022.0,0.0,0,-9492,0.6436803183302676,6981.0,1.3215865118850194,852.0,1.0772999455634187
dsip.wiremap_depth.blif,/home/ayush/abc/blif/dsip.wiremap_depth.blif,2,0,3189.0,2991,13961,28571.0,11426.0,3189.0,2991,26639,21708.0,11022.0,0.0,0,-12678,0.5240812342805661,6863.0,1.3161507278422702,404.0,1.0366539647976774
dsip.wiremap_depth.blif,/home/ayush/abc/blif/dsip.wiremap_depth.blif,3,0,3189.0,2991,10531,20935.0,7693.0,3189.0,2991,26639,21708.0,11022.0,0.0,0,-16108,0.3953226472465183,-773.0,0.9643910079233462,-3329.0,0.6979677009617129
duke2.blif,/home/ayush/abc/blif/duke2.blif,0,0,694.0,675,4783,6539.0,3632.0,694.0,675,4783,6539.0,3632.0,,,,,,,,
duke2.blif,/home/ayush/abc/blif/duke2.blif,1,0,694.0,675,3213,5408.0,2201.0,694.0,675,4783,6539.0,3632.0,0.0,0,-1570,0.6717541292076102,-1131.0,0.827037773359841,-1431.0,0.6060022026431718
duke2.blif,/home/ayush/abc/blif/duke2.blif,2,0,694.0,675,2773,6353.0,2569.0,694.0,675,4783,6539.0,3632.0,0.0,0,-2010,0.5797616558645202,-186.0,0.9715552836825203,-1063.0,0.7073237885462555
duke2.blif,/home/ayush/abc/blif/duke2.blif,3,0,694.0,675,2267,6821.0,2740.0,694.0,675,4783,6539.0,3632.0,0.0,0,-2516,0.47397031151996655,282.0,1.0431258602232758,-892.0,0.7544052863436124
e64.blif,/home/ayush/abc/blif/e64.blif,0,0,783.0,730,5002,3839.0,1982.0,783.0,730,5002,3839.0,1982.0,,,,,,,,
e64.blif,/home/ayush/abc/blif/e64.blif,1,0,783.0,730,3436,4147.0,1775.0,783.0,730,5002,3839.0,1982.0,0.0,0,-1566,0.6869252299080368,308.0,1.0802292263610316,-207.0,0.8955600403632694
e64.blif,/home/ayush/abc/blif/e64.blif,2,0,783.0,730,2910,4970.0,2177.0,783.0,730,5002,3839.0,1982.0,0.0,0,-2092,0.5817672930827669,1131.0,1.2946079708257359,195.0,1.098385469223007
e64.blif,/home/ayush/abc/blif/e64.blif,3,0,783.0,730,2380,5422.0,2279.0,783.0,730,5002,3839.0,1982.0,0.0,0,-2622,0.47580967612954816,1583.0,1.4123469653555614,297.0,1.1498486377396568
ecc.blif,/home/ayush/abc/blif/ecc.blif,0,0,823.0,744,4712,6352.0,3076.0,823.0,744,4712,6352.0,3076.0,,,,,,,,
ecc.blif,/home/ayush/abc/blif/ecc.blif,1,0,823.0,744,3345,6499.0,2668.0,823.0,744,4712,6352.0,3076.0,0.0,0,-1367,0.7098896434634975,147.0,1.0231423173803527,-408.0,0.8673602080624188
ecc.blif,/home/ayush/abc/blif/ecc.blif,2,0,823.0,744,2834,6512.0,2684.0,823.0,744,4712,6352.0,3076.0,0.0,0,-1878,0.6014431239388794,160.0,1.0251889168765742,-392.0,0.8725617685305592
ecc.blif,/home/ayush/abc/blif/ecc.blif,3,0,823.0,744,2232,4683.0,1898.0,823.0,744,4712,6352.0,3076.0,0.0,0,-2480,0.47368421052631576,-1669.0,0.7372481108312342,-1178.0,0.61703511053316
elliptic.blif,/home/ayush/abc/blif/elliptic.blif,0,0,8192.0,7820,63581,77629.0,36079.0,8192.0,7820,63581,77629.0,36079.0,,,,,,,,
elliptic.blif,/home/ayush/abc/blif/elliptic.blif,1,0,8192.0,7820,41598,87684.0,34545.0,8192.0,7820,63581,77629.0,36079.0,0.0,0,-21983,0.6542520564319529,10055.0,1.1295263368071211,-1534.0,0.9574821918567588
elliptic.blif,/home/ayush/abc/blif/elliptic.blif,2,0,8192.0,7820,34334,81408.0,31451.0,8192.0,7820,63581,77629.0,36079.0,0.0,0,-29247,0.5400040892719523,3779.0,1.048680261242577,-4628.0,0.8717259347542892
elliptic.blif,/home/ayush/abc/blif/elliptic.blif,3,0,8192.0,7820,25408,84942.0,32143.0,8192.0,7820,63581,77629.0,36079.0,0.0,0,-38173,0.3996162375552445,7313.0,1.0942044854371433,-3936.0,0.8909060672413315
elliptic.pre-vpr.blif,/home/ayush/abc/blif/elliptic.pre-vpr.blif,0,0,6841.0,6468,60507,58092.0,25683.0,6841.0,6468,60507,58092.0,25683.0,,,,,,,,
elliptic.pre-vpr.blif,/home/ayush/abc/blif/elliptic.pre-vpr.blif,1,0,6841.0,6468,36402,76534.0,26761.0,6841.0,6468,60507,58092.0,25683.0,0.0,0,-24105,0.6016163419108533,18442.0,1.3174619568959582,1078.0,1.0419732897247207
elliptic.pre-vpr.blif,/home/ayush/abc/blif/elliptic.pre-vpr.blif,2,0,6841.0,6468,29118,77236.0,27224.0,6841.0,6468,60507,58092.0,25683.0,0.0,0,-31389,0.48123357628043034,19144.0,1.329546237003374,1541.0,1.0600007787252268
elliptic.pre-vpr.blif,/home/ayush/abc/blif/elliptic.pre-vpr.blif,3,0,6841.0,6468,21345,74226.0,25081.0,6841.0,6468,60507,58092.0,25683.0,0.0,0,-39162,0.352769101095741,16134.0,1.2777318735798389,-602.0,0.976560370673208
elliptic.wiremap_area.blif,/home/ayush/abc/blif/elliptic.wiremap_area.blif,0,0,6709.0,6423,60777,62389.0,27986.0,6709.0,6423,60777,62389.0,27986.0,,,,,,,,
elliptic.wiremap_area.blif,/home/ayush/abc/blif/elliptic.wiremap_area.blif,1,0,6709.0,6423,36081,72639.0,27441.0,6709.0,6423,60777,62389.0,27986.0,0.0,0,-24696,0.5936620761143195,10250.0,1.1642917822051964,-545.0,0.9805259772743514
elliptic.wiremap_area.blif,/home/ayush/abc/blif/elliptic.wiremap_area.blif,2,0,6709.0,6423,28982,79695.0,27668.0,6709.0,6423,60777,62389.0,27986.0,0.0,0,-31795,0.4768580219490926,17306.0,1.277388642228598,-318.0,0.9886371757307225
elliptic.wiremap_area.blif,/home/ayush/abc/blif/elliptic.wiremap_area.blif,3,0,6709.0,6423,21282,61635.0,21752.0,6709.0,6423,60777,62389.0,27986.0,0.0,0,-39495,0.35016535860605164,-754.0,0.9879145362163202,-6234.0,0.7772457657400129
elliptic.wiremap_depth.blif,/home/ayush/abc/blif/elliptic.wiremap_depth.blif,0,0,6841.0,6468,60507,59133.0,26240.0,6841.0,6468,60507,59133.0,26240.0,,,,,,,,
elliptic.wiremap_depth.blif,/home/ayush/abc/blif/elliptic.wiremap_depth.blif,1,0,6841.0,6468,36402,60727.0,22704.0,6841.0,6468,60507,59133.0,26240.0,0.0,0,-24105,0.6016163419108533,1594.0,1.026956183518509,-3536.0,0.8652439024390244
elliptic.wiremap_depth.blif,/home/ayush/abc/blif/elliptic.wiremap_depth.blif,2,0,6841.0,6468,29118,64544.0,23352.0,6841.0,6468,60507,59133.0,26240.0,0.0,0,-31389,0.48123357628043034,5411.0,1.0915055890957672,-2888.0,0.8899390243902439
elliptic.wiremap_depth.blif,/home/ayush/abc/blif/elliptic.wiremap_depth.blif,3,0,6841.0,6468,21345,65303.0,22341.0,6841.0,6468,60507,59133.0,26240.0,0.0,0,-39162,0.352769101095741,6170.0,1.1043410616745304,-3899.0,0.8514100609756098
equivalent.blif,/home/ayush/abc/blif/equivalent.blif,0,0,,,,,,,,,,,,,,,,,,
equivalent.blif,/home/ayush/abc/blif/equivalent.blif,1,0,,,,,,,,,,,,,,,,,,
equivalent.blif,/home/ayush/abc/blif/equivalent.blif,2,0,,,,,,,,,,,,,,,,,,
equivalent.blif,/home/ayush/abc/blif/equivalent.blif,3,0,,,,,,,,,,,,,,,,,,
ex1.blif,/home/ayush/abc/blif/ex1.blif,0,0,318.0,309,1793,2354.0,1125.0,318.0,309,1793,2354.0,1125.0,,,,,,,,
ex1.blif,/home/ayush/abc/blif/ex1.blif,1,0,318.0,309,1417,2406.0,1047.0,318.0,309,1793,2354.0,1125.0,0.0,0,-376,0.7902955939765756,52.0,1.022090059473237,-78.0,0.9306666666666666
ex1.blif,/home/ayush/abc/blif/ex1.blif,2,0,318.0,309,1231,2206.0,957.0,318.0,309,1793,2354.0,1125.0,0.0,0,-562,0.6865588399330731,-148.0,0.9371282922684792,-168.0,0.8506666666666667
ex1.blif,/home/ayush/abc/blif/ex1.blif,3,0,318.0,309,970,2165.0,927.0,318.0,309,1793,2354.0,1125.0,0.0,0,-823,0.5409927495817066,-189.0,0.9197111299915038,-198.0,0.824
ex1010.blif,/home/ayush/abc/blif/ex1010.blif,0,0,10211.0,10189,110512,167580.0,89290.0,10211.0,10189,110512,167580.0,89290.0,,,,,,,,
ex1010.blif,/home/ayush/abc/blif/ex1010.blif,1,0,10211.0,10189,67789,203685.0,92280.0,10211.0,10189,110512,167580.0,89290.0,0.0,0,-42723,0.6134084986245838,36105.0,1.2154493376297888,2990.0,1.0334863926531526
ex1010.blif,/home/ayush/abc/blif/ex1010.blif,2,0,10211.0,10189,54764,153304.0,68252.0,10211.0,10189,110512,167580.0,89290.0,0.0,0,-55748,0.49554799478789635,-14276.0,0.9148108366153479,-21038.0,0.7643857094859446
ex1010.blif,/home/ayush/abc/blif/ex1010.blif,3,0,10211.0,10189,39241,151193.0,66810.0,10211.0,10189,110512,167580.0,89290.0,0.0,0,-71271,0.35508361082959317,-16387.0,0.9022138680033417,-22480.0,0.7482360846679359
ex1010.pre-vpr.blif,/home/ayush/abc/blif/ex1010.pre-vpr.blif,0,0,9985.0,9921,135626,155741.0,76322.0,9985.0,9921,135626,155741.0,76322.0,,,,,,,,
ex1010.pre-vpr.blif,/home/ayush/abc/blif/ex1010.pre-vpr.blif,1,0,9985.0,9921,70877,180103.0,71046.0,9985.0,9921,135626,155741.0,76322.0,0.0,0,-64749,0.5225915384955687,24362.0,1.1564263745577594,-5276.0,0.9308718324991484
ex1010.pre-vpr.blif,/home/ayush/abc/blif/ex1010.pre-vpr.blif,2,0,9985.0,9921,55504,175243.0,70242.0,9985.0,9921,135626,155741.0,76322.0,0.0,0,-80122,0.40924306548891803,19502.0,1.125220719014261,-6080.0,0.9203375173606562
ex1010.pre-vpr.blif,/home/ayush/abc/blif/ex1010.pre-vpr.blif,3,0,9985.0,9921,38954,172085.0,67970.0,9985.0,9921,135626,155741.0,76322.0,0.0,0,-96672,0.28721631545573856,16344.0,1.1049434638277653,-8352.0,0.8905689054270066
ex1010.wiremap_area.blif,/home/ayush/abc/blif/ex1010.wiremap_area.blif,0,0,9379.0,9321,147297,214442.0,96804.0,9379.0,9321,147297,214442.0,96804.0,,,,,,,,
ex1010.wiremap_area.blif,/home/ayush/abc/blif/ex1010.wiremap_area.blif,1,0,9379.0,9321,69921,232264.0,87964.0,9379.0,9321,147297,214442.0,96804.0,0.0,0,-77376,0.47469398562088844,17822.0,1.0831087193740032,-8840.0,0.9086814594438246
ex1010.wiremap_area.blif,/home/ayush/abc/blif/ex1010.wiremap_area.blif,2,0,9379.0,9321,53924,229317.0,82553.0,9379.0,9321,147297,214442.0,96804.0,0.0,0,-93373,0.3660902801822169,14875.0,1.069366075675474,-14251.0,0.8527850088839304
ex1010.wiremap_area.blif,/home/ayush/abc/blif/ex1010.wiremap_area.blif,3,0,9379.0,9321,36678,238722.0,87524.0,9379.0,9321,147297,214442.0,96804.0,0.0,0,-110619,0.2490071080877411,24280.0,1.1132240885647402,-9280.0,0.9041361927193091
ex1010.wiremap_depth.blif,/home/ayush/abc/blif/ex1010.wiremap_depth.blif,0,0,9985.0,9921,135626,157701.0,76681.0,9985.0,9921,135626,157701.0,76681.0,,,,,,,,
ex1010.wiremap_depth.blif,/home/ayush/abc/blif/ex1010.wiremap_depth.blif,1,0,9985.0,9921,70877,196425.0,79282.0,9985.0,9921,135626,157701.0,76681.0,0.0,0,-64749,0.5225915384955687,38724.0,1.245553293891605,2601.0,1.0339197454388962
ex1010.wiremap_depth.blif,/home/ayush/abc/blif/ex1010.wiremap_depth.blif,2,0,9985.0,9921,55504,180439.0,71864.0,9985.0,9921,135626,157701.0,76681.0,0.0,0,-80122,0.40924306548891803,22738.0,1.144184247404899,-4817.0,0.9371813095812522
ex1010.wiremap_depth.blif,/home/ayush/abc/blif/ex1010.wiremap_depth.blif,3,0,9985.0,9921,38954,182025.0,72450.0,9985.0,9921,135626,157701.0,76681.0,0.0,0,-96672,0.28721631545573856,24324.0,1.1542412540186808,-4231.0,0.9448233591111227
ex4.blif,/home/ayush/abc/blif/ex4.blif,0,0,88.0,82,406,671.0,296.0,88.0,82,406,671.0,296.0,,,,,,,,
ex4.blif,/home/ayush/abc/blif/ex4.blif,1,0,88.0,82,315,710.0,280.0,88.0,82,406,671.0,296.0,0.0,0,-91,0.7758620689655172,39.0,1.0581222056631894,-16.0,0.9459459459459459
ex4.blif,/home/ayush/abc/blif/ex4.blif,2,0,88.0,82,283,812.0,316.0,88.0,82,406,671.0,296.0,0.0,0,-123,0.6970443349753694,141.0,1.2101341281669151,20.0,1.0675675675675675
ex4.blif,/home/ayush/abc/blif/ex4.blif,3,0,88.0,82,231,648.0,263.0,88.0,82,406,671.0,296.0,0.0,0,-175,0.5689655172413793,-23.0,0.9657228017883756,-33.0,0.8885135135135135
ex4p.blif,/home/ayush/abc/blif/ex4p.blif,0,0,957.0,908,5147,6077.0,3404.0,957.0,908,5147,6077.0,3404.0,,,,,,,,
ex4p.blif,/home/ayush/abc/blif/ex4p.blif,1,0,957.0,908,3795,7617.0,3838.0,957.0,908,5147,6077.0,3404.0,0.0,0,-1352,0.7373227122595687,1540.0,1.2534145137403323,434.0,1.127497062279671
ex4p.blif,/home/ayush/abc/blif/ex4p.blif,2,0,957.0,908,3398,8554.0,4181.0,957.0,908,5147,6077.0,3404.0,0.0,0,-1749,0.6601904021760249,2477.0,1.4076024354122099,777.0,1.2282608695652173
ex4p.blif,/home/ayush/abc/blif/ex4p.blif,3,0,957.0,908,2889,8027.0,3995.0,957.0,908,5147,6077.0,3404.0,0.0,0,-2258,0.5612978434039246,1950.0,1.3208820141517197,591.0,1.1736192714453584
ex5p.blif,/home/ayush/abc/blif/ex5p.blif,0,0,1583.0,1572,13067,13857.0,6619.0,1583.0,1572,13067,13857.0,6619.0,,,,,,,,
ex5p.blif,/home/ayush/abc/blif/ex5p.blif,1,0,1583.0,1572,8573,19484.0,7370.0,1583.0,1572,13067,13857.0,6619.0,0.0,0,-4494,0.6560802020356623,5627.0,1.4060763513025907,751.0,1.113461247922647
ex5p.blif,/home/ayush/abc/blif/ex5p.blif,2,0,1583.0,1572,7232,19280.0,6713.0,1583.0,1572,13067,13857.0,6619.0,0.0,0,-5835,0.5534552689982398,5423.0,1.3913545500469078,94.0,1.0142015410182807
ex5p.blif,/home/ayush/abc/blif/ex5p.blif,3,0,1583.0,1572,5532,14390.0,5128.0,1583.0,1572,13067,13857.0,6619.0,0.0,0,-7535,0.42335654702686154,533.0,1.0384643140650935,-1491.0,0.7747393866142922
ex5p.pre-vpr.blif,/home/ayush/abc/blif/ex5p.pre-vpr.blif,0,0,2303.0,2272,28588,34355.0,13188.0,2303.0,2272,28588,34355.0,13188.0,,,,,,,,
ex5p.pre-vpr.blif,/home/ayush/abc/blif/ex5p.pre-vpr.blif,1,0,2303.0,2272,15044,34723.0,9693.0,2303.0,2272,28588,34355.0,13188.0,0.0,0,-13544,0.5262347838253812,368.0,1.0107116867995924,-3495.0,0.7349863512283894
ex5p.pre-vpr.blif,/home/ayush/abc/blif/ex5p.pre-vpr.blif,2,0,2303.0,2272,11969,33683.0,9438.0,2303.0,2272,28588,34355.0,13188.0,0.0,0,-16619,0.418672170141318,-672.0,0.980439528452918,-3750.0,0.7156505914467698
ex5p.pre-vpr.blif,/home/ayush/abc/blif/ex5p.pre-vpr.blif,3,0,2303.0,2272,8592,34456.0,9453.0,2303.0,2272,28588,34355.0,13188.0,0.0,0,-19996,0.3005456835035679,101.0,1.0029398923009751,-3735.0,0.7167879890809827
ex5p.wiremap_area.blif,/home/ayush/abc/blif/ex5p.wiremap_area.blif,0,0,2223.0,2194,28372,39461.0,15003.0,2223.0,2194,28372,39461.0,15003.0,,,,,,,,
ex5p.wiremap_area.blif,/home/ayush/abc/blif/ex5p.wiremap_area.blif,1,0,2223.0,2194,15019,38213.0,11168.0,2223.0,2194,28372,39461.0,15003.0,0.0,0,-13353,0.529359932327647,-1248.0,0.9683738374597705,-3835.0,0.7443844564420449
ex5p.wiremap_area.blif,/home/ayush/abc/blif/ex5p.wiremap_area.blif,2,0,2223.0,2194,11869,31406.0,8758.0,2223.0,2194,28372,39461.0,15003.0,0.0,0,-16503,0.41833497814746934,-8055.0,0.7958744076429893,-6245.0,0.58374991668333
ex5p.wiremap_area.blif,/home/ayush/abc/blif/ex5p.wiremap_area.blif,3,0,2223.0,2194,8299,37635.0,10225.0,2223.0,2194,28372,39461.0,15003.0,0.0,0,-20073,0.292506696743268,-1826.0,0.9537264641037987,-4778.0,0.6815303605945477
ex5p.wiremap_depth.blif,/home/ayush/abc/blif/ex5p.wiremap_depth.blif,0,0,2303.0,2272,28588,36567.0,13714.0,2303.0,2272,28588,36567.0,13714.0,,,,,,,,
ex5p.wiremap_depth.blif,/home/ayush/abc/blif/ex5p.wiremap_depth.blif,1,0,2303.0,2272,15044,34744.0,10049.0,2303.0,2272,28588,36567.0,13714.0,0.0,0,-13544,0.5262347838253812,-1823.0,0.9501463067793365,-3665.0,0.7327548490593554
ex5p.wiremap_depth.blif,/home/ayush/abc/blif/ex5p.wiremap_depth.blif,2,0,2303.0,2272,11969,30799.0,8561.0,2303.0,2272,28588,36567.0,13714.0,0.0,0,-16619,0.418672170141318,-5768.0,0.8422621489320973,-5153.0,0.6242525885955957
ex5p.wiremap_depth.blif,/home/ayush/abc/blif/ex5p.wiremap_depth.blif,3,0,2303.0,2272,8592,31697.0,8817.0,2303.0,2272,28588,36567.0,13714.0,0.0,0,-19996,0.3005456835035679,-4870.0,0.8668198102113928,-4897.0,0.6429196441592533
ex6.blif,/home/ayush/abc/blif/ex6.blif,0,0,205.0,197,1150,1462.0,684.0,205.0,197,1150,1462.0,684.0,,,,,,,,
ex6.blif,/home/ayush/abc/blif/ex6.blif,1,0,205.0,197,906,2777.0,1210.0,205.0,197,1150,1462.0,684.0,0.0,0,-244,0.7878260869565218,1315.0,1.899452804377565,526.0,1.7690058479532165
ex6.blif,/home/ayush/abc/blif/ex6.blif,2,0,205.0,197,771,2309.0,973.0,205.0,197,1150,1462.0,684.0,0.0,0,-379,0.6704347826086956,847.0,1.579343365253078,289.0,1.422514619883041
ex6.blif,/home/ayush/abc/blif/ex6.blif,3,0,205.0,197,596,2081.0,875.0,205.0,197,1150,1462.0,684.0,0.0,0,-554,0.5182608695652174,619.0,1.423392612859097,191.0,1.2792397660818713
example2.blif,/home/ayush/abc/blif/example2.blif,0,0,372.0,356,1866,2034.0,1062.0,372.0,356,1866,2034.0,1062.0,,,,,,,,
example2.blif,/home/ayush/abc/blif/example2.blif,1,0,372.0,356,1488,2334.0,1092.0,372.0,356,1866,2034.0,1062.0,0.0,0,-378,0.797427652733119,300.0,1.1474926253687316,30.0,1.0282485875706215
example2.blif,/home/ayush/abc/blif/example2.blif,2,0,372.0,356,1327,2355.0,1086.0,372.0,356,1866,2034.0,1062.0,0.0,0,-539,0.7111468381564845,321.0,1.1578171091445428,24.0,1.0225988700564972
example2.blif,/home/ayush/abc/blif/example2.blif,3,0,372.0,356,1097,3224.0,1448.0,372.0,356,1866,2034.0,1062.0,0.0,0,-769,0.5878885316184351,1190.0,1.5850540806293019,386.0,1.3634651600753296
f51m.blif,/home/ayush/abc/blif/f51m.blif,0,0,148.0,141,866,1745.0,848.0,148.0,141,866,1745.0,848.0,,,,,,,,
f51m.blif,/home/ayush/abc/blif/f51m.blif,1,0,148.0,141,645,1333.0,549.0,148.0,141,866,1745.0,848.0,0.0,0,-221,0.7448036951501155,-412.0,0.7638968481375358,-299.0,0.6474056603773585
f51m.blif,/home/ayush/abc/blif/f51m.blif,2,0,148.0,141,545,1873.0,796.0,148.0,141,866,1745.0,848.0,0.0,0,-321,0.6293302540415704,128.0,1.0733524355300859,-52.0,0.9386792452830188
f51m.blif,/home/ayush/abc/blif/f51m.blif,3,0,148.0,141,417,1290.0,524.0,148.0,141,866,1745.0,848.0,0.0,0,-449,0.4815242494226328,-455.0,0.7392550143266475,-324.0,0.6179245283018868
false_path_mux.blif,/home/ayush/abc/blif/false_path_mux.blif,0,0,11.0,10,75,283.0,83.0,11.0,10,75,283.0,83.0,,,,,,,,
false_path_mux.blif,/home/ayush/abc/blif/false_path_mux.blif,1,0,11.0,10,54,319.0,72.0,11.0,10,75,283.0,83.0,0.0,0,-21,0.72,36.0,1.127208480565371,-11.0,0.8674698795180723
false_path_mux.blif,/home/ayush/abc/blif/false_path_mux.blif,2,0,11.0,10,45,319.0,73.0,11.0,10,75,283.0,83.0,0.0,0,-30,0.6,36.0,1.127208480565371,-10.0,0.8795180722891566
false_path_mux.blif,/home/ayush/abc/blif/false_path_mux.blif,3,0,11.0,10,34,300.0,66.0,11.0,10,75,283.0,83.0,0.0,0,-41,0.4533333333333333,17.0,1.0600706713780919,-17.0,0.7951807228915663
frg1.blif,/home/ayush/abc/blif/frg1.blif,0,0,129.0,111,599,1723.0,1031.0,129.0,111,599,1723.0,1031.0,,,,,,,,
frg1.blif,/home/ayush/abc/blif/frg1.blif,1,0,129.0,111,484,2220.0,1119.0,129.0,111,599,1723.0,1031.0,0.0,0,-115,0.8080133555926544,497.0,1.2884503772489844,88.0,1.0853540252182348
frg1.blif,/home/ayush/abc/blif/frg1.blif,2,0,129.0,111,413,1511.0,790.0,129.0,111,599,1723.0,1031.0,0.0,0,-186,0.6894824707846411,-212.0,0.8769587928032502,-241.0,0.7662463627546072
frg1.blif,/home/ayush/abc/blif/frg1.blif,3,0,129.0,111,319,1316.0,673.0,129.0,111,599,1723.0,1031.0,0.0,0,-280,0.5325542570951586,-407.0,0.7637840975043528,-358.0,0.6527643064985451
frg2.blif,/home/ayush/abc/blif/frg2.blif,0,0,904.0,850,7391,9383.0,3792.0,904.0,850,7391,9383.0,3792.0,,,,,,,,
frg2.blif,/home/ayush/abc/blif/frg2.blif,1,0,904.0,850,4961,8358.0,2834.0,904.0,850,7391,9383.0,3792.0,0.0,0,-2430,0.6712217561899607,-1025.0,0.8907598848982202,-958.0,0.7473628691983122
frg2.blif,/home/ayush/abc/blif/frg2.blif,2,0,904.0,850,4084,8084.0,2737.0,904.0,850,7391,9383.0,3792.0,0.0,0,-3307,0.552563929102963,-1299.0,0.8615581370563785,-1055.0,0.7217827004219409
frg2.blif,/home/ayush/abc/blif/frg2.blif,3,0,904.0,850,2983,9613.0,2991.0,904.0,850,7391,9383.0,3792.0,0.0,0,-4408,0.40359897172236503,230.0,1.0245124160716188,-801.0,0.7887658227848101
frisc.blif,/home/ayush/abc/blif/frisc.blif,0,0,9195.0,8737,101515,121482.0,48655.0,9195.0,8737,101515,121482.0,48655.0,,,,,,,,
frisc.blif,/home/ayush/abc/blif/frisc.blif,1,0,9195.0,8737,59447,115394.0,38763.0,9195.0,8737,101515,121482.0,48655.0,0.0,0,-42068,0.5855981874599813,-6088.0,0.9498855797566718,-9892.0,0.7966909875655123
frisc.blif,/home/ayush/abc/blif/frisc.blif,2,0,9195.0,8737,46961,121112.0,39659.0,9195.0,8737,101515,121482.0,48655.0,0.0,0,-54554,0.4626015859725164,-370.0,0.9969542812927018,-8996.0,0.8151063611139657
frisc.blif,/home/ayush/abc/blif/frisc.blif,3,0,9195.0,8737,33049,124077.0,39963.0,9195.0,8737,101515,121482.0,48655.0,0.0,0,-68466,0.325557799339999,2595.0,1.021361189311997,-8692.0,0.8213544342821909
frisc.pre-vpr.blif,/home/ayush/abc/blif/frisc.pre-vpr.blif,0,0,7483.0,7053,86787,97959.0,38272.0,7483.0,7053,86787,97959.0,38272.0,,,,,,,,
frisc.pre-vpr.blif,/home/ayush/abc/blif/frisc.pre-vpr.blif,1,0,7483.0,7053,49985,113712.0,36312.0,7483.0,7053,86787,97959.0,38272.0,0.0,0,-36802,0.5759503151393642,15753.0,1.160812176522831,-1960.0,0.9487876254180602
frisc.pre-vpr.blif,/home/ayush/abc/blif/frisc.pre-vpr.blif,2,0,7483.0,7053,38757,97178.0,31066.0,7483.0,7053,86787,97959.0,38272.0,0.0,0,-48030,0.4465761001071589,-781.0,0.9920272767178105,-7206.0,0.8117161371237458
frisc.pre-vpr.blif,/home/ayush/abc/blif/frisc.pre-vpr.blif,3,0,7483.0,7053,26744,121424.0,37415.0,7483.0,7053,86787,97959.0,38272.0,0.0,0,-60043,0.3081567515872193,23465.0,1.2395389908022745,-857.0,0.9776076505016722
frisc.wiremap_area.blif,/home/ayush/abc/blif/frisc.wiremap_area.blif,0,0,7389.0,7021,84754,103102.0,41737.0,7389.0,7021,84754,103102.0,41737.0,,,,,,,,
frisc.wiremap_area.blif,/home/ayush/abc/blif/frisc.wiremap_area.blif,1,0,7389.0,7021,49520,119221.0,37329.0,7389.0,7021,84754,103102.0,41737.0,0.0,0,-35234,0.5842792080609764,16119.0,1.1563403231751082,-4408.0,0.8943862759661692
frisc.wiremap_area.blif,/home/ayush/abc/blif/frisc.wiremap_area.blif,2,0,7389.0,7021,38531,98886.0,31836.0,7389.0,7021,84754,103102.0,41737.0,0.0,0,-46223,0.45462161077943225,-4216.0,0.95910845570406,-9901.0,0.7627764333804538
frisc.wiremap_area.blif,/home/ayush/abc/blif/frisc.wiremap_area.blif,3,0,7389.0,7021,26637,120291.0,38372.0,7389.0,7021,84754,103102.0,41737.0,0.0,0,-58117,0.31428605139580434,17189.0,1.1667183953754534,-3365.0,0.9193760931547548
frisc.wiremap_depth.blif,/home/ayush/abc/blif/frisc.wiremap_depth.blif,0,0,7483.0,7053,86787,83736.0,33631.0,7483.0,7053,86787,83736.0,33631.0,,,,,,,,
frisc.wiremap_depth.blif,/home/ayush/abc/blif/frisc.wiremap_depth.blif,1,0,7483.0,7053,49985,102685.0,33801.0,7483.0,7053,86787,83736.0,33631.0,0.0,0,-36802,0.5759503151393642,18949.0,1.226294544759721,170.0,1.0050548600993132
frisc.wiremap_depth.blif,/home/ayush/abc/blif/frisc.wiremap_depth.blif,2,0,7483.0,7053,38757,124460.0,37675.0,7483.0,7053,86787,83736.0,33631.0,0.0,0,-48030,0.4465761001071589,40724.0,1.4863380147129073,4044.0,1.1202462014213077
frisc.wiremap_depth.blif,/home/ayush/abc/blif/frisc.wiremap_depth.blif,3,0,7483.0,7053,26744,127233.0,39179.0,7483.0,7053,86787,83736.0,33631.0,0.0,0,-60043,0.3081567515872193,43497.0,1.5194539982803095,5548.0,1.1649668460646427
gcd.blif,/home/ayush/abc/blif/gcd.blif,0,0,891.0,815,7785,8074.0,2942.0,891.0,815,7785,8074.0,2942.0,,,,,,,,
gcd.blif,/home/ayush/abc/blif/gcd.blif,1,0,891.0,815,4969,9646.0,3101.0,891.0,815,7785,8074.0,2942.0,0.0,0,-2816,0.6382787411689146,1572.0,1.1946990339360912,159.0,1.0540448674371177
gcd.blif,/home/ayush/abc/blif/gcd.blif,2,0,891.0,815,4056,12967.0,4045.0,891.0,815,7785,8074.0,2942.0,0.0,0,-3729,0.5210019267822736,4893.0,1.6060193212781768,1103.0,1.3749150237933379
gcd.blif,/home/ayush/abc/blif/gcd.blif,3,0,891.0,815,2988,9413.0,2883.0,891.0,815,7785,8074.0,2942.0,0.0,0,-4797,0.3838150289017341,1339.0,1.1658409710180828,-59.0,0.9799456152277363
i1.blif,/home/ayush/abc/blif/i1.blif,0,0,45.0,38,128,638.0,276.0,45.0,38,128,638.0,276.0,,,,,,,,
i1.blif,/home/ayush/abc/blif/i1.blif,1,0,45.0,38,118,783.0,331.0,45.0,38,128,638.0,276.0,0.0,0,-10,0.921875,145.0,1.2272727272727273,55.0,1.1992753623188406
i1.blif,/home/ayush/abc/blif/i1.blif,2,0,45.0,38,110,445.0,179.0,45.0,38,128,638.0,276.0,0.0,0,-18,0.859375,-193.0,0.6974921630094044,-97.0,0.6485507246376812
i1.blif,/home/ayush/abc/blif/i1.blif,3,0,45.0,38,102,353.0,133.0,45.0,38,128,638.0,276.0,0.0,0,-26,0.796875,-285.0,0.5532915360501567,-143.0,0.48188405797101447
i10.blif,/home/ayush/abc/blif/i10.blif,0,0,4566.0,4266,44534,46953.0,19385.0,4566.0,4266,44534,46953.0,19385.0,,,,,,,,
i10.blif,/home/ayush/abc/blif/i10.blif,1,0,4566.0,4266,25473,58588.0,19905.0,4566.0,4266,44534,46953.0,19385.0,0.0,0,-19061,0.5719899402703552,11635.0,1.2478009924818436,520.0,1.02682486458602
i10.blif,/home/ayush/abc/blif/i10.blif,2,0,4566.0,4266,20854,75586.0,31566.0,4566.0,4266,44534,46953.0,19385.0,0.0,0,-23680,0.4682714330623793,28633.0,1.6098225885459927,12181.0,1.6283724529275212
i10.blif,/home/ayush/abc/blif/i10.blif,3,0,4551.0,4265,15422,83895.0,27483.0,4566.0,4266,44534,46953.0,19385.0,-15.0,-1,-29112,0.346297211119594,36942.0,1.7867867867867868,8098.0,1.4177456796492134
i2.blif,/home/ayush/abc/blif/i2.blif,0,0,216.0,215,1285,1906.0,1087.0,216.0,215,1285,1906.0,1087.0,,,,,,,,
i2.blif,/home/ayush/abc/blif/i2.blif,1,0,216.0,215,805,2212.0,1128.0,216.0,215,1285,1906.0,1087.0,0.0,0,-480,0.6264591439688716,306.0,1.1605456453305352,41.0,1.0377184912603497
i2.blif,/home/ayush/abc/blif/i2.blif,2,0,216.0,215,689,2307.0,1255.0,216.0,215,1285,1906.0,1087.0,0.0,0,-596,0.5361867704280155,401.0,1.2103882476390346,168.0,1.154553817847286
i2.blif,/home/ayush/abc/blif/i2.blif,3,0,216.0,215,564,2427.0,1322.0,216.0,215,1285,1906.0,1087.0,0.0,0,-721,0.43891050583657587,521.0,1.2733473242392446,235.0,1.2161913523459063
i3.blif,/home/ayush/abc/blif/i3.blif,0,0,126.0,126,682,1058.0,562.0,126.0,126,682,1058.0,562.0,,,,,,,,
i3.blif,/home/ayush/abc/blif/i3.blif,1,0,126.0,126,482,1028.0,487.0,126.0,126,682,1058.0,562.0,0.0,0,-200,0.7067448680351907,-30.0,0.9716446124763705,-75.0,0.8665480427046264
i3.blif,/home/ayush/abc/blif/i3.blif,2,0,126.0,126,394,855.0,400.0,126.0,126,682,1058.0,562.0,0.0,0,-288,0.5777126099706745,-203.0,0.8081285444234405,-162.0,0.7117437722419929
i3.blif,/home/ayush/abc/blif/i3.blif,3,0,126.0,126,306,904.0,417.0,126.0,126,682,1058.0,562.0,0.0,0,-376,0.44868035190615835,-154.0,0.8544423440453687,-145.0,0.7419928825622776
i4.blif,/home/ayush/abc/blif/i4.blif,0,0,188.0,188,916,1442.0,877.0,188.0,188,916,1442.0,877.0,,,,,,,,
i4.blif,/home/ayush/abc/blif/i4.blif,1,0,188.0,188,828,1619.0,896.0,188.0,188,916,1442.0,877.0,0.0,0,-88,0.9039301310043668,177.0,1.122746185852982,19.0,1.0216647662485747
i4.blif,/home/ayush/abc/blif/i4.blif,2,0,188.0,188,728,4051.0,2367.0,188.0,188,916,1442.0,877.0,0.0,0,-188,0.7947598253275109,2609.0,2.809292649098474,1490.0,2.6989737742303306
i4.blif,/home/ayush/abc/blif/i4.blif,3,0,188.0,188,519,2571.0,1420.0,188.0,188,916,1442.0,877.0,0.0,0,-397,0.5665938864628821,1129.0,1.7829403606102636,543.0,1.6191562143671607
i5.blif,/home/ayush/abc/blif/i5.blif,0,0,132.0,132,507,1546.0,892.0,132.0,132,507,1546.0,892.0,,,,,,,,
i5.blif,/home/ayush/abc/blif/i5.blif,1,0,132.0,132,507,1067.0,494.0,132.0,132,507,1546.0,892.0,0.0,0,0,1.0,-479.0,0.6901681759379042,-398.0,0.5538116591928252
i5.blif,/home/ayush/abc/blif/i5.blif,2,0,132.0,132,507,956.0,471.0,132.0,132,507,1546.0,892.0,0.0,0,0,1.0,-590.0,0.6183699870633894,-421.0,0.5280269058295964
i5.blif,/home/ayush/abc/blif/i5.blif,3,0,132.0,132,507,822.0,407.0,132.0,132,507,1546.0,892.0,0.0,0,0,1.0,-724.0,0.5316946959896507,-485.0,0.4562780269058296
i6.blif,/home/ayush/abc/blif/i6.blif,0,0,547.0,543,2265,4747.0,2849.0,547.0,543,2265,4747.0,2849.0,,,,,,,,
i6.blif,/home/ayush/abc/blif/i6.blif,1,0,547.0,543,1811,3433.0,2009.0,547.0,543,2265,4747.0,2849.0,0.0,0,-454,0.7995584988962472,-1314.0,0.7231935959553402,-840.0,0.7051597051597052
i6.blif,/home/ayush/abc/blif/i6.blif,2,0,547.0,543,1678,3619.0,2029.0,547.0,543,2265,4747.0,2849.0,0.0,0,-587,0.7408388520971303,-1128.0,0.7623762376237624,-820.0,0.7121797121797122
i6.blif,/home/ayush/abc/blif/i6.blif,3,0,547.0,543,1400,3383.0,1921.0,547.0,543,2265,4747.0,2849.0,0.0,0,-865,0.6181015452538632,-1364.0,0.7126606277649041,-928.0,0.6742716742716742
i7.blif,/home/ayush/abc/blif/i7.blif,0,0,683.0,679,3550,5944.0,3895.0,683.0,679,3550,5944.0,3895.0,,,,,,,,
i7.blif,/home/ayush/abc/blif/i7.blif,1,0,683.0,679,2442,3781.0,1893.0,683.0,679,3550,5944.0,3895.0,0.0,0,-1108,0.6878873239436619,-2163.0,0.6361036339165546,-2002.0,0.486007702182285
i7.blif,/home/ayush/abc/blif/i7.blif,2,0,683.0,679,2179,3850.0,1866.0,683.0,679,3550,5944.0,3895.0,0.0,0,-1371,0.6138028169014085,-2094.0,0.6477119784656796,-2029.0,0.4790757381258023
i7.blif,/home/ayush/abc/blif/i7.blif,3,0,683.0,679,1804,4219.0,1986.0,683.0,679,3550,5944.0,3895.0,0.0,0,-1746,0.508169014084507,-1725.0,0.7097913862718708,-1909.0,0.5098844672657253
i8.blif,/home/ayush/abc/blif/i8.blif,0,0,1211.0,1196,15756,13519.0,5106.0,1211.0,1196,15756,13519.0,5106.0,,,,,,,,
i8.blif,/home/ayush/abc/blif/i8.blif,1,0,1211.0,1196,7528,17462.0,4958.0,1211.0,1196,15756,13519.0,5106.0,0.0,0,-8228,0.4777862401624778,3943.0,1.2916635845846587,-148.0,0.9710144927536232
i8.blif,/home/ayush/abc/blif/i8.blif,2,0,1211.0,1196,6078,14876.0,4252.0,1211.0,1196,15756,13519.0,5106.0,0.0,0,-9678,0.3857578065498858,1357.0,1.100377246837784,-854.0,0.8327457892675284
i8.blif,/home/ayush/abc/blif/i8.blif,3,0,1211.0,1196,4539,14821.0,4049.0,1211.0,1196,15756,13519.0,5106.0,0.0,0,-11217,0.28808073115003807,1302.0,1.0963088985871736,-1057.0,0.7929886408147278
i9.blif,/home/ayush/abc/blif/i9.blif,0,0,657.0,652,9414,7524.0,2348.0,657.0,652,9414,7524.0,2348.0,,,,,,,,
i9.blif,/home/ayush/abc/blif/i9.blif,1,0,657.0,652,4662,9759.0,2271.0,657.0,652,9414,7524.0,2348.0,0.0,0,-4752,0.49521988527724664,2235.0,1.297049441786284,-77.0,0.967206132879046
i9.blif,/home/ayush/abc/blif/i9.blif,2,0,657.0,652,3655,7553.0,1680.0,657.0,652,9414,7524.0,2348.0,0.0,0,-5759,0.38825154025918845,29.0,1.0038543328017013,-668.0,0.7155025553662692
i9.blif,/home/ayush/abc/blif/i9.blif,3,0,657.0,652,2505,9200.0,1985.0,657.0,652,9414,7524.0,2348.0,0.0,0,-6909,0.2660930528999363,1676.0,1.2227538543328016,-363.0,0.8454003407155025
inc.blif,/home/ayush/abc/blif/inc.blif,0,0,156.0,148,899,1557.0,696.0,156.0,148,899,1557.0,696.0,,,,,,,,
inc.blif,/home/ayush/abc/blif/inc.blif,1,0,156.0,148,674,1614.0,563.0,156.0,148,899,1557.0,696.0,0.0,0,-225,0.7497219132369299,57.0,1.0366088631984585,-133.0,0.8089080459770115
inc.blif,/home/ayush/abc/blif/inc.blif,2,0,156.0,148,579,1657.0,651.0,156.0,148,899,1557.0,696.0,0.0,0,-320,0.6440489432703004,100.0,1.0642260757867694,-45.0,0.9353448275862069
inc.blif,/home/ayush/abc/blif/inc.blif,3,0,156.0,148,456,1501.0,600.0,156.0,148,899,1557.0,696.0,0.0,0,-443,0.5072302558398221,-56.0,0.9640333975594091,-96.0,0.8620689655172413
k2.blif,/home/ayush/abc/blif/k2.blif,0,0,1392.0,1359,11917,14914.0,6293.0,1392.0,1359,11917,14914.0,6293.0,,,,,,,,
k2.blif,/home/ayush/abc/blif/k2.blif,1,0,1392.0,1359,7276,19068.0,6961.0,1392.0,1359,11917,14914.0,6293.0,0.0,0,-4641,0.6105563480741797,4154.0,1.2785302400429126,668.0,1.1061496901318926
k2.blif,/home/ayush/abc/blif/k2.blif,2,0,1392.0,1359,6110,18629.0,6343.0,1392.0,1359,11917,14914.0,6293.0,0.0,0,-5807,0.5127129311068221,3715.0,1.249094810245407,50.0,1.0079453360877164
k2.blif,/home/ayush/abc/blif/k2.blif,3,0,1392.0,1359,4796,17165.0,5799.0,1392.0,1359,11917,14914.0,6293.0,0.0,0,-7121,0.4024502811110179,2251.0,1.1509320101917662,-494.0,0.9215000794533609
keyb.blif,/home/ayush/abc/blif/keyb.blif,0,0,324.0,312,1832,3187.0,1548.0,324.0,312,1832,3187.0,1548.0,,,,,,,,
keyb.blif,/home/ayush/abc/blif/keyb.blif,1,0,324.0,312,1411,2514.0,1172.0,324.0,312,1832,3187.0,1548.0,0.0,0,-421,0.7701965065502183,-673.0,0.7888296203326012,-376.0,0.7571059431524548
keyb.blif,/home/ayush/abc/blif/keyb.blif,2,0,324.0,312,1231,2503.0,1118.0,324.0,312,1832,3187.0,1548.0,0.0,0,-601,0.6719432314410481,-684.0,0.7853780985252589,-430.0,0.7222222222222222
keyb.blif,/home/ayush/abc/blif/keyb.blif,3,0,324.0,312,991,2796.0,1163.0,324.0,312,1832,3187.0,1548.0,0.0,0,-841,0.540938864628821,-391.0,0.8773140884844681,-385.0,0.7512919896640827
lal.blif,/home/ayush/abc/blif/lal.blif,0,0,118.0,103,629,813.0,362.0,118.0,103,629,813.0,362.0,,,,,,,,
lal.blif,/home/ayush/abc/blif/lal.blif,1,0,118.0,103,478,989.0,393.0,118.0,103,629,813.0,362.0,0.0,0,-151,0.7599364069952306,176.0,1.2164821648216482,31.0,1.0856353591160222
lal.blif,/home/ayush/abc/blif/lal.blif,2,0,118.0,103,417,1089.0,478.0,118.0,103,629,813.0,362.0,0.0,0,-212,0.6629570747217806,276.0,1.3394833948339484,116.0,1.3204419889502763
lal.blif,/home/ayush/abc/blif/lal.blif,3,0,118.0,103,328,1151.0,453.0,118.0,103,629,813.0,362.0,0.0,0,-301,0.5214626391096979,338.0,1.4157441574415743,91.0,1.2513812154696133
ldd.blif,/home/ayush/abc/blif/ldd.blif,0,0,114.0,108,656,1085.0,476.0,114.0,108,656,1085.0,476.0,,,,,,,,
ldd.blif,/home/ayush/abc/blif/ldd.blif,1,0,114.0,108,479,1226.0,453.0,114.0,108,656,1085.0,476.0,0.0,0,-177,0.7301829268292683,141.0,1.1299539170506911,-23.0,0.9516806722689075
ldd.blif,/home/ayush/abc/blif/ldd.blif,2,0,114.0,108,425,870.0,323.0,114.0,108,656,1085.0,476.0,0.0,0,-231,0.6478658536585366,-215.0,0.8018433179723502,-153.0,0.6785714285714286
ldd.blif,/home/ayush/abc/blif/ldd.blif,3,0,114.0,108,340,887.0,326.0,114.0,108,656,1085.0,476.0,0.0,0,-316,0.5182926829268293,-198.0,0.8175115207373271,-150.0,0.6848739495798319
lion.blif,/home/ayush/abc/blif/lion.blif,0,0,13.0,12,29,189.0,53.0,13.0,12,29,189.0,53.0,,,,,,,,
lion.blif,/home/ayush/abc/blif/lion.blif,1,0,13.0,12,29,223.0,59.0,13.0,12,29,189.0,53.0,0.0,0,0,1.0,34.0,1.17989417989418,6.0,1.1132075471698113
lion.blif,/home/ayush/abc/blif/lion.blif,2,0,13.0,12,27,219.0,61.0,13.0,12,29,189.0,53.0,0.0,0,-2,0.9310344827586207,30.0,1.1587301587301588,8.0,1.150943396226415
lion.blif,/home/ayush/abc/blif/lion.blif,3,0,13.0,12,25,209.0,53.0,13.0,12,29,189.0,53.0,0.0,0,-4,0.8620689655172413,20.0,1.1058201058201058,0.0,1.0
majority.blif,/home/ayush/abc/blif/majority.blif,0,0,8.0,8,33,221.0,46.0,8.0,8,33,221.0,46.0,,,,,,,,
majority.blif,/home/ayush/abc/blif/majority.blif,1,0,8.0,8,26,184.0,38.0,8.0,8,33,221.0,46.0,0.0,0,-7,0.7878787878787878,-37.0,0.832579185520362,-8.0,0.8260869565217391
majority.blif,/home/ayush/abc/blif/majority.blif,2,0,8.0,8,24,197.0,40.0,8.0,8,33,221.0,46.0,0.0,0,-9,0.7272727272727273,-24.0,0.8914027149321267,-6.0,0.8695652173913043
majority.blif,/home/ayush/abc/blif/majority.blif,3,0,8.0,8,21,188.0,37.0,8.0,8,33,221.0,46.0,0.0,0,-12,0.6363636363636364,-33.0,0.8506787330316742,-9.0,0.8043478260869565
mark1.blif,/home/ayush/abc/blif/mark1.blif,0,0,70.0,62,275,594.0,265.0,70.0,62,275,594.0,265.0,,,,,,,,
mark1.blif,/home/ayush/abc/blif/mark1.blif,1,0,70.0,62,223,699.0,294.0,70.0,62,275,594.0,265.0,0.0,0,-52,0.8109090909090909,105.0,1.1767676767676767,29.0,1.109433962264151
mark1.blif,/home/ayush/abc/blif/mark1.blif,2,0,70.0,62,196,593.0,240.0,70.0,62,275,594.0,265.0,0.0,0,-79,0.7127272727272728,-1.0,0.9983164983164983,-25.0,0.9056603773584906
mark1.blif,/home/ayush/abc/blif/mark1.blif,3,0,70.0,62,159,515.0,206.0,70.0,62,275,594.0,265.0,0.0,0,-116,0.5781818181818181,-79.0,0.867003367003367,-59.0,0.7773584905660378
mc.blif,/home/ayush/abc/blif/mc.blif,0,0,16.0,13,48,227.0,54.0,16.0,13,48,227.0,54.0,,,,,,,,
mc.blif,/home/ayush/abc/blif/mc.blif,1,0,16.0,13,40,240.0,65.0,16.0,13,48,227.0,54.0,0.0,0,-8,0.8333333333333334,13.0,1.0572687224669604,11.0,1.2037037037037037
mc.blif,/home/ayush/abc/blif/mc.blif,2,0,16.0,13,36,205.0,53.0,16.0,13,48,227.0,54.0,0.0,0,-12,0.75,-22.0,0.9030837004405287,-1.0,0.9814814814814815
mc.blif,/home/ayush/abc/blif/mc.blif,3,0,16.0,13,30,257.0,67.0,16.0,13,48,227.0,54.0,0.0,0,-18,0.625,30.0,1.13215859030837,13.0,1.2407407407407407
misex1.blif,/home/ayush/abc/blif/misex1.blif,0,0,66.0,61,348,632.0,247.0,66.0,61,348,632.0,247.0,,,,,,,,
misex1.blif,/home/ayush/abc/blif/misex1.blif,1,0,66.0,61,261,776.0,253.0,66.0,61,348,632.0,247.0,0.0,0,-87,0.75,144.0,1.2278481012658229,6.0,1.0242914979757085
misex1.blif,/home/ayush/abc/blif/misex1.blif,2,0,66.0,61,228,726.0,237.0,66.0,61,348,632.0,247.0,0.0,0,-120,0.6551724137931034,94.0,1.1487341772151898,-10.0,0.9595141700404858
misex1.blif,/home/ayush/abc/blif/misex1.blif,3,0,66.0,61,182,777.0,229.0,66.0,61,348,632.0,247.0,0.0,0,-166,0.5229885057471264,145.0,1.2294303797468353,-18.0,0.9271255060728745
misex2.blif,/home/ayush/abc/blif/misex2.blif,0,0,116.0,100,432,577.0,282.0,116.0,100,432,577.0,282.0,,,,,,,,
misex2.blif,/home/ayush/abc/blif/misex2.blif,1,0,116.0,100,372,627.0,279.0,116.0,100,432,577.0,282.0,0.0,0,-60,0.8611111111111112,50.0,1.0866551126516464,-3.0,0.9893617021276596
misex2.blif,/home/ayush/abc/blif/misex2.blif,2,0,116.0,100,342,685.0,295.0,116.0,100,432,577.0,282.0,0.0,0,-90,0.7916666666666666,108.0,1.1871750433275563,13.0,1.0460992907801419
misex2.blif,/home/ayush/abc/blif/misex2.blif,3,0,116.0,100,307,710.0,321.0,116.0,100,432,577.0,282.0,0.0,0,-125,0.7106481481481481,133.0,1.2305025996533796,39.0,1.1382978723404256
misex3.blif,/home/ayush/abc/blif/misex3.blif,0,0,3573.0,3544,27953,40036.0,21227.0,3573.0,3544,27953,40036.0,21227.0,,,,,,,,
misex3.blif,/home/ayush/abc/blif/misex3.blif,1,0,3573.0,3544,18183,38500.0,17801.0,3573.0,3544,27953,40036.0,21227.0,0.0,0,-9770,0.6504847422459128,-1536.0,0.9616345289239684,-3426.0,0.8386017807509304
misex3.blif,/home/ayush/abc/blif/misex3.blif,2,0,3573.0,3544,15611,38404.0,17554.0,3573.0,3544,27953,40036.0,21227.0,0.0,0,-12342,0.5584731513612134,-1632.0,0.9592366869817165,-3673.0,0.8269656569463419
misex3.blif,/home/ayush/abc/blif/misex3.blif,3,0,3573.0,3544,12695,40553.0,18338.0,3573.0,3544,27953,40036.0,21227.0,0.0,0,-15258,0.4541551890673631,517.0,1.012913377959836,-2889.0,0.8638997503179913
misex3.pre-vpr.blif,/home/ayush/abc/blif/misex3.pre-vpr.blif,0,0,2720.0,2673,26848,35934.0,17089.0,2720.0,2673,26848,35934.0,17089.0,,,,,,,,
misex3.pre-vpr.blif,/home/ayush/abc/blif/misex3.pre-vpr.blif,1,0,2720.0,2673,16102,33779.0,13884.0,2720.0,2673,26848,35934.0,17089.0,0.0,0,-10746,0.5997467222884386,-2155.0,0.940028941949129,-3205.0,0.8124524547954824
misex3.pre-vpr.blif,/home/ayush/abc/blif/misex3.pre-vpr.blif,2,0,2720.0,2673,13022,39126.0,15655.0,2720.0,2673,26848,35934.0,17089.0,0.0,0,-13826,0.4850268176400477,3192.0,1.0888295207881116,-1434.0,0.9160863713499913
misex3.pre-vpr.blif,/home/ayush/abc/blif/misex3.pre-vpr.blif,3,0,2720.0,2673,9536,32208.0,12450.0,2720.0,2673,26848,35934.0,17089.0,0.0,0,-17312,0.35518474374255066,-3726.0,0.8963099014860578,-4639.0,0.7285388261454737
misex3.wiremap_area.blif,/home/ayush/abc/blif/misex3.wiremap_area.blif,0,0,2586.0,2533,27953,36255.0,17123.0,2586.0,2533,27953,36255.0,17123.0,,,,,,,,
misex3.wiremap_area.blif,/home/ayush/abc/blif/misex3.wiremap_area.blif,1,0,2586.0,2533,16199,43814.0,16572.0,2586.0,2533,27953,36255.0,17123.0,0.0,0,-11754,0.5795084606303438,7559.0,1.2084953799475935,-551.0,0.9678210593937978
misex3.wiremap_area.blif,/home/ayush/abc/blif/misex3.wiremap_area.blif,2,0,2586.0,2533,12941,43059.0,16685.0,2586.0,2533,27953,36255.0,17123.0,0.0,0,-15012,0.4629556755983258,6804.0,1.1876706661150187,-438.0,0.9744203702622204
misex3.wiremap_area.blif,/home/ayush/abc/blif/misex3.wiremap_area.blif,3,0,2586.0,2533,9193,42981.0,16543.0,2586.0,2533,27953,36255.0,17123.0,0.0,0,-18760,0.3288734661753658,6726.0,1.185519238725693,-580.0,0.9661274309408399
misex3.wiremap_depth.blif,/home/ayush/abc/blif/misex3.wiremap_depth.blif,0,0,2720.0,2673,26848,34271.0,16614.0,2720.0,2673,26848,34271.0,16614.0,,,,,,,,
misex3.wiremap_depth.blif,/home/ayush/abc/blif/misex3.wiremap_depth.blif,1,0,2720.0,2673,16102,40632.0,16884.0,2720.0,2673,26848,34271.0,16614.0,0.0,0,-10746,0.5997467222884386,6361.0,1.1856088237868752,270.0,1.0162513542795233
misex3.wiremap_depth.blif,/home/ayush/abc/blif/misex3.wiremap_depth.blif,2,0,2720.0,2673,13022,31705.0,12104.0,2720.0,2673,26848,34271.0,16614.0,0.0,0,-13826,0.4850268176400477,-2566.0,0.9251261999941641,-4510.0,0.7285421933309257
misex3.wiremap_depth.blif,/home/ayush/abc/blif/misex3.wiremap_depth.blif,3,0,2720.0,2673,9536,33809.0,13355.0,2720.0,2673,26848,34271.0,16614.0,0.0,0,-17312,0.35518474374255066,-462.0,0.9865192144962213,-3259.0,0.8038401348260503
misex3c.blif,/home/ayush/abc/blif/misex3c.blif,0,0,1363.0,1345,9734,13018.0,6628.0,1363.0,1345,9734,13018.0,6628.0,,,,,,,,
misex3c.blif,/home/ayush/abc/blif/misex3c.blif,1,0,1363.0,1345,6557,13043.0,5730.0,1363.0,1345,9734,13018.0,6628.0,0.0,0,-3177,0.6736182453256626,25.0,1.0019204178829313,-898.0,0.8645141822570911
misex3c.blif,/home/ayush/abc/blif/misex3c.blif,2,0,1363.0,1345,5630,23162.0,10068.0,1363.0,1345,9734,13018.0,6628.0,0.0,0,-4104,0.5783850421204028,10144.0,1.7792287601782149,3440.0,1.5190102595051298
misex3c.blif,/home/ayush/abc/blif/misex3c.blif,3,0,1363.0,1345,4489,14772.0,6216.0,1363.0,1345,9734,13018.0,6628.0,0.0,0,-5245,0.46116704335319497,1754.0,1.1347365186664617,-412.0,0.9378394689197345
mm30a.blif,/home/ayush/abc/blif/mm30a.blif,0,0,1385.0,1257,20028,20706.0,5236.0,1385.0,1257,20028,20706.0,5236.0,,,,,,,,
mm30a.blif,/home/ayush/abc/blif/mm30a.blif,1,0,1385.0,1257,8300,30899.0,5977.0,1385.0,1257,20028,20706.0,5236.0,0.0,0,-11728,0.41441981226283203,10193.0,1.4922727711774364,741.0,1.141520244461421
mm30a.blif,/home/ayush/abc/blif/mm30a.blif,2,0,1385.0,1257,6547,23999.0,4505.0,1385.0,1257,20028,20706.0,5236.0,0.0,0,-13481,0.3268923507090074,3293.0,1.1590360282043852,-731.0,0.8603896103896104
mm30a.blif,/home/ayush/abc/blif/mm30a.blif,3,0,1385.0,1257,4522,21569.0,4114.0,1385.0,1257,20028,20706.0,5236.0,0.0,0,-15506,0.22578390253644898,863.0,1.0416787404617018,-1122.0,0.7857142857142857
mm4a.blif,/home/ayush/abc/blif/mm4a.blif,0,0,232.0,208,2275,2921.0,876.0,232.0,208,2275,2921.0,876.0,,,,,,,,
mm4a.blif,/home/ayush/abc/blif/mm4a.blif,1,0,232.0,208,1219,3849.0,900.0,232.0,208,2275,2921.0,876.0,0.0,0,-1056,0.5358241758241759,928.0,1.3176994180075317,24.0,1.0273972602739727
mm4a.blif,/home/ayush/abc/blif/mm4a.blif,2,0,232.0,208,1005,2830.0,704.0,232.0,208,2275,2921.0,876.0,0.0,0,-1270,0.44175824175824174,-91.0,0.968846285518658,-172.0,0.8036529680365296
mm4a.blif,/home/ayush/abc/blif/mm4a.blif,3,0,232.0,208,737,2686.0,648.0,232.0,208,2275,2921.0,876.0,0.0,0,-1538,0.32395604395604394,-235.0,0.9195480999657651,-228.0,0.7397260273972602
mm9a.blif,/home/ayush/abc/blif/mm9a.blif,0,0,483.0,444,5962,5347.0,1435.0,483.0,444,5962,5347.0,1435.0,,,,,,,,
mm9a.blif,/home/ayush/abc/blif/mm9a.blif,1,0,483.0,444,2788,6867.0,1411.0,483.0,444,5962,5347.0,1435.0,0.0,0,-3174,0.46762831264676286,1520.0,1.2842715541425098,-24.0,0.9832752613240419
mm9a.blif,/home/ayush/abc/blif/mm9a.blif,2,0,483.0,444,2222,10375.0,1883.0,483.0,444,5962,5347.0,1435.0,0.0,0,-3740,0.3726937269372694,5028.0,1.9403403777819337,448.0,1.3121951219512196
mm9a.blif,/home/ayush/abc/blif/mm9a.blif,3,0,483.0,444,1573,8450.0,1753.0,483.0,444,5962,5347.0,1435.0,0.0,0,-4389,0.26383763837638374,3103.0,1.5803254161211895,318.0,1.221602787456446
mm9b.blif,/home/ayush/abc/blif/mm9b.blif,0,0,598.0,549,7545,7846.0,2246.0,598.0,549,7545,7846.0,2246.0,,,,,,,,
mm9b.blif,/home/ayush/abc/blif/mm9b.blif,1,0,598.0,549,3852,8468.0,1860.0,598.0,549,7545,7846.0,2246.0,0.0,0,-3693,0.5105367793240556,622.0,1.0792760642365538,-386.0,0.8281389136242209
mm9b.blif,/home/ayush/abc/blif/mm9b.blif,2,0,598.0,549,3053,9702.0,2109.0,598.0,549,7545,7846.0,2246.0,0.0,0,-4492,0.4046388336646786,1856.0,1.236553657914861,-137.0,0.9390026714158504
mm9b.blif,/home/ayush/abc/blif/mm9b.blif,3,0,598.0,549,2156,9446.0,2077.0,598.0,549,7545,7846.0,2246.0,0.0,0,-5389,0.28575215374420143,1600.0,1.2039255671679836,-169.0,0.9247551202137133
mult16a.blif,/home/ayush/abc/blif/mult16a.blif,0,0,455.0,419,3699,5031.0,1821.0,455.0,419,3699,5031.0,1821.0,,,,,,,,
mult16a.blif,/home/ayush/abc/blif/mult16a.blif,1,0,455.0,419,2525,5319.0,1800.0,455.0,419,3699,5031.0,1821.0,0.0,0,-1174,0.6826169234928359,288.0,1.0572450805008944,-21.0,0.9884678747940692
mult16a.blif,/home/ayush/abc/blif/mult16a.blif,2,0,455.0,419,2051,4388.0,1446.0,455.0,419,3699,5031.0,1821.0,0.0,0,-1648,0.5544741822114085,-643.0,0.872192407076128,-375.0,0.7940691927512356
mult16a.blif,/home/ayush/abc/blif/mult16a.blif,3,0,455.0,419,1459,5306.0,1764.0,455.0,419,3699,5031.0,1821.0,0.0,0,-2240,0.3944309272776426,275.0,1.0546611011727292,-57.0,0.9686985172981878
mult16b.blif,/home/ayush/abc/blif/mult16b.blif,0,0,182.0,181,766,998.0,576.0,182.0,181,766,998.0,576.0,,,,,,,,
mult16b.blif,/home/ayush/abc/blif/mult16b.blif,1,0,182.0,181,616,957.0,509.0,182.0,181,766,998.0,576.0,0.0,0,-150,0.804177545691906,-41.0,0.9589178356713427,-67.0,0.8836805555555556
mult16b.blif,/home/ayush/abc/blif/mult16b.blif,2,0,182.0,181,586,929.0,482.0,182.0,181,766,998.0,576.0,0.0,0,-180,0.7650130548302873,-69.0,0.9308617234468938,-94.0,0.8368055555555556
mult16b.blif,/home/ayush/abc/blif/mult16b.blif,3,0,182.0,181,496,999.0,496.0,182.0,181,766,998.0,576.0,0.0,0,-270,0.6475195822454308,1.0,1.001002004008016,-80.0,0.8611111111111112
mult32a.blif,/home/ayush/abc/blif/mult32a.blif,0,0,976.0,894,8266,10536.0,4284.0,976.0,894,8266,10536.0,4284.0,,,,,,,,
mult32a.blif,/home/ayush/abc/blif/mult32a.blif,1,0,976.0,894,5524,11883.0,4046.0,976.0,894,8266,10536.0,4284.0,0.0,0,-2742,0.6682796999758045,1347.0,1.1278473804100229,-238.0,0.9444444444444444
mult32a.blif,/home/ayush/abc/blif/mult32a.blif,2,0,976.0,894,4456,11331.0,3706.0,976.0,894,8266,10536.0,4284.0,0.0,0,-3810,0.539075731913864,795.0,1.0754555808656037,-578.0,0.8650793650793651
mult32a.blif,/home/ayush/abc/blif/mult32a.blif,3,0,976.0,894,3152,11563.0,3684.0,976.0,894,8266,10536.0,4284.0,0.0,0,-5114,0.38132107428018386,1027.0,1.097475322703113,-600.0,0.8599439775910365
mult8_ram8.blif,/home/ayush/abc/blif/mult8_ram8.blif,0,0,,,,,,,,,,,,,,,,,,
mult8_ram8.blif,/home/ayush/abc/blif/mult8_ram8.blif,1,0,,,,,,,,,,,,,,,,,,
mult8_ram8.blif,/home/ayush/abc/blif/mult8_ram8.blif,2,0,,,,,,,,,,,,,,,,,,
mult8_ram8.blif,/home/ayush/abc/blif/mult8_ram8.blif,3,0,,,,,,,,,,,,,,,,,,
mult_2x2.blif,/home/ayush/abc/blif/mult_2x2.blif,0,0,14.0,13,33,173.0,46.0,14.0,13,33,173.0,46.0,,,,,,,,
mult_2x2.blif,/home/ayush/abc/blif/mult_2x2.blif,1,0,14.0,13,32,215.0,53.0,14.0,13,33,173.0,46.0,0.0,0,-1,0.9696969696969697,42.0,1.2427745664739884,7.0,1.1521739130434783
mult_2x2.blif,/home/ayush/abc/blif/mult_2x2.blif,2,0,14.0,13,30,229.0,52.0,14.0,13,33,173.0,46.0,0.0,0,-3,0.9090909090909091,56.0,1.323699421965318,6.0,1.1304347826086956
mult_2x2.blif,/home/ayush/abc/blif/mult_2x2.blif,3,0,14.0,13,28,231.0,56.0,14.0,13,33,173.0,46.0,0.0,0,-5,0.8484848484848485,58.0,1.3352601156069364,10.0,1.2173913043478262
mult_3x3.blif,/home/ayush/abc/blif/mult_3x3.blif,0,0,74.0,69,357,758.0,314.0,74.0,69,357,758.0,314.0,,,,,,,,
mult_3x3.blif,/home/ayush/abc/blif/mult_3x3.blif,1,0,74.0,69,291,759.0,295.0,74.0,69,357,758.0,314.0,0.0,0,-66,0.8151260504201681,1.0,1.0013192612137203,-19.0,0.9394904458598726
mult_3x3.blif,/home/ayush/abc/blif/mult_3x3.blif,2,0,74.0,69,252,645.0,237.0,74.0,69,357,758.0,314.0,0.0,0,-105,0.7058823529411765,-113.0,0.8509234828496042,-77.0,0.7547770700636943
mult_3x3.blif,/home/ayush/abc/blif/mult_3x3.blif,3,0,74.0,69,196,739.0,258.0,74.0,69,357,758.0,314.0,0.0,0,-161,0.5490196078431373,-19.0,0.974934036939314,-56.0,0.821656050955414
mult_3x4.blif,/home/ayush/abc/blif/mult_3x4.blif,0,0,135.0,127,1112,1434.0,453.0,135.0,127,1112,1434.0,453.0,,,,,,,,
mult_3x4.blif,/home/ayush/abc/blif/mult_3x4.blif,1,0,135.0,127,612,1614.0,446.0,135.0,127,1112,1434.0,453.0,0.0,0,-500,0.5503597122302158,180.0,1.1255230125523012,-7.0,0.9845474613686535
mult_3x4.blif,/home/ayush/abc/blif/mult_3x4.blif,2,0,135.0,127,511,1572.0,445.0,135.0,127,1112,1434.0,453.0,0.0,0,-601,0.4595323741007194,138.0,1.096234309623431,-8.0,0.9823399558498896
mult_3x4.blif,/home/ayush/abc/blif/mult_3x4.blif,3,0,135.0,127,387,1765.0,484.0,135.0,127,1112,1434.0,453.0,0.0,0,-725,0.34802158273381295,331.0,1.2308228730822872,31.0,1.0684326710816776
mult_4x4.blif,/home/ayush/abc/blif/mult_4x4.blif,0,0,216.0,199,2368,3588.0,989.0,216.0,199,2368,3588.0,989.0,,,,,,,,
mult_4x4.blif,/home/ayush/abc/blif/mult_4x4.blif,1,0,216.0,199,1200,3255.0,703.0,216.0,199,2368,3588.0,989.0,0.0,0,-1168,0.5067567567567568,-333.0,0.907190635451505,-286.0,0.7108190091001011
mult_4x4.blif,/home/ayush/abc/blif/mult_4x4.blif,2,0,216.0,199,961,3106.0,718.0,216.0,199,2368,3588.0,989.0,0.0,0,-1407,0.4058277027027027,-482.0,0.8656633221850614,-271.0,0.7259858442871587
mult_4x4.blif,/home/ayush/abc/blif/mult_4x4.blif,3,0,216.0,199,697,3764.0,827.0,216.0,199,2368,3588.0,989.0,0.0,0,-1671,0.29434121621621623,176.0,1.0490523968784837,-162.0,0.8361981799797775
mult_5x5.blif,/home/ayush/abc/blif/mult_5x5.blif,0,0,356.0,324,4821,5412.0,1283.0,356.0,324,4821,5412.0,1283.0,,,,,,,,
mult_5x5.blif,/home/ayush/abc/blif/mult_5x5.blif,1,0,356.0,324,2120,5985.0,1091.0,356.0,324,4821,5412.0,1283.0,0.0,0,-2701,0.4397427919518772,573.0,1.1058758314855877,-192.0,0.8503507404520655
mult_5x5.blif,/home/ayush/abc/blif/mult_5x5.blif,2,0,356.0,324,1672,7537.0,1417.0,356.0,324,4821,5412.0,1283.0,0.0,0,-3149,0.3468160132752541,2125.0,1.3926459719142645,134.0,1.1044427123928293
mult_5x5.blif,/home/ayush/abc/blif/mult_5x5.blif,3,0,356.0,324,1191,7716.0,1409.0,356.0,324,4821,5412.0,1283.0,0.0,0,-3630,0.24704418170504044,2304.0,1.4257206208425721,126.0,1.098207326578332
mult_5x6.blif,/home/ayush/abc/blif/mult_5x6.blif,0,0,660.0,610,11400,13509.0,3068.0,660.0,610,11400,13509.0,3068.0,,,,,,,,
mult_5x6.blif,/home/ayush/abc/blif/mult_5x6.blif,1,0,660.0,610,4503,15570.0,2587.0,660.0,610,11400,13509.0,3068.0,0.0,0,-6897,0.395,2061.0,1.1525649566955363,-481.0,0.8432203389830508
mult_5x6.blif,/home/ayush/abc/blif/mult_5x6.blif,2,0,660.0,610,3529,18105.0,3047.0,660.0,610,11400,13509.0,3068.0,0.0,0,-7871,0.3095614035087719,4596.0,1.3402176326893183,-21.0,0.9931551499348109
mult_5x6.blif,/home/ayush/abc/blif/mult_5x6.blif,3,0,660.0,610,2498,14171.0,2326.0,660.0,610,11400,13509.0,3068.0,0.0,0,-8902,0.21912280701754386,662.0,1.0490043674587313,-742.0,0.758148631029987
multiclock.blif,/home/ayush/abc/blif/multiclock.blif,0,0,6.0,1,1,244.0,23.0,6.0,1,1,244.0,23.0,,,,,,,,
multiclock.blif,/home/ayush/abc/blif/multiclock.blif,1,0,6.0,1,1,276.0,27.0,6.0,1,1,244.0,23.0,0.0,0,0,1.0,32.0,1.1311475409836065,4.0,1.173913043478261
multiclock.blif,/home/ayush/abc/blif/multiclock.blif,2,0,6.0,1,1,158.0,14.0,6.0,1,1,244.0,23.0,0.0,0,0,1.0,-86.0,0.6475409836065574,-9.0,0.6086956521739131
multiclock.blif,/home/ayush/abc/blif/multiclock.blif,3,0,6.0,1,1,194.0,11.0,6.0,1,1,244.0,23.0,0.0,0,0,1.0,-50.0,0.7950819672131147,-12.0,0.4782608695652174
multiclock_buf.blif,/home/ayush/abc/blif/multiclock_buf.blif,0,0,,,,,,,,,,,,,,,,,,
multiclock_buf.blif,/home/ayush/abc/blif/multiclock_buf.blif,1,0,,,,,,,,,,,,,,,,,,
multiclock_buf.blif,/home/ayush/abc/blif/multiclock_buf.blif,2,0,,,,,,,,,,,,,,,,,,
multiclock_buf.blif,/home/ayush/abc/blif/multiclock_buf.blif,3,0,,,,,,,,,,,,,,,,,,
multiconnected_lut.blif,/home/ayush/abc/blif/multiconnected_lut.blif,0,0,4.0,4,17,154.0,34.0,4.0,4,17,154.0,34.0,,,,,,,,
multiconnected_lut.blif,/home/ayush/abc/blif/multiconnected_lut.blif,1,0,4.0,4,17,177.0,36.0,4.0,4,17,154.0,34.0,0.0,0,0,1.0,23.0,1.1493506493506493,2.0,1.0588235294117647
multiconnected_lut.blif,/home/ayush/abc/blif/multiconnected_lut.blif,2,0,4.0,4,17,200.0,41.0,4.0,4,17,154.0,34.0,0.0,0,0,1.0,46.0,1.2987012987012987,7.0,1.2058823529411764
multiconnected_lut.blif,/home/ayush/abc/blif/multiconnected_lut.blif,3,0,4.0,4,16,216.0,44.0,4.0,4,17,154.0,34.0,0.0,0,-1,0.9411764705882353,62.0,1.4025974025974026,10.0,1.2941176470588236
multiconnected_lut2.blif,/home/ayush/abc/blif/multiconnected_lut2.blif,0,0,8.0,7,31,165.0,36.0,8.0,7,31,165.0,36.0,,,,,,,,
multiconnected_lut2.blif,/home/ayush/abc/blif/multiconnected_lut2.blif,1,0,8.0,7,31,189.0,38.0,8.0,7,31,165.0,36.0,0.0,0,0,1.0,24.0,1.1454545454545455,2.0,1.0555555555555556
multiconnected_lut2.blif,/home/ayush/abc/blif/multiconnected_lut2.blif,2,0,8.0,7,26,209.0,43.0,8.0,7,31,165.0,36.0,0.0,0,-5,0.8387096774193549,44.0,1.2666666666666666,7.0,1.1944444444444444
multiconnected_lut2.blif,/home/ayush/abc/blif/multiconnected_lut2.blif,3,0,8.0,7,20,249.0,47.0,8.0,7,31,165.0,36.0,0.0,0,-11,0.6451612903225806,84.0,1.509090909090909,11.0,1.3055555555555556
multiple_noc_routers.blif,/home/ayush/abc/blif/multiple_noc_routers.blif,0,0,,,,,,,,,,,,,,,,,,
multiple_noc_routers.blif,/home/ayush/abc/blif/multiple_noc_routers.blif,1,0,,,,,,,,,,,,,,,,,,
multiple_noc_routers.blif,/home/ayush/abc/blif/multiple_noc_routers.blif,2,0,,,,,,,,,,,,,,,,,,
multiple_noc_routers.blif,/home/ayush/abc/blif/multiple_noc_routers.blif,3,0,,,,,,,,,,,,,,,,,,
murax_stratix10_arch_timing.blif,/home/ayush/abc/blif/murax_stratix10_arch_timing.blif,0,0,,,,,,,,,,,,,,,,,,
murax_stratix10_arch_timing.blif,/home/ayush/abc/blif/murax_stratix10_arch_timing.blif,1,0,,,,,,,,,,,,,,,,,,
murax_stratix10_arch_timing.blif,/home/ayush/abc/blif/murax_stratix10_arch_timing.blif,2,0,,,,,,,,,,,,,,,,,,
murax_stratix10_arch_timing.blif,/home/ayush/abc/blif/murax_stratix10_arch_timing.blif,3,0,,,,,,,,,,,,,,,,,,
mux.blif,/home/ayush/abc/blif/mux.blif,0,0,81.0,78,425,876.0,445.0,81.0,78,425,876.0,445.0,,,,,,,,
mux.blif,/home/ayush/abc/blif/mux.blif,1,0,81.0,78,316,947.0,433.0,81.0,78,425,876.0,445.0,0.0,0,-109,0.7435294117647059,71.0,1.0810502283105023,-12.0,0.9730337078651685
mux.blif,/home/ayush/abc/blif/mux.blif,2,0,81.0,78,268,912.0,422.0,81.0,78,425,876.0,445.0,0.0,0,-157,0.6305882352941177,36.0,1.0410958904109588,-23.0,0.9483146067415731
mux.blif,/home/ayush/abc/blif/mux.blif,3,0,81.0,78,212,726.0,322.0,81.0,78,425,876.0,445.0,0.0,0,-213,0.4988235294117647,-150.0,0.8287671232876712,-123.0,0.7235955056179775
my-adder.blif,/home/ayush/abc/blif/my-adder.blif,0,0,272.0,241,2182,2289.0,890.0,272.0,241,2182,2289.0,890.0,,,,,,,,
my-adder.blif,/home/ayush/abc/blif/my-adder.blif,1,0,272.0,241,1341,2581.0,847.0,272.0,241,2182,2289.0,890.0,0.0,0,-841,0.6145737855178736,292.0,1.127566622979467,-43.0,0.9516853932584269
my-adder.blif,/home/ayush/abc/blif/my-adder.blif,2,0,272.0,241,1093,3612.0,1040.0,272.0,241,2182,2289.0,890.0,0.0,0,-1089,0.500916590284143,1323.0,1.5779816513761469,150.0,1.1685393258426966
my-adder.blif,/home/ayush/abc/blif/my-adder.blif,3,0,272.0,241,824,3218.0,1032.0,272.0,241,2182,2289.0,890.0,0.0,0,-1358,0.37763519706691107,929.0,1.4058540847531673,142.0,1.1595505617977528
ndff.blif,/home/ayush/abc/blif/ndff.blif,0,0,,,,,,,,,,,,,,,,,,
ndff.blif,/home/ayush/abc/blif/ndff.blif,1,0,,,,,,,,,,,,,,,,,,
ndff.blif,/home/ayush/abc/blif/ndff.blif,2,0,,,,,,,,,,,,,,,,,,
ndff.blif,/home/ayush/abc/blif/ndff.blif,3,0,,,,,,,,,,,,,,,,,,
neuron_stratixiv_arch_timing.blif,/home/ayush/abc/blif/neuron_stratixiv_arch_timing.blif,0,0,,,,,,,,,,,,,,,,,,
neuron_stratixiv_arch_timing.blif,/home/ayush/abc/blif/neuron_stratixiv_arch_timing.blif,1,0,,,,,,,,,,,,,,,,,,
neuron_stratixiv_arch_timing.blif,/home/ayush/abc/blif/neuron_stratixiv_arch_timing.blif,2,0,,,,,,,,,,,,,,,,,,
neuron_stratixiv_arch_timing.blif,/home/ayush/abc/blif/neuron_stratixiv_arch_timing.blif,3,0,,,,,,,,,,,,,,,,,,
o64.blif,/home/ayush/abc/blif/o64.blif,0,0,129.0,129,758,1409.0,813.0,129.0,129,758,1409.0,813.0,,,,,,,,
o64.blif,/home/ayush/abc/blif/o64.blif,1,0,129.0,129,457,1116.0,573.0,129.0,129,758,1409.0,813.0,0.0,0,-301,0.6029023746701847,-293.0,0.7920511000709723,-240.0,0.7047970479704797
o64.blif,/home/ayush/abc/blif/o64.blif,2,0,129.0,129,389,1145.0,536.0,129.0,129,758,1409.0,813.0,0.0,0,-369,0.5131926121372031,-264.0,0.8126330731014905,-277.0,0.6592865928659286
o64.blif,/home/ayush/abc/blif/o64.blif,3,0,129.0,129,321,1300.0,647.0,129.0,129,758,1409.0,813.0,0.0,0,-437,0.4234828496042216,-109.0,0.9226401703335699,-166.0,0.7958179581795818
opus.blif,/home/ayush/abc/blif/opus.blif,0,0,132.0,122,701,1003.0,451.0,132.0,122,701,1003.0,451.0,,,,,,,,
opus.blif,/home/ayush/abc/blif/opus.blif,1,0,132.0,122,550,1003.0,396.0,132.0,122,701,1003.0,451.0,0.0,0,-151,0.7845934379457917,0.0,1.0,-55.0,0.8780487804878049
opus.blif,/home/ayush/abc/blif/opus.blif,2,0,132.0,122,466,1049.0,404.0,132.0,122,701,1003.0,451.0,0.0,0,-235,0.6647646219686163,46.0,1.0458624127617149,-47.0,0.8957871396895787
opus.blif,/home/ayush/abc/blif/opus.blif,3,0,132.0,122,359,1114.0,454.0,132.0,122,701,1003.0,451.0,0.0,0,-342,0.5121255349500713,111.0,1.110667996011964,3.0,1.0066518847006651
pair.blif,/home/ayush/abc/blif/pair.blif,0,0,2191.0,2034,17910,20099.0,8456.0,2191.0,2034,17910,20099.0,8456.0,,,,,,,,
pair.blif,/home/ayush/abc/blif/pair.blif,1,0,2191.0,2034,11842,20292.0,7028.0,2191.0,2034,17910,20099.0,8456.0,0.0,0,-6068,0.6611948632049135,193.0,1.0096024677844668,-1428.0,0.8311258278145696
pair.blif,/home/ayush/abc/blif/pair.blif,2,0,2191.0,2034,9667,22304.0,7707.0,2191.0,2034,17910,20099.0,8456.0,0.0,0,-8243,0.5397543271915132,2205.0,1.109706950594557,-749.0,0.9114238410596026
pair.blif,/home/ayush/abc/blif/pair.blif,3,0,2191.0,2034,7128,22657.0,8075.0,2191.0,2034,17910,20099.0,8456.0,0.0,0,-10782,0.39798994974874374,2558.0,1.127270013433504,-381.0,0.9549432355723746
parity.blif,/home/ayush/abc/blif/parity.blif,0,0,53.0,47,759,988.0,306.0,53.0,47,759,988.0,306.0,,,,,,,,
parity.blif,/home/ayush/abc/blif/parity.blif,1,0,53.0,47,328,1307.0,344.0,53.0,47,759,988.0,306.0,0.0,0,-431,0.4321475625823452,319.0,1.3228744939271255,38.0,1.1241830065359477
parity.blif,/home/ayush/abc/blif/parity.blif,2,0,53.0,47,262,1127.0,298.0,53.0,47,759,988.0,306.0,0.0,0,-497,0.3451910408432148,139.0,1.1406882591093117,-8.0,0.9738562091503268
parity.blif,/home/ayush/abc/blif/parity.blif,3,0,53.0,47,196,1481.0,415.0,53.0,47,759,988.0,306.0,0.0,0,-563,0.25823451910408435,493.0,1.4989878542510122,109.0,1.3562091503267975
parker1986.blif,/home/ayush/abc/blif/parker1986.blif,0,0,2008.0,1804,24595,26671.0,8112.0,2008.0,1804,24595,26671.0,8112.0,,,,,,,,
parker1986.blif,/home/ayush/abc/blif/parker1986.blif,1,0,2008.0,1804,11989,30951.0,6704.0,2008.0,1804,24595,26671.0,8112.0,0.0,0,-12606,0.4874568001626347,4280.0,1.1604739229875145,-1408.0,0.8264299802761341
parker1986.blif,/home/ayush/abc/blif/parker1986.blif,2,0,2008.0,1804,9503,27467.0,5834.0,2008.0,1804,24595,26671.0,8112.0,0.0,0,-15092,0.3863793453954056,796.0,1.0298451501630985,-2278.0,0.7191814595660749
parker1986.blif,/home/ayush/abc/blif/parker1986.blif,3,0,2008.0,1804,6732,26460.0,5484.0,2008.0,1804,24595,26671.0,8112.0,0.0,0,-17863,0.27371416954665584,-211.0,0.9920887855723445,-2628.0,0.6760355029585798
pcle.blif,/home/ayush/abc/blif/pcle.blif,0,0,98.0,90,474,784.0,323.0,98.0,90,474,784.0,323.0,,,,,,,,
pcle.blif,/home/ayush/abc/blif/pcle.blif,1,0,98.0,90,388,1055.0,519.0,98.0,90,474,784.0,323.0,0.0,0,-86,0.8185654008438819,271.0,1.3456632653061225,196.0,1.6068111455108358
pcle.blif,/home/ayush/abc/blif/pcle.blif,2,0,98.0,90,329,730.0,301.0,98.0,90,474,784.0,323.0,0.0,0,-145,0.6940928270042194,-54.0,0.9311224489795918,-22.0,0.9318885448916409
pcle.blif,/home/ayush/abc/blif/pcle.blif,3,0,98.0,90,254,825.0,322.0,98.0,90,474,784.0,323.0,0.0,0,-220,0.5358649789029536,41.0,1.052295918367347,-1.0,0.9969040247678018
pcler8.blif,/home/ayush/abc/blif/pcler8.blif,0,0,120.0,112,710,1054.0,486.0,120.0,112,710,1054.0,486.0,,,,,,,,
pcler8.blif,/home/ayush/abc/blif/pcler8.blif,1,0,120.0,112,576,1065.0,420.0,120.0,112,710,1054.0,486.0,0.0,0,-134,0.8112676056338028,11.0,1.0104364326375712,-66.0,0.8641975308641975
pcler8.blif,/home/ayush/abc/blif/pcler8.blif,2,0,120.0,112,485,1145.0,458.0,120.0,112,710,1054.0,486.0,0.0,0,-225,0.6830985915492958,91.0,1.086337760910816,-28.0,0.9423868312757202
pcler8.blif,/home/ayush/abc/blif/pcler8.blif,3,0,120.0,112,368,1658.0,698.0,120.0,112,710,1054.0,486.0,0.0,0,-342,0.5183098591549296,604.0,1.573055028462998,212.0,1.4362139917695473
pdc.blif,/home/ayush/abc/blif/pdc.blif,0,0,13640.0,13615,156053,237782.0,120046.0,13640.0,13615,156053,237782.0,120046.0,,,,,,,,
pdc.blif,/home/ayush/abc/blif/pdc.blif,1,0,13640.0,13615,91571,263144.0,113629.0,13640.0,13615,156053,237782.0,120046.0,0.0,0,-64482,0.5867942301653926,25362.0,1.1066607228469776,-6417.0,0.9465454908951568
pdc.blif,/home/ayush/abc/blif/pdc.blif,2,0,13640.0,13615,73682,215385.0,91912.0,13640.0,13615,156053,237782.0,120046.0,0.0,0,-82371,0.4721600994533908,-22397.0,0.9058086819019101,-28134.0,0.7656398380620763
pdc.blif,/home/ayush/abc/blif/pdc.blif,3,0,13640.0,13615,53270,262194.0,113921.0,13640.0,13615,156053,237782.0,120046.0,0.0,0,-102783,0.3413583846513684,24412.0,1.1026654666879747,-6125.0,0.9489778918081402
pdc.pre-vpr.blif,/home/ayush/abc/blif/pdc.pre-vpr.blif,0,0,10206.0,10141,145338,200124.0,92307.0,10206.0,10141,145338,200124.0,92307.0,,,,,,,,
pdc.pre-vpr.blif,/home/ayush/abc/blif/pdc.pre-vpr.blif,1,0,10206.0,10141,72798,201614.0,75594.0,10206.0,10141,145338,200124.0,92307.0,0.0,0,-72540,0.5008875861784254,1490.0,1.0074453838620057,-16713.0,0.8189411420585654
pdc.pre-vpr.blif,/home/ayush/abc/blif/pdc.pre-vpr.blif,2,0,10206.0,10141,56564,216121.0,79238.0,10206.0,10141,145338,200124.0,92307.0,0.0,0,-88774,0.3891893379570381,15997.0,1.0799354400271832,-13069.0,0.8584181048024527
pdc.pre-vpr.blif,/home/ayush/abc/blif/pdc.pre-vpr.blif,3,0,10206.0,10141,39289,184709.0,69113.0,10206.0,10141,145338,200124.0,92307.0,0.0,0,-106049,0.27032847569114754,-15415.0,0.9229727568907278,-23194.0,0.7487297821400327
pdc.wiremap_area.blif,/home/ayush/abc/blif/pdc.wiremap_area.blif,0,0,9407.0,9329,147355,186562.0,78386.0,9407.0,9329,147355,186562.0,78386.0,,,,,,,,
pdc.wiremap_area.blif,/home/ayush/abc/blif/pdc.wiremap_area.blif,1,0,9407.0,9329,68828,265934.0,94999.0,9407.0,9329,147355,186562.0,78386.0,0.0,0,-78527,0.46708968138169726,79372.0,1.4254456963368747,16613.0,1.2119383563391422
pdc.wiremap_area.blif,/home/ayush/abc/blif/pdc.wiremap_area.blif,2,0,9407.0,9329,53058,237695.0,85060.0,9407.0,9329,147355,186562.0,78386.0,0.0,0,-94297,0.3600692205897323,51133.0,1.274080466547314,6674.0,1.085142755083816
pdc.wiremap_area.blif,/home/ayush/abc/blif/pdc.wiremap_area.blif,3,0,9407.0,9329,36363,252784.0,87503.0,9407.0,9329,147355,186562.0,78386.0,0.0,0,-110992,0.24677140239557532,66222.0,1.3549597452857496,9117.0,1.1163090347766182
pdc.wiremap_depth.blif,/home/ayush/abc/blif/pdc.wiremap_depth.blif,0,0,10206.0,10141,145338,167549.0,75835.0,10206.0,10141,145338,167549.0,75835.0,,,,,,,,
pdc.wiremap_depth.blif,/home/ayush/abc/blif/pdc.wiremap_depth.blif,1,0,10206.0,10141,72798,207645.0,78502.0,10206.0,10141,145338,167549.0,75835.0,0.0,0,-72540,0.5008875861784254,40096.0,1.239309097637109,2667.0,1.0351684578360916
pdc.wiremap_depth.blif,/home/ayush/abc/blif/pdc.wiremap_depth.blif,2,0,10206.0,10141,56564,208859.0,76751.0,10206.0,10141,145338,167549.0,75835.0,0.0,0,-88774,0.3891893379570381,41310.0,1.2465547392106189,916.0,1.0120788554097713
pdc.wiremap_depth.blif,/home/ayush/abc/blif/pdc.wiremap_depth.blif,3,0,10206.0,10141,39289,179698.0,65894.0,10206.0,10141,145338,167549.0,75835.0,0.0,0,-106049,0.27032847569114754,12149.0,1.072510131364556,-9941.0,0.8689127711478869
ph-decod.blif,/home/ayush/abc/blif/ph-decod.blif,0,0,718.0,661,5562,7027.0,2861.0,718.0,661,5562,7027.0,2861.0,,,,,,,,
ph-decod.blif,/home/ayush/abc/blif/ph-decod.blif,1,0,718.0,661,3660,8343.0,2915.0,718.0,661,5562,7027.0,2861.0,0.0,0,-1902,0.6580366774541532,1316.0,1.1872776433755514,54.0,1.0188745193988116
ph-decod.blif,/home/ayush/abc/blif/ph-decod.blif,2,0,718.0,661,3007,8327.0,2773.0,718.0,661,5562,7027.0,2861.0,0.0,0,-2555,0.5406328658755843,1300.0,1.1850007115411982,-88.0,0.9692415239426774
ph-decod.blif,/home/ayush/abc/blif/ph-decod.blif,3,0,718.0,661,2243,8036.0,2780.0,718.0,661,5562,7027.0,2861.0,0.0,0,-3319,0.403272204243078,1009.0,1.1435890138038993,-81.0,0.9716882209017826
picosoc_stratix10_arch_timing.blif,/home/ayush/abc/blif/picosoc_stratix10_arch_timing.blif,0,0,,,,,,,,,,,,,,,,,,
picosoc_stratix10_arch_timing.blif,/home/ayush/abc/blif/picosoc_stratix10_arch_timing.blif,1,0,,,,,,,,,,,,,,,,,,
picosoc_stratix10_arch_timing.blif,/home/ayush/abc/blif/picosoc_stratix10_arch_timing.blif,2,0,,,,,,,,,,,,,,,,,,
picosoc_stratix10_arch_timing.blif,/home/ayush/abc/blif/picosoc_stratix10_arch_timing.blif,3,0,,,,,,,,,,,,,,,,,,
planet.blif,/home/ayush/abc/blif/planet.blif,0,0,602.0,588,3767,4177.0,2041.0,602.0,588,3767,4177.0,2041.0,,,,,,,,
planet.blif,/home/ayush/abc/blif/planet.blif,1,0,602.0,588,2824,5562.0,2555.0,602.0,588,3767,4177.0,2041.0,0.0,0,-943,0.7496681709583223,1385.0,1.3315776873354082,514.0,1.2518373346398823
planet.blif,/home/ayush/abc/blif/planet.blif,2,0,602.0,588,2418,4441.0,1891.0,602.0,588,3767,4177.0,2041.0,0.0,0,-1349,0.6418900982213963,264.0,1.0632032559253053,-150.0,0.9265066144047036
planet.blif,/home/ayush/abc/blif/planet.blif,3,0,602.0,588,1881,5488.0,2335.0,602.0,588,3767,4177.0,2041.0,0.0,0,-1886,0.49933634191664455,1311.0,1.3138616231745273,294.0,1.144047035766781
planet1.blif,/home/ayush/abc/blif/planet1.blif,0,0,603.0,591,3770,5060.0,2491.0,603.0,591,3770,5060.0,2491.0,,,,,,,,
planet1.blif,/home/ayush/abc/blif/planet1.blif,1,0,603.0,591,2827,6421.0,2728.0,603.0,591,3770,5060.0,2491.0,0.0,0,-943,0.749867374005305,1361.0,1.2689723320158102,237.0,1.0951425130469692
planet1.blif,/home/ayush/abc/blif/planet1.blif,2,0,603.0,591,2421,5279.0,2265.0,603.0,591,3770,5060.0,2491.0,0.0,0,-1349,0.6421750663129974,219.0,1.0432806324110673,-226.0,0.909273384183059
planet1.blif,/home/ayush/abc/blif/planet1.blif,3,0,603.0,591,1884,4608.0,1929.0,603.0,591,3770,5060.0,2491.0,0.0,0,-1886,0.4997347480106101,-452.0,0.9106719367588932,-562.0,0.774387796065837
pm1.blif,/home/ayush/abc/blif/pm1.blif,0,0,52.0,43,154,320.0,145.0,52.0,43,154,320.0,145.0,,,,,,,,
pm1.blif,/home/ayush/abc/blif/pm1.blif,1,0,52.0,43,143,466.0,190.0,52.0,43,154,320.0,145.0,0.0,0,-11,0.9285714285714286,146.0,1.45625,45.0,1.3103448275862069
pm1.blif,/home/ayush/abc/blif/pm1.blif,2,0,52.0,43,135,535.0,213.0,52.0,43,154,320.0,145.0,0.0,0,-19,0.8766233766233766,215.0,1.671875,68.0,1.4689655172413794
pm1.blif,/home/ayush/abc/blif/pm1.blif,3,0,52.0,43,115,435.0,177.0,52.0,43,154,320.0,145.0,0.0,0,-39,0.7467532467532467,115.0,1.359375,32.0,1.2206896551724138
pma.blif,/home/ayush/abc/blif/pma.blif,0,0,238.0,228,1370,1669.0,811.0,238.0,228,1370,1669.0,811.0,,,,,,,,
pma.blif,/home/ayush/abc/blif/pma.blif,1,0,238.0,228,1020,1794.0,752.0,238.0,228,1370,1669.0,811.0,0.0,0,-350,0.7445255474452555,125.0,1.0748951467944876,-59.0,0.9272503082614056
pma.blif,/home/ayush/abc/blif/pma.blif,2,0,238.0,228,882,1935.0,785.0,238.0,228,1370,1669.0,811.0,0.0,0,-488,0.6437956204379562,266.0,1.15937687237867,-26.0,0.967940813810111
pma.blif,/home/ayush/abc/blif/pma.blif,3,0,238.0,228,692,1836.0,764.0,238.0,228,1370,1669.0,811.0,0.0,0,-678,0.5051094890510949,167.0,1.1000599161174356,-47.0,0.9420468557336621
radar20_stratix10_arch_timing.blif,/home/ayush/abc/blif/radar20_stratix10_arch_timing.blif,0,0,,,,,,,,,,,,,,,,,,
radar20_stratix10_arch_timing.blif,/home/ayush/abc/blif/radar20_stratix10_arch_timing.blif,1,0,,,,,,,,,,,,,,,,,,
radar20_stratix10_arch_timing.blif,/home/ayush/abc/blif/radar20_stratix10_arch_timing.blif,2,0,,,,,,,,,,,,,,,,,,
radar20_stratix10_arch_timing.blif,/home/ayush/abc/blif/radar20_stratix10_arch_timing.blif,3,0,,,,,,,,,,,,,,,,,,
rca_1bit.blif,/home/ayush/abc/blif/rca_1bit.blif,0,0,11.0,10,38,191.0,52.0,11.0,10,38,191.0,52.0,,,,,,,,
rca_1bit.blif,/home/ayush/abc/blif/rca_1bit.blif,1,0,11.0,10,36,202.0,56.0,11.0,10,38,191.0,52.0,0.0,0,-2,0.9473684210526315,11.0,1.057591623036649,4.0,1.0769230769230769
rca_1bit.blif,/home/ayush/abc/blif/rca_1bit.blif,2,0,11.0,10,33,216.0,59.0,11.0,10,38,191.0,52.0,0.0,0,-5,0.868421052631579,25.0,1.130890052356021,7.0,1.1346153846153846
rca_1bit.blif,/home/ayush/abc/blif/rca_1bit.blif,3,0,11.0,10,29,211.0,59.0,11.0,10,38,191.0,52.0,0.0,0,-9,0.7631578947368421,20.0,1.1047120418848169,7.0,1.1346153846153846
rca_2bit.blif,/home/ayush/abc/blif/rca_2bit.blif,0,0,22.0,20,127,286.0,95.0,22.0,20,127,286.0,95.0,,,,,,,,
rca_2bit.blif,/home/ayush/abc/blif/rca_2bit.blif,1,0,22.0,20,82,401.0,120.0,22.0,20,127,286.0,95.0,0.0,0,-45,0.6456692913385826,115.0,1.402097902097902,25.0,1.263157894736842
rca_2bit.blif,/home/ayush/abc/blif/rca_2bit.blif,2,0,22.0,20,70,372.0,100.0,22.0,20,127,286.0,95.0,0.0,0,-57,0.5511811023622047,86.0,1.3006993006993006,5.0,1.0526315789473684
rca_2bit.blif,/home/ayush/abc/blif/rca_2bit.blif,3,0,22.0,20,58,346.0,102.0,22.0,20,127,286.0,95.0,0.0,0,-69,0.4566929133858268,60.0,1.2097902097902098,7.0,1.0736842105263158
rca_3bit.blif,/home/ayush/abc/blif/rca_3bit.blif,0,0,34.0,30,279,514.0,180.0,34.0,30,279,514.0,180.0,,,,,,,,
rca_3bit.blif,/home/ayush/abc/blif/rca_3bit.blif,1,0,34.0,30,242,673.0,179.0,34.0,30,279,514.0,180.0,0.0,0,-37,0.8673835125448028,159.0,1.3093385214007782,-1.0,0.9944444444444445
rca_3bit.blif,/home/ayush/abc/blif/rca_3bit.blif,2,0,34.0,30,189,474.0,138.0,34.0,30,279,514.0,180.0,0.0,0,-90,0.6774193548387096,-40.0,0.9221789883268483,-42.0,0.7666666666666667
rca_3bit.blif,/home/ayush/abc/blif/rca_3bit.blif,3,0,34.0,30,133,479.0,137.0,34.0,30,279,514.0,180.0,0.0,0,-146,0.4767025089605735,-35.0,0.9319066147859922,-43.0,0.7611111111111111
rca_4bit.blif,/home/ayush/abc/blif/rca_4bit.blif,0,0,46.0,40,403,526.0,171.0,46.0,40,403,526.0,171.0,,,,,,,,
rca_4bit.blif,/home/ayush/abc/blif/rca_4bit.blif,1,0,46.0,40,345,619.0,175.0,46.0,40,403,526.0,171.0,0.0,0,-58,0.8560794044665012,93.0,1.1768060836501901,4.0,1.023391812865497
rca_4bit.blif,/home/ayush/abc/blif/rca_4bit.blif,2,0,46.0,40,267,756.0,214.0,46.0,40,403,526.0,171.0,0.0,0,-136,0.6625310173697271,230.0,1.4372623574144487,43.0,1.2514619883040936
rca_4bit.blif,/home/ayush/abc/blif/rca_4bit.blif,3,0,46.0,40,185,605.0,165.0,46.0,40,403,526.0,171.0,0.0,0,-218,0.45905707196029777,79.0,1.150190114068441,-6.0,0.9649122807017544
rca_5bit.blif,/home/ayush/abc/blif/rca_5bit.blif,0,0,53.0,49,422,700.0,277.0,53.0,49,422,700.0,277.0,,,,,,,,
rca_5bit.blif,/home/ayush/abc/blif/rca_5bit.blif,1,0,53.0,49,304,871.0,280.0,53.0,49,422,700.0,277.0,0.0,0,-118,0.7203791469194313,171.0,1.2442857142857142,3.0,1.0108303249097472
rca_5bit.blif,/home/ayush/abc/blif/rca_5bit.blif,2,0,53.0,49,252,672.0,198.0,53.0,49,422,700.0,277.0,0.0,0,-170,0.5971563981042654,-28.0,0.96,-79.0,0.7148014440433214
rca_5bit.blif,/home/ayush/abc/blif/rca_5bit.blif,3,0,53.0,49,182,666.0,196.0,53.0,49,422,700.0,277.0,0.0,0,-240,0.4312796208530806,-34.0,0.9514285714285714,-81.0,0.7075812274368231
rd53.blif,/home/ayush/abc/blif/rd53.blif,0,0,49.0,46,344,560.0,212.0,49.0,46,344,560.0,212.0,,,,,,,,
rd53.blif,/home/ayush/abc/blif/rd53.blif,1,0,49.0,46,214,596.0,202.0,49.0,46,344,560.0,212.0,0.0,0,-130,0.622093023255814,36.0,1.0642857142857143,-10.0,0.9528301886792453
rd53.blif,/home/ayush/abc/blif/rd53.blif,2,0,49.0,46,186,624.0,211.0,49.0,46,344,560.0,212.0,0.0,0,-158,0.5406976744186046,64.0,1.1142857142857143,-1.0,0.9952830188679245
rd53.blif,/home/ayush/abc/blif/rd53.blif,3,0,49.0,46,150,675.0,228.0,49.0,46,344,560.0,212.0,0.0,0,-194,0.436046511627907,115.0,1.2053571428571428,16.0,1.0754716981132075
rd73.blif,/home/ayush/abc/blif/rd73.blif,0,0,176.0,167,1342,2328.0,1018.0,176.0,167,1342,2328.0,1018.0,,,,,,,,
rd73.blif,/home/ayush/abc/blif/rd73.blif,1,0,176.0,167,850,2372.0,900.0,176.0,167,1342,2328.0,1018.0,0.0,0,-492,0.6333830104321908,44.0,1.0189003436426116,-118.0,0.8840864440078585
rd73.blif,/home/ayush/abc/blif/rd73.blif,2,0,176.0,167,712,1986.0,735.0,176.0,167,1342,2328.0,1018.0,0.0,0,-630,0.5305514157973175,-342.0,0.8530927835051546,-283.0,0.7220039292730844
rd73.blif,/home/ayush/abc/blif/rd73.blif,3,0,176.0,167,546,2183.0,816.0,176.0,167,1342,2328.0,1018.0,0.0,0,-796,0.4068554396423249,-145.0,0.9377147766323024,-202.0,0.8015717092337917
rd84.blif,/home/ayush/abc/blif/rd84.blif,0,0,385.0,374,2925,3809.0,1833.0,385.0,374,2925,3809.0,1833.0,,,,,,,,
rd84.blif,/home/ayush/abc/blif/rd84.blif,1,0,385.0,374,1934,4910.0,1966.0,385.0,374,2925,3809.0,1833.0,0.0,0,-991,0.6611965811965812,1101.0,1.289052244683644,133.0,1.072558647026732
rd84.blif,/home/ayush/abc/blif/rd84.blif,2,0,385.0,374,1625,3975.0,1703.0,385.0,374,2925,3809.0,1833.0,0.0,0,-1300,0.5555555555555556,166.0,1.0435809923864532,-130.0,0.9290780141843972
rd84.blif,/home/ayush/abc/blif/rd84.blif,3,0,385.0,374,1236,4540.0,2091.0,385.0,374,2925,3809.0,1833.0,0.0,0,-1689,0.42256410256410254,731.0,1.1919138881596218,258.0,1.1407528641571194
reg_4x32.blif,/home/ayush/abc/blif/reg_4x32.blif,0,0,160.0,0,0,145.0,41.0,160.0,0,0,145.0,41.0,,,,,,,,
reg_4x32.blif,/home/ayush/abc/blif/reg_4x32.blif,1,0,160.0,0,0,167.0,33.0,160.0,0,0,145.0,41.0,0.0,0,0,,22.0,1.1517241379310346,-8.0,0.8048780487804879
reg_4x32.blif,/home/ayush/abc/blif/reg_4x32.blif,2,0,160.0,0,0,169.0,32.0,160.0,0,0,145.0,41.0,0.0,0,0,,24.0,1.1655172413793105,-9.0,0.7804878048780488
reg_4x32.blif,/home/ayush/abc/blif/reg_4x32.blif,3,0,160.0,0,0,167.0,34.0,160.0,0,0,145.0,41.0,0.0,0,0,,22.0,1.1517241379310346,-7.0,0.8292682926829268
rot.blif,/home/ayush/abc/blif/rot.blif,0,0,796.0,699,5089,8545.0,3788.0,796.0,699,5089,8545.0,3788.0,,,,,,,,
rot.blif,/home/ayush/abc/blif/rot.blif,1,0,796.0,699,3454,7231.0,2844.0,796.0,699,5089,8545.0,3788.0,0.0,0,-1635,0.6787188052662606,-1314.0,0.8462258630778233,-944.0,0.750791974656811
rot.blif,/home/ayush/abc/blif/rot.blif,2,0,796.0,699,2908,6664.0,2551.0,796.0,699,5089,8545.0,3788.0,0.0,0,-2181,0.5714285714285714,-1881.0,0.7798712697483908,-1237.0,0.6734424498416051
rot.blif,/home/ayush/abc/blif/rot.blif,3,0,796.0,699,2223,6826.0,2620.0,796.0,699,5089,8545.0,3788.0,0.0,0,-2866,0.43682452348202006,-1719.0,0.7988297249853715,-1168.0,0.6916578669482577
s1.blif,/home/ayush/abc/blif/s1.blif,0,0,531.0,498,4690,5398.0,2290.0,531.0,498,4690,5398.0,2290.0,,,,,,,,
s1.blif,/home/ayush/abc/blif/s1.blif,1,0,531.0,498,2730,5780.0,1791.0,531.0,498,4690,5398.0,2290.0,0.0,0,-1960,0.582089552238806,382.0,1.0707669507224897,-499.0,0.7820960698689956
s1.blif,/home/ayush/abc/blif/s1.blif,2,0,531.0,498,2232,7100.0,2670.0,531.0,498,4690,5398.0,2290.0,0.0,0,-2458,0.4759061833688699,1702.0,1.3153019636902556,380.0,1.165938864628821
s1.blif,/home/ayush/abc/blif/s1.blif,3,0,531.0,498,1677,5947.0,1732.0,531.0,498,4690,5398.0,2290.0,0.0,0,-3013,0.3575692963752665,549.0,1.1017043349388662,-558.0,0.7563318777292577
s1196.blif,/home/ayush/abc/blif/s1196.blif,0,0,738.0,703,5545,6815.0,3005.0,738.0,703,5545,6815.0,3005.0,,,,,,,,
s1196.blif,/home/ayush/abc/blif/s1196.blif,1,0,738.0,703,3574,8853.0,3407.0,738.0,703,5545,6815.0,3005.0,0.0,0,-1971,0.6445446348061317,2038.0,1.299046221570066,402.0,1.1337770382695507
s1196.blif,/home/ayush/abc/blif/s1196.blif,2,0,738.0,703,2958,9151.0,3278.0,738.0,703,5545,6815.0,3005.0,0.0,0,-2587,0.533453561767358,2336.0,1.3427732942039619,273.0,1.090848585690516
s1196.blif,/home/ayush/abc/blif/s1196.blif,3,0,738.0,703,2221,6546.0,2452.0,738.0,703,5545,6815.0,3005.0,0.0,0,-3324,0.4005410279531109,-269.0,0.9605282465150403,-553.0,0.8159733777038269
s1238.blif,/home/ayush/abc/blif/s1238.blif,0,0,782.0,749,5759,6539.0,3027.0,782.0,749,5759,6539.0,3027.0,,,,,,,,
s1238.blif,/home/ayush/abc/blif/s1238.blif,1,0,782.0,749,3749,8069.0,2997.0,782.0,749,5759,6539.0,3027.0,0.0,0,-2010,0.6509810731029693,1530.0,1.2339807309986237,-30.0,0.9900891972249752
s1238.blif,/home/ayush/abc/blif/s1238.blif,2,0,782.0,749,3138,7091.0,2602.0,782.0,749,5759,6539.0,3027.0,0.0,0,-2621,0.5448862649765585,552.0,1.084416577458327,-425.0,0.859596960687149
s1238.blif,/home/ayush/abc/blif/s1238.blif,3,0,782.0,749,2397,8237.0,3064.0,782.0,749,5759,6539.0,3027.0,0.0,0,-3362,0.41621809341899635,1698.0,1.2596727328337667,37.0,1.0122233234225306
s1423.blif,/home/ayush/abc/blif/s1423.blif,0,0,790.0,713,5326,5118.0,2180.0,790.0,713,5326,5118.0,2180.0,,,,,,,,
s1423.blif,/home/ayush/abc/blif/s1423.blif,1,0,790.0,713,3927,8056.0,2649.0,790.0,713,5326,5118.0,2180.0,0.0,0,-1399,0.7373263236950808,2938.0,1.5740523642047675,469.0,1.215137614678899
s1423.blif,/home/ayush/abc/blif/s1423.blif,2,0,790.0,713,3358,6444.0,2397.0,790.0,713,5326,5118.0,2180.0,0.0,0,-1968,0.6304919263987984,1326.0,1.2590855803048067,217.0,1.0995412844036698
s1423.blif,/home/ayush/abc/blif/s1423.blif,3,0,790.0,713,2546,6361.0,2324.0,790.0,713,5326,5118.0,2180.0,0.0,0,-2780,0.4780322944048066,1243.0,1.2428683079327862,144.0,1.0660550458715596
s1488.blif,/home/ayush/abc/blif/s1488.blif,0,0,655.0,639,3948,5128.0,2635.0,655.0,639,3948,5128.0,2635.0,,,,,,,,
s1488.blif,/home/ayush/abc/blif/s1488.blif,1,0,655.0,639,2986,6535.0,2958.0,655.0,639,3948,5128.0,2635.0,0.0,0,-962,0.7563323201621074,1407.0,1.2743759750390016,323.0,1.1225806451612903
s1488.blif,/home/ayush/abc/blif/s1488.blif,2,0,655.0,639,2567,6145.0,2729.0,655.0,639,3948,5128.0,2635.0,0.0,0,-1381,0.6502026342451874,1017.0,1.1983229329173166,94.0,1.035673624288425
s1488.blif,/home/ayush/abc/blif/s1488.blif,3,0,655.0,639,2033,5305.0,2323.0,655.0,639,3948,5128.0,2635.0,0.0,0,-1915,0.5149442755825735,177.0,1.0345163806552262,-312.0,0.8815939278937381
s1494.blif,/home/ayush/abc/blif/s1494.blif,0,0,654.0,640,4136,4748.0,2319.0,654.0,640,4136,4748.0,2319.0,,,,,,,,
s1494.blif,/home/ayush/abc/blif/s1494.blif,1,0,654.0,640,3098,5501.0,2445.0,654.0,640,4136,4748.0,2319.0,0.0,0,-1038,0.7490328820116054,753.0,1.1585930918281382,126.0,1.054333764553687
s1494.blif,/home/ayush/abc/blif/s1494.blif,2,0,654.0,640,2653,7118.0,3089.0,654.0,640,4136,4748.0,2319.0,0.0,0,-1483,0.6414410058027079,2370.0,1.4991575400168493,770.0,1.3320396722725312
s1494.blif,/home/ayush/abc/blif/s1494.blif,3,0,654.0,640,2049,6747.0,2991.0,654.0,640,4136,4748.0,2319.0,0.0,0,-2087,0.4954061895551257,1999.0,1.4210193765796124,672.0,1.2897800776196637
s208.1.blif,/home/ayush/abc/blif/s208.1.blif,0,0,83.0,77,431,833.0,370.0,83.0,77,431,833.0,370.0,,,,,,,,
s208.1.blif,/home/ayush/abc/blif/s208.1.blif,1,0,83.0,77,340,971.0,386.0,83.0,77,431,833.0,370.0,0.0,0,-91,0.7888631090487239,138.0,1.1656662665066027,16.0,1.0432432432432432
s208.1.blif,/home/ayush/abc/blif/s208.1.blif,2,0,83.0,77,287,872.0,341.0,83.0,77,431,833.0,370.0,0.0,0,-144,0.665893271461717,39.0,1.0468187274909964,-29.0,0.9216216216216216
s208.1.blif,/home/ayush/abc/blif/s208.1.blif,3,0,83.0,77,219,946.0,360.0,83.0,77,431,833.0,370.0,0.0,0,-212,0.5081206496519721,113.0,1.1356542617046819,-10.0,0.972972972972973
s208.blif,/home/ayush/abc/blif/s208.blif,0,0,49.0,45,187,617.0,295.0,49.0,45,187,617.0,295.0,,,,,,,,
s208.blif,/home/ayush/abc/blif/s208.blif,1,0,49.0,45,167,598.0,241.0,49.0,45,187,617.0,295.0,0.0,0,-20,0.893048128342246,-19.0,0.9692058346839546,-54.0,0.8169491525423729
s208.blif,/home/ayush/abc/blif/s208.blif,2,0,49.0,45,151,579.0,241.0,49.0,45,187,617.0,295.0,0.0,0,-36,0.8074866310160428,-38.0,0.9384116693679092,-54.0,0.8169491525423729
s208.blif,/home/ayush/abc/blif/s208.blif,3,0,49.0,45,121,598.0,246.0,49.0,45,187,617.0,295.0,0.0,0,-66,0.6470588235294118,-19.0,0.9692058346839546,-49.0,0.8338983050847457
s27.blif,/home/ayush/abc/blif/s27.blif,0,0,29.0,25,130,302.0,117.0,29.0,25,130,302.0,117.0,,,,,,,,
s27.blif,/home/ayush/abc/blif/s27.blif,1,0,29.0,25,101,398.0,141.0,29.0,25,130,302.0,117.0,0.0,0,-29,0.7769230769230769,96.0,1.3178807947019868,24.0,1.205128205128205
s27.blif,/home/ayush/abc/blif/s27.blif,2,0,29.0,25,92,415.0,145.0,29.0,25,130,302.0,117.0,0.0,0,-38,0.7076923076923077,113.0,1.3741721854304636,28.0,1.2393162393162394
s27.blif,/home/ayush/abc/blif/s27.blif,3,0,29.0,25,76,391.0,136.0,29.0,25,130,302.0,117.0,0.0,0,-54,0.5846153846153846,89.0,1.294701986754967,19.0,1.1623931623931625
s298.blif,/home/ayush/abc/blif/s298.blif,0,0,3194.0,3144,34173,41294.0,20986.0,3194.0,3144,34173,41294.0,20986.0,,,,,,,,
s298.blif,/home/ayush/abc/blif/s298.blif,1,0,3194.0,3144,17674,53953.0,22555.0,3194.0,3144,34173,41294.0,20986.0,0.0,0,-16499,0.5171919351534837,12659.0,1.306557853441178,1569.0,1.0747641284665967
s298.blif,/home/ayush/abc/blif/s298.blif,2,0,3194.0,3144,14731,57245.0,24065.0,3194.0,3144,34173,41294.0,20986.0,0.0,0,-19442,0.43107131361016005,15951.0,1.3862788782874025,3079.0,1.1467168588582866
s298.blif,/home/ayush/abc/blif/s298.blif,3,0,3194.0,3144,11617,61624.0,25503.0,3194.0,3144,34173,41294.0,20986.0,0.0,0,-22556,0.33994674157960963,20330.0,1.4923233399525355,4517.0,1.215238730582293
s298.pre-vpr.blif,/home/ayush/abc/blif/s298.pre-vpr.blif,0,0,2386.0,2313,26189,32413.0,15358.0,2386.0,2313,26189,32413.0,15358.0,,,,,,,,
s298.pre-vpr.blif,/home/ayush/abc/blif/s298.pre-vpr.blif,1,0,2386.0,2313,14294,34529.0,13091.0,2386.0,2313,26189,32413.0,15358.0,0.0,0,-11895,0.5458016724579021,2116.0,1.0652824484003331,-2267.0,0.8523896340669358
s298.pre-vpr.blif,/home/ayush/abc/blif/s298.pre-vpr.blif,2,0,2386.0,2313,11450,38554.0,14304.0,2386.0,2313,26189,32413.0,15358.0,0.0,0,-14739,0.43720646072778646,6141.0,1.189461018727054,-1054.0,0.9313712723010809
s298.pre-vpr.blif,/home/ayush/abc/blif/s298.pre-vpr.blif,3,0,2386.0,2313,8288,30435.0,11022.0,2386.0,2313,26189,32413.0,15358.0,0.0,0,-17901,0.3164687464202528,-1978.0,0.9389751025822972,-4336.0,0.7176715718192473
s298.wiremap_area.blif,/home/ayush/abc/blif/s298.wiremap_area.blif,0,0,2318.0,2238,26384,40427.0,19190.0,2318.0,2238,26384,40427.0,19190.0,,,,,,,,
s298.wiremap_area.blif,/home/ayush/abc/blif/s298.wiremap_area.blif,1,0,2318.0,2238,14434,47288.0,19223.0,2318.0,2238,26384,40427.0,19190.0,0.0,0,-11950,0.5470739842328685,6861.0,1.1697133104113588,33.0,1.0017196456487754
s298.wiremap_area.blif,/home/ayush/abc/blif/s298.wiremap_area.blif,2,0,2318.0,2238,11462,43119.0,16541.0,2318.0,2238,26384,40427.0,19190.0,0.0,0,-14922,0.43442995755003033,2692.0,1.0665891607094269,-2649.0,0.8619593538301199
s298.wiremap_area.blif,/home/ayush/abc/blif/s298.wiremap_area.blif,3,0,2318.0,2238,8108,40616.0,15205.0,2318.0,2238,26384,40427.0,19190.0,0.0,0,-18276,0.3073074590661007,189.0,1.0046750933781878,-3985.0,0.7923397602918186
s298.wiremap_depth.blif,/home/ayush/abc/blif/s298.wiremap_depth.blif,0,0,2386.0,2313,26189,28339.0,13089.0,2386.0,2313,26189,28339.0,13089.0,,,,,,,,
s298.wiremap_depth.blif,/home/ayush/abc/blif/s298.wiremap_depth.blif,1,0,2386.0,2313,14294,34787.0,13037.0,2386.0,2313,26189,28339.0,13089.0,0.0,0,-11895,0.5458016724579021,6448.0,1.2275309643953562,-52.0,0.9960271984108794
s298.wiremap_depth.blif,/home/ayush/abc/blif/s298.wiremap_depth.blif,2,0,2386.0,2313,11450,40723.0,15866.0,2386.0,2313,26189,28339.0,13089.0,0.0,0,-14739,0.43720646072778646,12384.0,1.4369949539503863,2777.0,1.212162884865154
s298.wiremap_depth.blif,/home/ayush/abc/blif/s298.wiremap_depth.blif,3,0,2386.0,2313,8288,34161.0,12604.0,2386.0,2313,26189,28339.0,13089.0,0.0,0,-17901,0.3164687464202528,5822.0,1.2054412646882389,-485.0,0.962945985178394
s344.blif,/home/ayush/abc/blif/s344.blif,0,0,176.0,158,1089,1595.0,712.0,176.0,158,1089,1595.0,712.0,,,,,,,,
s344.blif,/home/ayush/abc/blif/s344.blif,1,0,176.0,158,795,2028.0,760.0,176.0,158,1089,1595.0,712.0,0.0,0,-294,0.7300275482093664,433.0,1.271473354231975,48.0,1.0674157303370786
s344.blif,/home/ayush/abc/blif/s344.blif,2,0,176.0,158,662,1454.0,534.0,176.0,158,1089,1595.0,712.0,0.0,0,-427,0.6078971533516988,-141.0,0.9115987460815047,-178.0,0.75
s344.blif,/home/ayush/abc/blif/s344.blif,3,0,176.0,158,501,1754.0,649.0,176.0,158,1089,1595.0,712.0,0.0,0,-588,0.46005509641873277,159.0,1.0996865203761756,-63.0,0.9115168539325843
s349.blif,/home/ayush/abc/blif/s349.blif,0,0,176.0,158,1089,1439.0,606.0,176.0,158,1089,1439.0,606.0,,,,,,,,
s349.blif,/home/ayush/abc/blif/s349.blif,1,0,176.0,158,795,1536.0,570.0,176.0,158,1089,1439.0,606.0,0.0,0,-294,0.7300275482093664,97.0,1.0674079221681723,-36.0,0.9405940594059405
s349.blif,/home/ayush/abc/blif/s349.blif,2,0,176.0,158,662,1543.0,558.0,176.0,158,1089,1439.0,606.0,0.0,0,-427,0.6078971533516988,104.0,1.0722724113968034,-48.0,0.9207920792079208
s349.blif,/home/ayush/abc/blif/s349.blif,3,0,176.0,158,501,1783.0,638.0,176.0,158,1089,1439.0,606.0,0.0,0,-588,0.46005509641873277,344.0,1.2390548992355803,32.0,1.0528052805280528
s382.blif,/home/ayush/abc/blif/s382.blif,0,0,167.0,148,919,1271.0,572.0,167.0,148,919,1271.0,572.0,,,,,,,,
s382.blif,/home/ayush/abc/blif/s382.blif,1,0,167.0,148,732,1290.0,504.0,167.0,148,919,1271.0,572.0,0.0,0,-187,0.7965179542981502,19.0,1.014948859166011,-68.0,0.8811188811188811
s382.blif,/home/ayush/abc/blif/s382.blif,2,0,167.0,148,626,1615.0,636.0,167.0,148,919,1271.0,572.0,0.0,0,-293,0.6811751904243744,344.0,1.2706530291109364,64.0,1.1118881118881119
s382.blif,/home/ayush/abc/blif/s382.blif,3,0,167.0,148,491,1540.0,526.0,167.0,148,919,1271.0,572.0,0.0,0,-428,0.5342763873775843,269.0,1.2116443745082612,-46.0,0.9195804195804196
s38417.blif,/home/ayush/abc/blif/s38417.blif,0,0,12654.0,11267,133362,187913.0,61754.0,12654.0,11267,133362,187913.0,61754.0,,,,,,,,
s38417.blif,/home/ayush/abc/blif/s38417.blif,1,0,12651.0,11267,69362,187022.0,60007.0,12654.0,11267,133362,187913.0,61754.0,-3.0,0,-64000,0.5201031778167694,-891.0,0.9952584440672013,-1747.0,0.9717103345532273
s38417.blif,/home/ayush/abc/blif/s38417.blif,2,0,12651.0,11267,55310,210464.0,64790.0,12654.0,11267,133362,187913.0,61754.0,-3.0,0,-78052,0.4147358317961638,22551.0,1.1200076631206994,3036.0,1.0491628072675454
s38417.blif,/home/ayush/abc/blif/s38417.blif,3,0,12651.0,11267,39524,162493.0,50090.0,12654.0,11267,133362,187913.0,61754.0,-3.0,0,-93838,0.29636628124953135,-25420.0,0.8647246332079207,-11664.0,0.8111215467823947
s38417.pre-vpr.blif,/home/ayush/abc/blif/s38417.pre-vpr.blif,0,0,10246.0,9137,106595,116460.0,46821.0,10246.0,9137,106595,116460.0,46821.0,,,,,,,,
s38417.pre-vpr.blif,/home/ayush/abc/blif/s38417.pre-vpr.blif,1,0,10246.0,9137,55911,135005.0,42392.0,10246.0,9137,106595,116460.0,46821.0,0.0,0,-50684,0.5245180355551387,18545.0,1.1592392237678173,-4429.0,0.9054056940261849
s38417.pre-vpr.blif,/home/ayush/abc/blif/s38417.pre-vpr.blif,2,0,10246.0,9137,44850,131077.0,40410.0,10246.0,9137,106595,116460.0,46821.0,0.0,0,-61745,0.42075144237534595,14617.0,1.1255109050317706,-6411.0,0.8630742615493048
s38417.pre-vpr.blif,/home/ayush/abc/blif/s38417.pre-vpr.blif,3,0,10246.0,9137,32244,127473.0,38722.0,10246.0,9137,106595,116460.0,46821.0,0.0,0,-74351,0.3024907359632253,11013.0,1.0945646573930963,-8099.0,0.8270220627496209
s38417.wiremap_area.blif,/home/ayush/abc/blif/s38417.wiremap_area.blif,0,0,10105.0,8972,104787,124102.0,48196.0,10105.0,8972,104787,124102.0,48196.0,,,,,,,,
s38417.wiremap_area.blif,/home/ayush/abc/blif/s38417.wiremap_area.blif,1,0,10105.0,8972,55083,154972.0,48301.0,10105.0,8972,104787,124102.0,48196.0,0.0,0,-49704,0.5256663517421054,30870.0,1.2487469984367698,105.0,1.0021786040335297
s38417.wiremap_area.blif,/home/ayush/abc/blif/s38417.wiremap_area.blif,2,0,10105.0,8972,44189,127332.0,39075.0,10105.0,8972,104787,124102.0,48196.0,0.0,0,-60598,0.4217030738545812,3230.0,1.0260269778085769,-9121.0,0.8107519296207154
s38417.wiremap_area.blif,/home/ayush/abc/blif/s38417.wiremap_area.blif,3,0,10105.0,8972,31762,155010.0,46049.0,10105.0,8972,104787,124102.0,48196.0,0.0,0,-73025,0.3031101186215847,30908.0,1.2490531981756943,-2147.0,0.9554527346667774
s38417.wiremap_depth.blif,/home/ayush/abc/blif/s38417.wiremap_depth.blif,0,0,10246.0,9137,106595,112925.0,45026.0,10246.0,9137,106595,112925.0,45026.0,,,,,,,,
s38417.wiremap_depth.blif,/home/ayush/abc/blif/s38417.wiremap_depth.blif,1,0,10246.0,9137,55911,168543.0,52431.0,10246.0,9137,106595,112925.0,45026.0,0.0,0,-50684,0.5245180355551387,55618.0,1.4925215851228693,7405.0,1.1644605339137388
s38417.wiremap_depth.blif,/home/ayush/abc/blif/s38417.wiremap_depth.blif,2,0,10246.0,9137,44850,153492.0,47422.0,10246.0,9137,106595,112925.0,45026.0,0.0,0,-61745,0.42075144237534595,40567.0,1.359238432588001,2396.0,1.0532136987518324
s38417.wiremap_depth.blif,/home/ayush/abc/blif/s38417.wiremap_depth.blif,3,0,10246.0,9137,32244,150267.0,44875.0,10246.0,9137,106595,112925.0,45026.0,0.0,0,-74351,0.3024907359632253,37342.0,1.3306796546380342,-151.0,0.9966463820903478
s38584.1.blif,/home/ayush/abc/blif/s38584.1.blif,0,0,13390.0,12275,90655,111833.0,57713.0,13390.0,12275,90655,111833.0,57713.0,,,,,,,,
s38584.1.blif,/home/ayush/abc/blif/s38584.1.blif,1,0,13390.0,12275,61544,141703.0,61978.0,13390.0,12275,90655,111833.0,57713.0,0.0,0,-29111,0.6788814737190447,29870.0,1.2670946858261873,4265.0,1.0739001611422037
s38584.1.blif,/home/ayush/abc/blif/s38584.1.blif,2,0,13390.0,12275,51846,145531.0,63743.0,13390.0,12275,90655,111833.0,57713.0,0.0,0,-38809,0.5719044730020407,33698.0,1.3013242960485725,6030.0,1.104482525600818
s38584.1.blif,/home/ayush/abc/blif/s38584.1.blif,3,0,13390.0,12275,39860,118379.0,51086.0,13390.0,12275,90655,111833.0,57713.0,0.0,0,-50795,0.4396889305609178,6546.0,1.0585337065088123,-6627.0,0.885173184551141
s38584.1.pre-vpr.blif,/home/ayush/abc/blif/s38584.1.pre-vpr.blif,0,0,11133.0,10034,75600,100697.0,52456.0,11133.0,10034,75600,100697.0,52456.0,,,,,,,,
s38584.1.pre-vpr.blif,/home/ayush/abc/blif/s38584.1.pre-vpr.blif,1,0,11133.0,10034,53696,112689.0,49769.0,11133.0,10034,75600,100697.0,52456.0,0.0,0,-21904,0.7102645502645503,11992.0,1.1190899430966166,-2687.0,0.9487761171267348
s38584.1.pre-vpr.blif,/home/ayush/abc/blif/s38584.1.pre-vpr.blif,2,0,11133.0,10034,44763,105657.0,50557.0,11133.0,10034,75600,100697.0,52456.0,0.0,0,-30837,0.5921031746031746,4960.0,1.0492566809338908,-1899.0,0.9637982308982767
s38584.1.pre-vpr.blif,/home/ayush/abc/blif/s38584.1.pre-vpr.blif,3,0,11133.0,10034,33581,95731.0,41777.0,11133.0,10034,75600,100697.0,52456.0,0.0,0,-42019,0.4441931216931217,-4966.0,0.9506837343714312,-10679.0,0.7964198566417569
s38584.1.wiremap_area.blif,/home/ayush/abc/blif/s38584.1.wiremap_area.blif,0,0,11028.0,9928,74767,102505.0,53174.0,11028.0,9928,74767,102505.0,53174.0,,,,,,,,
s38584.1.wiremap_area.blif,/home/ayush/abc/blif/s38584.1.wiremap_area.blif,1,0,11028.0,9928,53167,125565.0,55614.0,11028.0,9928,74767,102505.0,53174.0,0.0,0,-21600,0.7111024917410087,23060.0,1.224964635871421,2440.0,1.0458870876744273
s38584.1.wiremap_area.blif,/home/ayush/abc/blif/s38584.1.wiremap_area.blif,2,0,11028.0,9928,44353,100990.0,44708.0,11028.0,9928,74767,102505.0,53174.0,0.0,0,-30414,0.5932162585097703,-1515.0,0.985220233159358,-8466.0,0.8407868507165156
s38584.1.wiremap_area.blif,/home/ayush/abc/blif/s38584.1.wiremap_area.blif,3,0,11028.0,9928,33281,107048.0,47086.0,11028.0,9928,74767,102505.0,53174.0,0.0,0,-41486,0.4451295357577541,4543.0,1.0443197892785718,-6088.0,0.8855079550156091
s38584.1.wiremap_depth.blif,/home/ayush/abc/blif/s38584.1.wiremap_depth.blif,0,0,11133.0,10034,75600,99555.0,51566.0,11133.0,10034,75600,99555.0,51566.0,,,,,,,,
s38584.1.wiremap_depth.blif,/home/ayush/abc/blif/s38584.1.wiremap_depth.blif,1,0,11133.0,10034,53696,93401.0,41366.0,11133.0,10034,75600,99555.0,51566.0,0.0,0,-21904,0.7102645502645503,-6154.0,0.9381849229069359,-10200.0,0.8021952449288291
s38584.1.wiremap_depth.blif,/home/ayush/abc/blif/s38584.1.wiremap_depth.blif,2,0,11133.0,10034,44763,92816.0,40645.0,11133.0,10034,75600,99555.0,51566.0,0.0,0,-30837,0.5921031746031746,-6739.0,0.932308774044498,-10921.0,0.7882131637125237
s38584.1.wiremap_depth.blif,/home/ayush/abc/blif/s38584.1.wiremap_depth.blif,3,0,11133.0,10034,33581,98846.0,42796.0,11133.0,10034,75600,99555.0,51566.0,0.0,0,-42019,0.4441931216931217,-709.0,0.9928783084727035,-8770.0,0.8299266958848854
s386.blif,/home/ayush/abc/blif/s386.blif,0,0,150.0,143,768,1159.0,510.0,150.0,143,768,1159.0,510.0,,,,,,,,
s386.blif,/home/ayush/abc/blif/s386.blif,1,0,150.0,143,588,1256.0,533.0,150.0,143,768,1159.0,510.0,0.0,0,-180,0.765625,97.0,1.0836928386540121,23.0,1.0450980392156863
s386.blif,/home/ayush/abc/blif/s386.blif,2,0,150.0,143,524,1465.0,609.0,150.0,143,768,1159.0,510.0,0.0,0,-244,0.6822916666666666,306.0,1.264020707506471,99.0,1.1941176470588235
s386.blif,/home/ayush/abc/blif/s386.blif,3,0,150.0,143,425,2389.0,1068.0,150.0,143,768,1159.0,510.0,0.0,0,-343,0.5533854166666666,1230.0,2.0612597066436584,558.0,2.0941176470588236
s400.blif,/home/ayush/abc/blif/s400.blif,0,0,177.0,156,942,1523.0,676.0,177.0,156,942,1523.0,676.0,,,,,,,,
s400.blif,/home/ayush/abc/blif/s400.blif,1,0,177.0,156,743,1286.0,508.0,177.0,156,942,1523.0,676.0,0.0,0,-199,0.7887473460721869,-237.0,0.8443860801050558,-168.0,0.7514792899408284
s400.blif,/home/ayush/abc/blif/s400.blif,2,0,177.0,156,635,1390.0,537.0,177.0,156,942,1523.0,676.0,0.0,0,-307,0.6740976645435244,-133.0,0.912672357189757,-139.0,0.7943786982248521
s400.blif,/home/ayush/abc/blif/s400.blif,3,0,177.0,156,497,1366.0,506.0,177.0,156,942,1523.0,676.0,0.0,0,-445,0.5276008492569002,-157.0,0.896913985554826,-170.0,0.7485207100591716
s420.1.blif,/home/ayush/abc/blif/s420.1.blif,0,0,202.0,187,1184,1695.0,803.0,202.0,187,1184,1695.0,803.0,,,,,,,,
s420.1.blif,/home/ayush/abc/blif/s420.1.blif,1,0,202.0,187,909,2009.0,835.0,202.0,187,1184,1695.0,803.0,0.0,0,-275,0.7677364864864865,314.0,1.185250737463127,32.0,1.0398505603985055
s420.1.blif,/home/ayush/abc/blif/s420.1.blif,2,0,202.0,187,761,1743.0,745.0,202.0,187,1184,1695.0,803.0,0.0,0,-423,0.6427364864864865,48.0,1.0283185840707965,-58.0,0.9277708592777086
s420.1.blif,/home/ayush/abc/blif/s420.1.blif,3,0,202.0,187,574,1488.0,623.0,202.0,187,1184,1695.0,803.0,0.0,0,-610,0.4847972972972973,-207.0,0.8778761061946903,-180.0,0.775840597758406
s420.blif,/home/ayush/abc/blif/s420.blif,0,0,73.0,68,329,543.0,259.0,73.0,68,329,543.0,259.0,,,,,,,,
s420.blif,/home/ayush/abc/blif/s420.blif,1,0,73.0,68,285,660.0,275.0,73.0,68,329,543.0,259.0,0.0,0,-44,0.8662613981762918,117.0,1.2154696132596685,16.0,1.0617760617760619
s420.blif,/home/ayush/abc/blif/s420.blif,2,0,73.0,68,249,759.0,328.0,73.0,68,329,543.0,259.0,0.0,0,-80,0.756838905775076,216.0,1.3977900552486189,69.0,1.2664092664092663
s420.blif,/home/ayush/abc/blif/s420.blif,3,0,73.0,68,199,827.0,346.0,73.0,68,329,543.0,259.0,0.0,0,-130,0.6048632218844985,284.0,1.5230202578268877,87.0,1.335907335907336
s444.blif,/home/ayush/abc/blif/s444.blif,0,0,189.0,172,1024,1257.0,568.0,189.0,172,1024,1257.0,568.0,,,,,,,,
s444.blif,/home/ayush/abc/blif/s444.blif,1,0,189.0,172,794,1466.0,570.0,189.0,172,1024,1257.0,568.0,0.0,0,-230,0.775390625,209.0,1.1662688941925219,2.0,1.0035211267605635
s444.blif,/home/ayush/abc/blif/s444.blif,2,0,189.0,172,681,1479.0,586.0,189.0,172,1024,1257.0,568.0,0.0,0,-343,0.6650390625,222.0,1.1766109785202863,18.0,1.0316901408450705
s444.blif,/home/ayush/abc/blif/s444.blif,3,0,189.0,172,534,1713.0,679.0,189.0,172,1024,1257.0,568.0,0.0,0,-490,0.521484375,456.0,1.3627684964200477,111.0,1.1954225352112675
s510.blif,/home/ayush/abc/blif/s510.blif,0,0,252.0,239,1393,2114.0,1044.0,252.0,239,1393,2114.0,1044.0,,,,,,,,
s510.blif,/home/ayush/abc/blif/s510.blif,1,0,252.0,239,1037,2175.0,924.0,252.0,239,1393,2114.0,1044.0,0.0,0,-356,0.7444364680545585,61.0,1.0288552507095554,-120.0,0.8850574712643678
s510.blif,/home/ayush/abc/blif/s510.blif,2,0,252.0,239,882,1996.0,854.0,252.0,239,1393,2114.0,1044.0,0.0,0,-511,0.6331658291457286,-118.0,0.9441816461684012,-190.0,0.8180076628352491
s510.blif,/home/ayush/abc/blif/s510.blif,3,0,252.0,239,677,2292.0,997.0,252.0,239,1393,2114.0,1044.0,0.0,0,-716,0.48600143575017946,178.0,1.0842005676442763,-47.0,0.9549808429118773
s526.blif,/home/ayush/abc/blif/s526.blif,0,0,203.0,181,1120,1522.0,678.0,203.0,181,1120,1522.0,678.0,,,,,,,,
s526.blif,/home/ayush/abc/blif/s526.blif,1,0,203.0,181,897,1691.0,674.0,203.0,181,1120,1522.0,678.0,0.0,0,-223,0.8008928571428572,169.0,1.1110381077529565,-4.0,0.9941002949852508
s526.blif,/home/ayush/abc/blif/s526.blif,2,0,203.0,181,766,1728.0,680.0,203.0,181,1120,1522.0,678.0,0.0,0,-354,0.6839285714285714,206.0,1.135348226018397,2.0,1.0029498525073746
s526.blif,/home/ayush/abc/blif/s526.blif,3,0,203.0,181,585,1863.0,770.0,203.0,181,1120,1522.0,678.0,0.0,0,-535,0.5223214285714286,341.0,1.2240473061760841,92.0,1.135693215339233
s526n.blif,/home/ayush/abc/blif/s526n.blif,0,0,220.0,196,1156,1824.0,864.0,220.0,196,1156,1824.0,864.0,,,,,,,,
s526n.blif,/home/ayush/abc/blif/s526n.blif,1,0,220.0,196,929,1929.0,802.0,220.0,196,1156,1824.0,864.0,0.0,0,-227,0.8036332179930796,105.0,1.0575657894736843,-62.0,0.9282407407407407
s526n.blif,/home/ayush/abc/blif/s526n.blif,2,0,220.0,196,799,1621.0,664.0,220.0,196,1156,1824.0,864.0,0.0,0,-357,0.6911764705882353,-203.0,0.8887061403508771,-200.0,0.7685185185185185
s526n.blif,/home/ayush/abc/blif/s526n.blif,3,0,220.0,196,618,1641.0,678.0,220.0,196,1156,1824.0,864.0,0.0,0,-538,0.5346020761245674,-183.0,0.899671052631579,-186.0,0.7847222222222222
s5378.blif,/home/ayush/abc/blif/s5378.blif,0,0,1950.0,1800,14948,18934.0,8746.0,1950.0,1800,14948,18934.0,8746.0,,,,,,,,
s5378.blif,/home/ayush/abc/blif/s5378.blif,1,0,1950.0,1800,9579,21187.0,8098.0,1950.0,1800,14948,18934.0,8746.0,0.0,0,-5369,0.6408215145838908,2253.0,1.1189922890039083,-648.0,0.92590898696547
s5378.blif,/home/ayush/abc/blif/s5378.blif,2,0,1950.0,1800,8052,21061.0,7968.0,1950.0,1800,14948,18934.0,8746.0,0.0,0,-6896,0.5386673802515387,2127.0,1.112337593746699,-778.0,0.9110450491653327
s5378.blif,/home/ayush/abc/blif/s5378.blif,3,0,1950.0,1800,6157,22087.0,8355.0,1950.0,1800,14948,18934.0,8746.0,0.0,0,-8791,0.4118945678351619,3153.0,1.166525826555403,-391.0,0.9552938486165105
s641.blif,/home/ayush/abc/blif/s641.blif,0,0,220.0,195,1238,1368.0,658.0,220.0,195,1238,1368.0,658.0,,,,,,,,
s641.blif,/home/ayush/abc/blif/s641.blif,1,0,220.0,195,1001,2160.0,922.0,220.0,195,1238,1368.0,658.0,0.0,0,-237,0.808562197092084,792.0,1.5789473684210527,264.0,1.4012158054711246
s641.blif,/home/ayush/abc/blif/s641.blif,2,0,220.0,195,852,1665.0,691.0,220.0,195,1238,1368.0,658.0,0.0,0,-386,0.6882067851373183,297.0,1.2171052631578947,33.0,1.0501519756838906
s641.blif,/home/ayush/abc/blif/s641.blif,3,0,220.0,195,669,1574.0,650.0,220.0,195,1238,1368.0,658.0,0.0,0,-569,0.5403877221324718,206.0,1.1505847953216375,-8.0,0.9878419452887538
s713.blif,/home/ayush/abc/blif/s713.blif,0,0,213.0,182,1183,1315.0,614.0,213.0,182,1183,1315.0,614.0,,,,,,,,
s713.blif,/home/ayush/abc/blif/s713.blif,1,0,213.0,182,950,1472.0,595.0,213.0,182,1183,1315.0,614.0,0.0,0,-233,0.8030431107354185,157.0,1.1193916349809887,-19.0,0.9690553745928339
s713.blif,/home/ayush/abc/blif/s713.blif,2,0,213.0,182,806,1548.0,657.0,213.0,182,1183,1315.0,614.0,0.0,0,-377,0.6813186813186813,233.0,1.1771863117870722,43.0,1.0700325732899023
s713.blif,/home/ayush/abc/blif/s713.blif,3,0,213.0,182,624,1590.0,635.0,213.0,182,1183,1315.0,614.0,0.0,0,-559,0.5274725274725275,275.0,1.209125475285171,21.0,1.0342019543973942
s820.blif,/home/ayush/abc/blif/s820.blif,0,0,332.0,318,1785,2505.0,1289.0,332.0,318,1785,2505.0,1289.0,,,,,,,,
s820.blif,/home/ayush/abc/blif/s820.blif,1,0,332.0,318,1393,3037.0,1413.0,332.0,318,1785,2505.0,1289.0,0.0,0,-392,0.7803921568627451,532.0,1.212375249500998,124.0,1.096198603568658
s820.blif,/home/ayush/abc/blif/s820.blif,2,0,332.0,318,1215,3233.0,1452.0,332.0,318,1785,2505.0,1289.0,0.0,0,-570,0.680672268907563,728.0,1.2906187624750498,163.0,1.1264546159813809
s820.blif,/home/ayush/abc/blif/s820.blif,3,0,332.0,318,972,2414.0,1079.0,332.0,318,1785,2505.0,1289.0,0.0,0,-813,0.5445378151260504,-91.0,0.9636726546906188,-210.0,0.8370830100853375
s832.blif,/home/ayush/abc/blif/s832.blif,0,0,396.0,378,2062,2951.0,1584.0,396.0,378,2062,2951.0,1584.0,,,,,,,,
s832.blif,/home/ayush/abc/blif/s832.blif,1,0,396.0,378,1618,3723.0,1744.0,396.0,378,2062,2951.0,1584.0,0.0,0,-444,0.7846750727449079,772.0,1.2616062351745172,160.0,1.101010101010101
s832.blif,/home/ayush/abc/blif/s832.blif,2,0,396.0,378,1408,3621.0,1667.0,396.0,378,2062,2951.0,1584.0,0.0,0,-654,0.6828322017458778,670.0,1.2270416807861741,83.0,1.0523989898989898
s832.blif,/home/ayush/abc/blif/s832.blif,3,0,396.0,378,1135,2990.0,1417.0,396.0,378,2062,2951.0,1584.0,0.0,0,-927,0.5504364694471388,39.0,1.013215859030837,-167.0,0.8945707070707071
s838.1.blif,/home/ayush/abc/blif/s838.1.blif,0,0,395.0,366,2583,3693.0,1838.0,395.0,366,2583,3693.0,1838.0,,,,,,,,
s838.1.blif,/home/ayush/abc/blif/s838.1.blif,1,0,395.0,366,1888,3207.0,1365.0,395.0,366,2583,3693.0,1838.0,0.0,0,-695,0.7309330236159505,-486.0,0.8683996750609261,-473.0,0.7426550598476604
s838.1.blif,/home/ayush/abc/blif/s838.1.blif,2,0,395.0,366,1559,2959.0,1255.0,395.0,366,2583,3693.0,1838.0,0.0,0,-1024,0.6035617499032133,-734.0,0.801245599783374,-583.0,0.6828073993471164
s838.1.blif,/home/ayush/abc/blif/s838.1.blif,3,0,395.0,366,1151,3139.0,1282.0,395.0,366,2583,3693.0,1838.0,0.0,0,-1432,0.4456058846302749,-554.0,0.8499864608719199,-556.0,0.6974972796517954
s838.blif,/home/ayush/abc/blif/s838.blif,0,0,471.0,446,2378,2855.0,1584.0,471.0,446,2378,2855.0,1584.0,,,,,,,,
s838.blif,/home/ayush/abc/blif/s838.blif,1,0,471.0,446,1842,4128.0,2008.0,471.0,446,2378,2855.0,1584.0,0.0,0,-536,0.7746005046257359,1273.0,1.4458844133099824,424.0,1.2676767676767677
s838.blif,/home/ayush/abc/blif/s838.blif,2,0,471.0,446,1660,3657.0,1888.0,471.0,446,2378,2855.0,1584.0,0.0,0,-718,0.6980656013456686,802.0,1.2809106830122592,304.0,1.1919191919191918
s838.blif,/home/ayush/abc/blif/s838.blif,3,0,471.0,446,1401,3743.0,1847.0,471.0,446,2378,2855.0,1584.0,0.0,0,-977,0.5891505466778806,888.0,1.3110332749562172,263.0,1.1660353535353536
s9234.1.blif,/home/ayush/abc/blif/s9234.1.blif,0,0,1480.0,1341,12341,16761.0,7198.0,1480.0,1341,12341,16761.0,7198.0,,,,,,,,
s9234.1.blif,/home/ayush/abc/blif/s9234.1.blif,1,0,1480.0,1341,7658,18357.0,6351.0,1480.0,1341,12341,16761.0,7198.0,0.0,0,-4683,0.6205331820760068,1596.0,1.095221048863433,-847.0,0.8823284245623785
s9234.1.blif,/home/ayush/abc/blif/s9234.1.blif,2,0,1480.0,1341,6297,17576.0,5921.0,1480.0,1341,12341,16761.0,7198.0,0.0,0,-6044,0.5102503848958755,815.0,1.0486247837241214,-1277.0,0.8225896082245068
s9234.1.blif,/home/ayush/abc/blif/s9234.1.blif,3,0,1480.0,1341,4649,18056.0,6112.0,1480.0,1341,12341,16761.0,7198.0,0.0,0,-7692,0.3767117737622559,1295.0,1.0772626931567328,-1086.0,0.8491247568769102
s953.blif,/home/ayush/abc/blif/s953.blif,0,0,609.0,565,3620,4924.0,2417.0,609.0,565,3620,4924.0,2417.0,,,,,,,,
s953.blif,/home/ayush/abc/blif/s953.blif,1,0,609.0,565,2610,5578.0,2327.0,609.0,565,3620,4924.0,2417.0,0.0,0,-1010,0.7209944751381215,654.0,1.1328188464662876,-90.0,0.9627637567232106
s953.blif,/home/ayush/abc/blif/s953.blif,2,0,609.0,565,2271,4577.0,1935.0,609.0,565,3620,4924.0,2417.0,0.0,0,-1349,0.6273480662983425,-347.0,0.9295288383428107,-482.0,0.8005792304509722
s953.blif,/home/ayush/abc/blif/s953.blif,3,0,609.0,565,1824,4635.0,1931.0,609.0,565,3620,4924.0,2417.0,0.0,0,-1796,0.5038674033149171,-289.0,0.9413078797725426,-486.0,0.7989242863053372
sand.blif,/home/ayush/abc/blif/sand.blif,0,0,616.0,598,3654,4532.0,2363.0,616.0,598,3654,4532.0,2363.0,,,,,,,,
sand.blif,/home/ayush/abc/blif/sand.blif,1,0,616.0,598,2761,6138.0,2709.0,616.0,598,3654,4532.0,2363.0,0.0,0,-893,0.7556102900930487,1606.0,1.354368932038835,346.0,1.1464240372407957
sand.blif,/home/ayush/abc/blif/sand.blif,2,0,616.0,598,2404,5324.0,2395.0,616.0,598,3654,4532.0,2363.0,0.0,0,-1250,0.6579091406677614,792.0,1.174757281553398,32.0,1.0135421074904782
sand.blif,/home/ayush/abc/blif/sand.blif,3,0,616.0,598,1930,6124.0,2608.0,616.0,598,3654,4532.0,2363.0,0.0,0,-1724,0.5281882868089764,1592.0,1.351279788172992,245.0,1.1036817604739737
sao2.blif,/home/ayush/abc/blif/sao2.blif,0,0,267.0,257,1659,2497.0,1185.0,267.0,257,1659,2497.0,1185.0,,,,,,,,
sao2.blif,/home/ayush/abc/blif/sao2.blif,1,0,267.0,257,1181,4411.0,1986.0,267.0,257,1659,2497.0,1185.0,0.0,0,-478,0.7118746232670283,1914.0,1.7665198237885462,801.0,1.6759493670886076
sao2.blif,/home/ayush/abc/blif/sao2.blif,2,0,267.0,257,1024,3452.0,1370.0,267.0,257,1659,2497.0,1185.0,0.0,0,-635,0.6172393007836046,955.0,1.382458950740889,185.0,1.1561181434599157
sao2.blif,/home/ayush/abc/blif/sao2.blif,3,0,267.0,257,825,2741.0,1156.0,267.0,257,1659,2497.0,1185.0,0.0,0,-834,0.4972875226039783,244.0,1.0977172607128554,-29.0,0.9755274261603376
sbc.blif,/home/ayush/abc/blif/sbc.blif,0,0,939.0,882,5080,6204.0,3364.0,939.0,882,5080,6204.0,3364.0,,,,,,,,
sbc.blif,/home/ayush/abc/blif/sbc.blif,1,0,939.0,882,3822,6861.0,3145.0,939.0,882,5080,6204.0,3364.0,0.0,0,-1258,0.7523622047244094,657.0,1.105899419729207,-219.0,0.9348989298454221
sbc.blif,/home/ayush/abc/blif/sbc.blif,2,0,939.0,882,3322,6468.0,2961.0,939.0,882,5080,6204.0,3364.0,0.0,0,-1758,0.6539370078740158,264.0,1.0425531914893618,-403.0,0.8802021403091558
sbc.blif,/home/ayush/abc/blif/sbc.blif,3,0,939.0,882,2678,8032.0,3695.0,939.0,882,5080,6204.0,3364.0,0.0,0,-2402,0.5271653543307087,1828.0,1.29464861379755,331.0,1.0983947681331747
scf.blif,/home/ayush/abc/blif/scf.blif,0,0,1049.0,1026,6447,8102.0,4395.0,1049.0,1026,6447,8102.0,4395.0,,,,,,,,
scf.blif,/home/ayush/abc/blif/scf.blif,1,0,1049.0,1026,5046,9221.0,4226.0,1049.0,1026,6447,8102.0,4395.0,0.0,0,-1401,0.7826896230805026,1119.0,1.138114045914589,-169.0,0.961547212741752
scf.blif,/home/ayush/abc/blif/scf.blif,2,0,1049.0,1026,4368,10759.0,5278.0,1049.0,1026,6447,8102.0,4395.0,0.0,0,-2079,0.6775244299674267,2657.0,1.3279437176005924,883.0,1.200910125142207
scf.blif,/home/ayush/abc/blif/scf.blif,3,0,1049.0,1026,3421,7634.0,3552.0,1049.0,1026,6447,8102.0,4395.0,0.0,0,-3026,0.530634403598573,-468.0,0.9422364848185634,-843.0,0.8081911262798634
sct.blif,/home/ayush/abc/blif/sct.blif,0,0,77.0,66,376,620.0,273.0,77.0,66,376,620.0,273.0,,,,,,,,
sct.blif,/home/ayush/abc/blif/sct.blif,1,0,77.0,66,333,689.0,277.0,77.0,66,376,620.0,273.0,0.0,0,-43,0.8856382978723404,69.0,1.1112903225806452,4.0,1.0146520146520146
sct.blif,/home/ayush/abc/blif/sct.blif,2,0,77.0,66,294,725.0,294.0,77.0,66,376,620.0,273.0,0.0,0,-82,0.7819148936170213,105.0,1.1693548387096775,21.0,1.0769230769230769
sct.blif,/home/ayush/abc/blif/sct.blif,3,0,77.0,66,229,658.0,264.0,77.0,66,376,620.0,273.0,0.0,0,-147,0.6090425531914894,38.0,1.0612903225806452,-9.0,0.967032967032967
seq.blif,/home/ayush/abc/blif/seq.blif,0,0,4529.0,4481,35741,41580.0,22925.0,4529.0,4481,35741,41580.0,22925.0,,,,,,,,
seq.blif,/home/ayush/abc/blif/seq.blif,1,0,4529.0,4481,23954,50418.0,23423.0,4529.0,4481,35741,41580.0,22925.0,0.0,0,-11787,0.6702106824095576,8838.0,1.2125541125541126,498.0,1.0217230098146128
seq.blif,/home/ayush/abc/blif/seq.blif,2,0,4529.0,4481,20191,59082.0,27184.0,4529.0,4481,35741,41580.0,22925.0,0.0,0,-15550,0.564925435774041,17502.0,1.420923520923521,4259.0,1.1857797164667394
seq.blif,/home/ayush/abc/blif/seq.blif,3,0,4529.0,4481,15904,56503.0,25185.0,4529.0,4481,35741,41580.0,22925.0,0.0,0,-19837,0.4449791555916175,14923.0,1.3588985088985088,2260.0,1.0985823336968374
seq.pre-vpr.blif,/home/ayush/abc/blif/seq.pre-vpr.blif,0,0,3176.0,3107,32065,40081.0,19420.0,3176.0,3107,32065,40081.0,19420.0,,,,,,,,
seq.pre-vpr.blif,/home/ayush/abc/blif/seq.pre-vpr.blif,1,0,3176.0,3107,19305,46165.0,18669.0,3176.0,3107,32065,40081.0,19420.0,0.0,0,-12760,0.6020583190394511,6084.0,1.1517926199446122,-751.0,0.9613285272914521
seq.pre-vpr.blif,/home/ayush/abc/blif/seq.pre-vpr.blif,2,0,3176.0,3107,15459,37445.0,14284.0,3176.0,3107,32065,40081.0,19420.0,0.0,0,-16606,0.48211445501325434,-2636.0,0.9342331778149248,-5136.0,0.7355303810504634
seq.pre-vpr.blif,/home/ayush/abc/blif/seq.pre-vpr.blif,3,0,3176.0,3107,11161,38015.0,14252.0,3176.0,3107,32065,40081.0,19420.0,0.0,0,-20904,0.3480742242320287,-2066.0,0.9484543798807415,-5168.0,0.7338825952626159
seq.wiremap_area.blif,/home/ayush/abc/blif/seq.wiremap_area.blif,0,0,3032.0,2961,32902,35932.0,16467.0,3032.0,2961,32902,35932.0,16467.0,,,,,,,,
seq.wiremap_area.blif,/home/ayush/abc/blif/seq.wiremap_area.blif,1,0,3032.0,2961,19039,40620.0,15656.0,3032.0,2961,32902,35932.0,16467.0,0.0,0,-13863,0.578657832350617,4688.0,1.1304686630301681,-811.0,0.9507499848181211
seq.wiremap_area.blif,/home/ayush/abc/blif/seq.wiremap_area.blif,2,0,3032.0,2961,15130,39321.0,14741.0,3032.0,2961,32902,35932.0,16467.0,0.0,0,-17772,0.4598504650173242,3389.0,1.0943170433040188,-1726.0,0.8951843080099593
seq.wiremap_area.blif,/home/ayush/abc/blif/seq.wiremap_area.blif,3,0,3032.0,2961,10686,43707.0,16790.0,3032.0,2961,32902,35932.0,16467.0,0.0,0,-22216,0.3247826879824935,7775.0,1.2163809417789158,323.0,1.0196149875508593
seq.wiremap_depth.blif,/home/ayush/abc/blif/seq.wiremap_depth.blif,0,0,3176.0,3107,32065,44100.0,21017.0,3176.0,3107,32065,44100.0,21017.0,,,,,,,,
seq.wiremap_depth.blif,/home/ayush/abc/blif/seq.wiremap_depth.blif,1,0,3176.0,3107,19305,38403.0,15436.0,3176.0,3107,32065,44100.0,21017.0,0.0,0,-12760,0.6020583190394511,-5697.0,0.8708163265306123,-5581.0,0.7344530618071086
seq.wiremap_depth.blif,/home/ayush/abc/blif/seq.wiremap_depth.blif,2,0,3176.0,3107,15459,47960.0,19085.0,3176.0,3107,32065,44100.0,21017.0,0.0,0,-16606,0.48211445501325434,3860.0,1.0875283446712019,-1932.0,0.9080744159489936
seq.wiremap_depth.blif,/home/ayush/abc/blif/seq.wiremap_depth.blif,3,0,3176.0,3107,11161,46672.0,17235.0,3176.0,3107,32065,44100.0,21017.0,0.0,0,-20904,0.3480742242320287,2572.0,1.0583219954648526,-3782.0,0.82005043536185
shiftreg.blif,/home/ayush/abc/blif/shiftreg.blif,0,0,4.0,0,0,120.0,4.0,4.0,0,0,120.0,4.0,,,,,,,,
shiftreg.blif,/home/ayush/abc/blif/shiftreg.blif,1,0,4.0,0,0,116.0,4.0,4.0,0,0,120.0,4.0,0.0,0,0,,-4.0,0.9666666666666667,0.0,1.0
shiftreg.blif,/home/ayush/abc/blif/shiftreg.blif,2,0,4.0,0,0,119.0,4.0,4.0,0,0,120.0,4.0,0.0,0,0,,-1.0,0.9916666666666667,0.0,1.0
shiftreg.blif,/home/ayush/abc/blif/shiftreg.blif,3,0,4.0,0,0,113.0,4.0,4.0,0,0,120.0,4.0,0.0,0,0,,-7.0,0.9416666666666667,0.0,1.0
simple_16_noc_1D_chain.blif,/home/ayush/abc/blif/simple_16_noc_1D_chain.blif,0,0,,,,,,,,,,,,,,,,,,
simple_16_noc_1D_chain.blif,/home/ayush/abc/blif/simple_16_noc_1D_chain.blif,1,0,,,,,,,,,,,,,,,,,,
simple_16_noc_1D_chain.blif,/home/ayush/abc/blif/simple_16_noc_1D_chain.blif,2,0,,,,,,,,,,,,,,,,,,
simple_16_noc_1D_chain.blif,/home/ayush/abc/blif/simple_16_noc_1D_chain.blif,3,0,,,,,,,,,,,,,,,,,,
simple_2_noc_1D_chain.blif,/home/ayush/abc/blif/simple_2_noc_1D_chain.blif,0,0,,,,,,,,,,,,,,,,,,
simple_2_noc_1D_chain.blif,/home/ayush/abc/blif/simple_2_noc_1D_chain.blif,1,0,,,,,,,,,,,,,,,,,,
simple_2_noc_1D_chain.blif,/home/ayush/abc/blif/simple_2_noc_1D_chain.blif,2,0,,,,,,,,,,,,,,,,,,
simple_2_noc_1D_chain.blif,/home/ayush/abc/blif/simple_2_noc_1D_chain.blif,3,0,,,,,,,,,,,,,,,,,,
simple_32_noc_clique.blif,/home/ayush/abc/blif/simple_32_noc_clique.blif,0,0,,,,,,,,,,,,,,,,,,
simple_32_noc_clique.blif,/home/ayush/abc/blif/simple_32_noc_clique.blif,1,0,,,,,,,,,,,,,,,,,,
simple_32_noc_clique.blif,/home/ayush/abc/blif/simple_32_noc_clique.blif,2,0,,,,,,,,,,,,,,,,,,
simple_32_noc_clique.blif,/home/ayush/abc/blif/simple_32_noc_clique.blif,3,0,,,,,,,,,,,,,,,,,,
simple_32_noc_star.blif,/home/ayush/abc/blif/simple_32_noc_star.blif,0,0,,,,,,,,,,,,,,,,,,
simple_32_noc_star.blif,/home/ayush/abc/blif/simple_32_noc_star.blif,1,0,,,,,,,,,,,,,,,,,,
simple_32_noc_star.blif,/home/ayush/abc/blif/simple_32_noc_star.blif,2,0,,,,,,,,,,,,,,,,,,
simple_32_noc_star.blif,/home/ayush/abc/blif/simple_32_noc_star.blif,3,0,,,,,,,,,,,,,,,,,,
simple_4_noc_1D_chain.blif,/home/ayush/abc/blif/simple_4_noc_1D_chain.blif,0,0,,,,,,,,,,,,,,,,,,
simple_4_noc_1D_chain.blif,/home/ayush/abc/blif/simple_4_noc_1D_chain.blif,1,0,,,,,,,,,,,,,,,,,,
simple_4_noc_1D_chain.blif,/home/ayush/abc/blif/simple_4_noc_1D_chain.blif,2,0,,,,,,,,,,,,,,,,,,
simple_4_noc_1D_chain.blif,/home/ayush/abc/blif/simple_4_noc_1D_chain.blif,3,0,,,,,,,,,,,,,,,,,,
simple_64_noc_2D_chain.blif,/home/ayush/abc/blif/simple_64_noc_2D_chain.blif,0,0,,,,,,,,,,,,,,,,,,
simple_64_noc_2D_chain.blif,/home/ayush/abc/blif/simple_64_noc_2D_chain.blif,1,0,,,,,,,,,,,,,,,,,,
simple_64_noc_2D_chain.blif,/home/ayush/abc/blif/simple_64_noc_2D_chain.blif,2,0,,,,,,,,,,,,,,,,,,
simple_64_noc_2D_chain.blif,/home/ayush/abc/blif/simple_64_noc_2D_chain.blif,3,0,,,,,,,,,,,,,,,,,,
simple_64_noc_clique.blif,/home/ayush/abc/blif/simple_64_noc_clique.blif,0,0,,,,,,,,,,,,,,,,,,
simple_64_noc_clique.blif,/home/ayush/abc/blif/simple_64_noc_clique.blif,1,0,,,,,,,,,,,,,,,,,,
simple_64_noc_clique.blif,/home/ayush/abc/blif/simple_64_noc_clique.blif,2,0,,,,,,,,,,,,,,,,,,
simple_64_noc_clique.blif,/home/ayush/abc/blif/simple_64_noc_clique.blif,3,0,,,,,,,,,,,,,,,,,,
simple_64_noc_star.blif,/home/ayush/abc/blif/simple_64_noc_star.blif,0,0,,,,,,,,,,,,,,,,,,
simple_64_noc_star.blif,/home/ayush/abc/blif/simple_64_noc_star.blif,1,0,,,,,,,,,,,,,,,,,,
simple_64_noc_star.blif,/home/ayush/abc/blif/simple_64_noc_star.blif,2,0,,,,,,,,,,,,,,,,,,
simple_64_noc_star.blif,/home/ayush/abc/blif/simple_64_noc_star.blif,3,0,,,,,,,,,,,,,,,,,,
simple_8_noc_1D_chain.blif,/home/ayush/abc/blif/simple_8_noc_1D_chain.blif,0,0,,,,,,,,,,,,,,,,,,
simple_8_noc_1D_chain.blif,/home/ayush/abc/blif/simple_8_noc_1D_chain.blif,1,0,,,,,,,,,,,,,,,,,,
simple_8_noc_1D_chain.blif,/home/ayush/abc/blif/simple_8_noc_1D_chain.blif,2,0,,,,,,,,,,,,,,,,,,
simple_8_noc_1D_chain.blif,/home/ayush/abc/blif/simple_8_noc_1D_chain.blif,3,0,,,,,,,,,,,,,,,,,,
singleclock.blif,/home/ayush/abc/blif/singleclock.blif,0,0,6.0,1,1,149.0,13.0,6.0,1,1,149.0,13.0,,,,,,,,
singleclock.blif,/home/ayush/abc/blif/singleclock.blif,1,0,6.0,1,1,154.0,13.0,6.0,1,1,149.0,13.0,0.0,0,0,1.0,5.0,1.0335570469798658,0.0,1.0
singleclock.blif,/home/ayush/abc/blif/singleclock.blif,2,0,6.0,1,1,160.0,13.0,6.0,1,1,149.0,13.0,0.0,0,0,1.0,11.0,1.0738255033557047,0.0,1.0
singleclock.blif,/home/ayush/abc/blif/singleclock.blif,3,0,6.0,1,1,223.0,13.0,6.0,1,1,149.0,13.0,0.0,0,0,1.0,74.0,1.4966442953020134,0.0,1.0
spla.blif,/home/ayush/abc/blif/spla.blif,0,0,11754.0,11730,129280,161311.0,83688.0,11754.0,11730,129280,161311.0,83688.0,,,,,,,,
spla.blif,/home/ayush/abc/blif/spla.blif,1,0,11754.0,11730,78050,186146.0,82283.0,11754.0,11730,129280,161311.0,83688.0,0.0,0,-51230,0.6037283415841584,24835.0,1.1539572626789245,-1405.0,0.9832114520600325
spla.blif,/home/ayush/abc/blif/spla.blif,2,0,11754.0,11730,62906,229762.0,101757.0,11754.0,11730,129280,161311.0,83688.0,0.0,0,-66374,0.48658725247524753,68451.0,1.4243417993813192,18069.0,1.2159090909090908
spla.blif,/home/ayush/abc/blif/spla.blif,3,0,11754.0,11730,45625,232717.0,99897.0,11754.0,11730,129280,161311.0,83688.0,0.0,0,-83655,0.352916150990099,71406.0,1.4426604509301908,16209.0,1.193683682248351
spla.pre-vpr.blif,/home/ayush/abc/blif/spla.pre-vpr.blif,0,0,8174.0,8102,116634,175107.0,76721.0,8174.0,8102,116634,175107.0,76721.0,,,,,,,,
spla.pre-vpr.blif,/home/ayush/abc/blif/spla.pre-vpr.blif,1,0,8174.0,8102,58188,183510.0,68333.0,8174.0,8102,116634,175107.0,76721.0,0.0,0,-58446,0.49889397602757346,8403.0,1.0479878017440765,-8388.0,0.8906687869031947
spla.pre-vpr.blif,/home/ayush/abc/blif/spla.pre-vpr.blif,2,0,8174.0,8102,45299,192502.0,69605.0,8174.0,8102,116634,175107.0,76721.0,0.0,0,-71335,0.3883858909065967,17395.0,1.099339261137476,-7116.0,0.9072483413928389
spla.pre-vpr.blif,/home/ayush/abc/blif/spla.pre-vpr.blif,3,0,8174.0,8102,31382,187323.0,66588.0,8174.0,8102,116634,175107.0,76721.0,0.0,0,-85252,0.2690639093231819,12216.0,1.0697630591581146,-10133.0,0.8679240364437377
spla.wiremap_area.blif,/home/ayush/abc/blif/spla.wiremap_area.blif,0,0,7658.0,7599,120333,153231.0,66355.0,7658.0,7599,120333,153231.0,66355.0,,,,,,,,
spla.wiremap_area.blif,/home/ayush/abc/blif/spla.wiremap_area.blif,1,0,7658.0,7599,55571,159482.0,54587.0,7658.0,7599,120333,153231.0,66355.0,0.0,0,-64762,0.4618101435184031,6251.0,1.040794617277183,-11768.0,0.8226508929244216
spla.wiremap_area.blif,/home/ayush/abc/blif/spla.wiremap_area.blif,2,0,7658.0,7599,42997,203425.0,67484.0,7658.0,7599,120333,153231.0,66355.0,0.0,0,-77336,0.3573167792708567,50194.0,1.3275707918110564,1129.0,1.0170145429884712
spla.wiremap_area.blif,/home/ayush/abc/blif/spla.wiremap_area.blif,3,0,7658.0,7599,29522,188780.0,62066.0,7658.0,7599,120333,153231.0,66355.0,0.0,0,-90811,0.24533585965612092,35549.0,1.2319961365520031,-4289.0,0.9353628211890589
spla.wiremap_depth.blif,/home/ayush/abc/blif/spla.wiremap_depth.blif,0,0,8174.0,8102,116634,159215.0,73256.0,8174.0,8102,116634,159215.0,73256.0,,,,,,,,
spla.wiremap_depth.blif,/home/ayush/abc/blif/spla.wiremap_depth.blif,1,0,8174.0,8102,58188,154402.0,56598.0,8174.0,8102,116634,159215.0,73256.0,0.0,0,-58446,0.49889397602757346,-4813.0,0.969770436202619,-16658.0,0.7726056568745222
spla.wiremap_depth.blif,/home/ayush/abc/blif/spla.wiremap_depth.blif,2,0,8174.0,8102,45299,158491.0,57245.0,8174.0,8102,116634,159215.0,73256.0,0.0,0,-71335,0.3883858909065967,-724.0,0.9954526897591307,-16011.0,0.7814376979360053
spla.wiremap_depth.blif,/home/ayush/abc/blif/spla.wiremap_depth.blif,3,0,8174.0,8102,31382,157408.0,55336.0,8174.0,8102,116634,159215.0,73256.0,0.0,0,-85252,0.2690639093231819,-1807.0,0.9886505668435763,-17920.0,0.7553783990389865
spread_2_noc_1D_chain.blif,/home/ayush/abc/blif/spread_2_noc_1D_chain.blif,0,0,,,,,,,,,,,,,,,,,,
spread_2_noc_1D_chain.blif,/home/ayush/abc/blif/spread_2_noc_1D_chain.blif,1,0,,,,,,,,,,,,,,,,,,
spread_2_noc_1D_chain.blif,/home/ayush/abc/blif/spread_2_noc_1D_chain.blif,2,0,,,,,,,,,,,,,,,,,,
spread_2_noc_1D_chain.blif,/home/ayush/abc/blif/spread_2_noc_1D_chain.blif,3,0,,,,,,,,,,,,,,,,,,
spread_32_noc_clique.blif,/home/ayush/abc/blif/spread_32_noc_clique.blif,0,0,,,,,,,,,,,,,,,,,,
spread_32_noc_clique.blif,/home/ayush/abc/blif/spread_32_noc_clique.blif,1,0,,,,,,,,,,,,,,,,,,
spread_32_noc_clique.blif,/home/ayush/abc/blif/spread_32_noc_clique.blif,2,0,,,,,,,,,,,,,,,,,,
spread_32_noc_clique.blif,/home/ayush/abc/blif/spread_32_noc_clique.blif,3,0,,,,,,,,,,,,,,,,,,
spread_32_noc_star.blif,/home/ayush/abc/blif/spread_32_noc_star.blif,0,0,,,,,,,,,,,,,,,,,,
spread_32_noc_star.blif,/home/ayush/abc/blif/spread_32_noc_star.blif,1,0,,,,,,,,,,,,,,,,,,
spread_32_noc_star.blif,/home/ayush/abc/blif/spread_32_noc_star.blif,2,0,,,,,,,,,,,,,,,,,,
spread_32_noc_star.blif,/home/ayush/abc/blif/spread_32_noc_star.blif,3,0,,,,,,,,,,,,,,,,,,
spread_64_noc_2D_chain.blif,/home/ayush/abc/blif/spread_64_noc_2D_chain.blif,0,0,,,,,,,,,,,,,,,,,,
spread_64_noc_2D_chain.blif,/home/ayush/abc/blif/spread_64_noc_2D_chain.blif,1,0,,,,,,,,,,,,,,,,,,
spread_64_noc_2D_chain.blif,/home/ayush/abc/blif/spread_64_noc_2D_chain.blif,2,0,,,,,,,,,,,,,,,,,,
spread_64_noc_2D_chain.blif,/home/ayush/abc/blif/spread_64_noc_2D_chain.blif,3,0,,,,,,,,,,,,,,,,,,
spread_64_noc_clique.blif,/home/ayush/abc/blif/spread_64_noc_clique.blif,0,0,,,,,,,,,,,,,,,,,,
spread_64_noc_clique.blif,/home/ayush/abc/blif/spread_64_noc_clique.blif,1,0,,,,,,,,,,,,,,,,,,
spread_64_noc_clique.blif,/home/ayush/abc/blif/spread_64_noc_clique.blif,2,0,,,,,,,,,,,,,,,,,,
spread_64_noc_clique.blif,/home/ayush/abc/blif/spread_64_noc_clique.blif,3,0,,,,,,,,,,,,,,,,,,
spread_64_noc_star.blif,/home/ayush/abc/blif/spread_64_noc_star.blif,0,0,,,,,,,,,,,,,,,,,,
spread_64_noc_star.blif,/home/ayush/abc/blif/spread_64_noc_star.blif,1,0,,,,,,,,,,,,,,,,,,
spread_64_noc_star.blif,/home/ayush/abc/blif/spread_64_noc_star.blif,2,0,,,,,,,,,,,,,,,,,,
spread_64_noc_star.blif,/home/ayush/abc/blif/spread_64_noc_star.blif,3,0,,,,,,,,,,,,,,,,,,
spree.blif,/home/ayush/abc/blif/spree.blif,0,0,3396.0,2996,37431,40646.0,14858.0,3396.0,2996,37431,40646.0,14858.0,,,,,,,,
spree.blif,/home/ayush/abc/blif/spree.blif,1,0,3396.0,2996,19859,41688.0,12208.0,3396.0,2996,37431,40646.0,14858.0,0.0,0,-17572,0.5305495444952045,1042.0,1.025635978940117,-2650.0,0.8216449051016288
spree.blif,/home/ayush/abc/blif/spree.blif,2,0,3396.0,2996,16007,40649.0,11288.0,3396.0,2996,37431,40646.0,14858.0,0.0,0,-21424,0.4276401912852983,3.0,1.0000738080007874,-3570.0,0.7597254004576659
spree.blif,/home/ayush/abc/blif/spree.blif,3,0,3396.0,2996,11254,40052.0,11143.0,3396.0,2996,37431,40646.0,14858.0,0.0,0,-26177,0.30065988084742595,-594.0,0.9853860158441176,-3715.0,0.7499663480953022
sqrt8.blif,/home/ayush/abc/blif/sqrt8.blif,0,0,65.0,60,389,450.0,165.0,65.0,60,389,450.0,165.0,,,,,,,,
sqrt8.blif,/home/ayush/abc/blif/sqrt8.blif,1,0,65.0,60,267,1074.0,358.0,65.0,60,389,450.0,165.0,0.0,0,-122,0.6863753213367609,624.0,2.3866666666666667,193.0,2.16969696969697
sqrt8.blif,/home/ayush/abc/blif/sqrt8.blif,2,0,65.0,60,227,674.0,207.0,65.0,60,389,450.0,165.0,0.0,0,-162,0.583547557840617,224.0,1.4977777777777779,42.0,1.2545454545454546
sqrt8.blif,/home/ayush/abc/blif/sqrt8.blif,3,0,65.0,60,176,642.0,207.0,65.0,60,389,450.0,165.0,0.0,0,-213,0.4524421593830334,192.0,1.4266666666666667,42.0,1.2545454545454546
sqrt8ml.blif,/home/ayush/abc/blif/sqrt8ml.blif,0,0,81.0,76,533,743.0,316.0,81.0,76,533,743.0,316.0,,,,,,,,
sqrt8ml.blif,/home/ayush/abc/blif/sqrt8ml.blif,1,0,81.0,76,375,1075.0,415.0,81.0,76,533,743.0,316.0,0.0,0,-158,0.7035647279549718,332.0,1.4468371467025571,99.0,1.3132911392405062
sqrt8ml.blif,/home/ayush/abc/blif/sqrt8ml.blif,2,0,81.0,76,313,1403.0,532.0,81.0,76,533,743.0,316.0,0.0,0,-220,0.5872420262664165,660.0,1.8882907133243607,216.0,1.6835443037974684
sqrt8ml.blif,/home/ayush/abc/blif/sqrt8ml.blif,3,0,81.0,76,233,1075.0,396.0,81.0,76,533,743.0,316.0,0.0,0,-300,0.4371482176360225,332.0,1.4468371467025571,80.0,1.2531645569620253
squar5.blif,/home/ayush/abc/blif/squar5.blif,0,0,63.0,59,326,582.0,255.0,63.0,59,326,582.0,255.0,,,,,,,,
squar5.blif,/home/ayush/abc/blif/squar5.blif,1,0,63.0,59,240,643.0,249.0,63.0,59,326,582.0,255.0,0.0,0,-86,0.7361963190184049,61.0,1.104810996563574,-6.0,0.9764705882352941
squar5.blif,/home/ayush/abc/blif/squar5.blif,2,0,63.0,59,210,552.0,214.0,63.0,59,326,582.0,255.0,0.0,0,-116,0.6441717791411042,-30.0,0.9484536082474226,-41.0,0.8392156862745098
squar5.blif,/home/ayush/abc/blif/squar5.blif,3,0,63.0,59,174,679.0,261.0,63.0,59,326,582.0,255.0,0.0,0,-152,0.5337423312883436,97.0,1.1666666666666667,6.0,1.0235294117647058
sse.blif,/home/ayush/abc/blif/sse.blif,0,0,146.0,134,927,1260.0,501.0,146.0,134,927,1260.0,501.0,,,,,,,,
sse.blif,/home/ayush/abc/blif/sse.blif,1,0,146.0,134,596,1284.0,421.0,146.0,134,927,1260.0,501.0,0.0,0,-331,0.6429341963322546,24.0,1.019047619047619,-80.0,0.8403193612774451
sse.blif,/home/ayush/abc/blif/sse.blif,2,0,146.0,134,518,1221.0,419.0,146.0,134,927,1260.0,501.0,0.0,0,-409,0.5587918015102481,-39.0,0.969047619047619,-82.0,0.8363273453093812
sse.blif,/home/ayush/abc/blif/sse.blif,3,0,146.0,134,418,1242.0,418.0,146.0,134,927,1260.0,501.0,0.0,0,-509,0.45091693635382957,-18.0,0.9857142857142858,-83.0,0.8343313373253493
styr.blif,/home/ayush/abc/blif/styr.blif,0,0,585.0,572,3562,3747.0,1945.0,585.0,572,3562,3747.0,1945.0,,,,,,,,
styr.blif,/home/ayush/abc/blif/styr.blif,1,0,585.0,572,2678,5602.0,2594.0,585.0,572,3562,3747.0,1945.0,0.0,0,-884,0.7518248175182481,1855.0,1.4950627168401387,649.0,1.333676092544987
styr.blif,/home/ayush/abc/blif/styr.blif,2,0,585.0,572,2303,5944.0,2699.0,585.0,572,3562,3747.0,1945.0,0.0,0,-1259,0.6465468837731612,2197.0,1.5863357352548706,754.0,1.3876606683804626
styr.blif,/home/ayush/abc/blif/styr.blif,3,0,585.0,572,1841,4717.0,2137.0,585.0,572,3562,3747.0,1945.0,0.0,0,-1721,0.5168444693992139,970.0,1.25887376567921,192.0,1.098714652956298
sub_tile_directs.blif,/home/ayush/abc/blif/sub_tile_directs.blif,0,0,,,,,,,,,,,,,,,,,,
sub_tile_directs.blif,/home/ayush/abc/blif/sub_tile_directs.blif,1,0,,,,,,,,,,,,,,,,,,
sub_tile_directs.blif,/home/ayush/abc/blif/sub_tile_directs.blif,2,0,,,,,,,,,,,,,,,,,,
sub_tile_directs.blif,/home/ayush/abc/blif/sub_tile_directs.blif,3,0,,,,,,,,,,,,,,,,,,
sub_tiles.blif,/home/ayush/abc/blif/sub_tiles.blif,0,0,,,,,,,,,,,,,,,,,,
sub_tiles.blif,/home/ayush/abc/blif/sub_tiles.blif,1,0,,,,,,,,,,,,,,,,,,
sub_tiles.blif,/home/ayush/abc/blif/sub_tiles.blif,2,0,,,,,,,,,,,,,,,,,,
sub_tiles.blif,/home/ayush/abc/blif/sub_tiles.blif,3,0,,,,,,,,,,,,,,,,,,
t481.blif,/home/ayush/abc/blif/t481.blif,0,0,520.0,498,4605,4638.0,2164.0,520.0,498,4605,4638.0,2164.0,,,,,,,,
t481.blif,/home/ayush/abc/blif/t481.blif,1,0,520.0,498,2770,5367.0,2009.0,520.0,498,4605,4638.0,2164.0,0.0,0,-1835,0.6015200868621065,729.0,1.1571798188874516,-155.0,0.928373382624769
t481.blif,/home/ayush/abc/blif/t481.blif,2,0,520.0,498,2276,5455.0,2052.0,520.0,498,4605,4638.0,2164.0,0.0,0,-2329,0.49424538545059715,817.0,1.176153514445882,-112.0,0.9482439926062847
t481.blif,/home/ayush/abc/blif/t481.blif,3,0,520.0,498,1734,5509.0,2096.0,520.0,498,4605,4638.0,2164.0,0.0,0,-2871,0.37654723127035833,871.0,1.1877964639931005,-68.0,0.9685767097966729
table3.blif,/home/ayush/abc/blif/table3.blif,0,0,1335.0,1320,12289,13279.0,5700.0,1335.0,1320,12289,13279.0,5700.0,,,,,,,,
table3.blif,/home/ayush/abc/blif/table3.blif,1,0,1335.0,1320,7400,16689.0,5582.0,1335.0,1320,12289,13279.0,5700.0,0.0,0,-4889,0.6021645373911628,3410.0,1.2567964455154756,-118.0,0.9792982456140351
table3.blif,/home/ayush/abc/blif/table3.blif,2,0,1335.0,1320,6120,16630.0,5803.0,1335.0,1320,12289,13279.0,5700.0,0.0,0,-6169,0.4980063471397185,3351.0,1.2523533398599291,103.0,1.0180701754385966
table3.blif,/home/ayush/abc/blif/table3.blif,3,0,1335.0,1320,4756,15920.0,5377.0,1335.0,1320,12289,13279.0,5700.0,0.0,0,-7533,0.38701277565302306,2641.0,1.1988854582423376,-323.0,0.9433333333333334
table5.blif,/home/ayush/abc/blif/table5.blif,0,0,1406.0,1388,13071,13931.0,5833.0,1406.0,1388,13071,13931.0,5833.0,,,,,,,,
table5.blif,/home/ayush/abc/blif/table5.blif,1,0,1406.0,1388,7714,18020.0,6160.0,1406.0,1388,13071,13931.0,5833.0,0.0,0,-5357,0.590161426057685,4089.0,1.2935180532625081,327.0,1.0560603463055032
table5.blif,/home/ayush/abc/blif/table5.blif,2,0,1406.0,1388,6360,13188.0,4476.0,1406.0,1388,13071,13931.0,5833.0,0.0,0,-6711,0.4865733302731237,-743.0,0.9466657095685881,-1357.0,0.7673581347505571
table5.blif,/home/ayush/abc/blif/table5.blif,3,0,1406.0,1388,4944,13371.0,4570.0,1406.0,1388,13071,13931.0,5833.0,0.0,0,-8127,0.3782419095708056,-560.0,0.9598018806977245,-1263.0,0.7834733413337905
tav.blif,/home/ayush/abc/blif/tav.blif,0,0,19.0,16,59,183.0,56.0,19.0,16,59,183.0,56.0,,,,,,,,
tav.blif,/home/ayush/abc/blif/tav.blif,1,0,19.0,16,59,329.0,101.0,19.0,16,59,183.0,56.0,0.0,0,0,1.0,146.0,1.7978142076502732,45.0,1.8035714285714286
tav.blif,/home/ayush/abc/blif/tav.blif,2,0,19.0,16,59,225.0,65.0,19.0,16,59,183.0,56.0,0.0,0,0,1.0,42.0,1.2295081967213115,9.0,1.1607142857142858
tav.blif,/home/ayush/abc/blif/tav.blif,3,0,19.0,16,47,245.0,74.0,19.0,16,59,183.0,56.0,0.0,0,-12,0.7966101694915254,62.0,1.3387978142076502,18.0,1.3214285714285714
tbk.blif,/home/ayush/abc/blif/tbk.blif,0,0,232.0,220,1696,2464.0,1053.0,232.0,220,1696,2464.0,1053.0,,,,,,,,
tbk.blif,/home/ayush/abc/blif/tbk.blif,1,0,232.0,220,1083,2691.0,931.0,232.0,220,1696,2464.0,1053.0,0.0,0,-613,0.6385613207547169,227.0,1.0921266233766234,-122.0,0.8841405508072174
tbk.blif,/home/ayush/abc/blif/tbk.blif,2,0,232.0,220,933,3000.0,993.0,232.0,220,1696,2464.0,1053.0,0.0,0,-763,0.5501179245283019,536.0,1.2175324675324675,-60.0,0.9430199430199431
tbk.blif,/home/ayush/abc/blif/tbk.blif,3,0,232.0,220,770,3326.0,1117.0,232.0,220,1696,2464.0,1053.0,0.0,0,-926,0.4540094339622642,862.0,1.3498376623376624,64.0,1.0607787274453941
tcon.blif,/home/ayush/abc/blif/tcon.blif,0,0,33.0,24,48,218.0,76.0,33.0,24,48,218.0,76.0,,,,,,,,
tcon.blif,/home/ayush/abc/blif/tcon.blif,1,0,33.0,24,48,245.0,86.0,33.0,24,48,218.0,76.0,0.0,0,0,1.0,27.0,1.1238532110091743,10.0,1.131578947368421
tcon.blif,/home/ayush/abc/blif/tcon.blif,2,0,33.0,24,48,224.0,71.0,33.0,24,48,218.0,76.0,0.0,0,0,1.0,6.0,1.0275229357798166,-5.0,0.9342105263157895
tcon.blif,/home/ayush/abc/blif/tcon.blif,3,0,33.0,24,48,233.0,75.0,33.0,24,48,218.0,76.0,0.0,0,0,1.0,15.0,1.0688073394495412,-1.0,0.9868421052631579
term1.blif,/home/ayush/abc/blif/term1.blif,0,0,236.0,217,1514,1913.0,887.0,236.0,217,1514,1913.0,887.0,,,,,,,,
term1.blif,/home/ayush/abc/blif/term1.blif,1,0,236.0,217,1027,2489.0,977.0,236.0,217,1514,1913.0,887.0,0.0,0,-487,0.678335535006605,576.0,1.3010977522216414,90.0,1.1014656144306652
term1.blif,/home/ayush/abc/blif/term1.blif,2,0,236.0,217,868,2084.0,858.0,236.0,217,1514,1913.0,887.0,0.0,0,-646,0.5733157199471598,171.0,1.0893883951907999,-29.0,0.9673055242390078
term1.blif,/home/ayush/abc/blif/term1.blif,3,0,236.0,217,677,2666.0,1068.0,236.0,217,1514,1913.0,887.0,0.0,0,-837,0.4471598414795244,753.0,1.3936225823314166,181.0,1.2040586245772267
tiny_murax_stratix10_arch_timing.blif,/home/ayush/abc/blif/tiny_murax_stratix10_arch_timing.blif,0,0,,,,,,,,,,,,,,,,,,
tiny_murax_stratix10_arch_timing.blif,/home/ayush/abc/blif/tiny_murax_stratix10_arch_timing.blif,1,0,,,,,,,,,,,,,,,,,,
tiny_murax_stratix10_arch_timing.blif,/home/ayush/abc/blif/tiny_murax_stratix10_arch_timing.blif,2,0,,,,,,,,,,,,,,,,,,
tiny_murax_stratix10_arch_timing.blif,/home/ayush/abc/blif/tiny_murax_stratix10_arch_timing.blif,3,0,,,,,,,,,,,,,,,,,,
too-lrg.blif,/home/ayush/abc/blif/too-lrg.blif,0,0,460.0,429,3051,5920.0,2929.0,460.0,429,3051,5920.0,2929.0,,,,,,,,
too-lrg.blif,/home/ayush/abc/blif/too-lrg.blif,1,0,460.0,429,2107,4426.0,2015.0,460.0,429,3051,5920.0,2929.0,0.0,0,-944,0.690593248115372,-1494.0,0.7476351351351351,-914.0,0.6879481051553431
too-lrg.blif,/home/ayush/abc/blif/too-lrg.blif,2,0,460.0,429,1792,4641.0,2112.0,460.0,429,3051,5920.0,2929.0,0.0,0,-1259,0.5873484103572599,-1279.0,0.7839527027027027,-817.0,0.7210652099692728
too-lrg.blif,/home/ayush/abc/blif/too-lrg.blif,3,0,460.0,429,1405,6462.0,3172.0,460.0,429,3051,5920.0,2929.0,0.0,0,-1646,0.4605047525401508,542.0,1.091554054054054,243.0,1.082963468760669
traffic.blif,/home/ayush/abc/blif/traffic.blif,0,0,88.0,76,334,604.0,303.0,88.0,76,334,604.0,303.0,,,,,,,,
traffic.blif,/home/ayush/abc/blif/traffic.blif,1,0,88.0,76,311,1554.0,729.0,88.0,76,334,604.0,303.0,0.0,0,-23,0.9311377245508982,950.0,2.5728476821192054,426.0,2.405940594059406
traffic.blif,/home/ayush/abc/blif/traffic.blif,2,0,88.0,76,281,976.0,473.0,88.0,76,334,604.0,303.0,0.0,0,-53,0.8413173652694611,372.0,1.6158940397350994,170.0,1.561056105610561
traffic.blif,/home/ayush/abc/blif/traffic.blif,3,0,88.0,76,223,914.0,433.0,88.0,76,334,604.0,303.0,0.0,0,-111,0.6676646706586826,310.0,1.5132450331125828,130.0,1.4290429042904291
tseng.blif,/home/ayush/abc/blif/tseng.blif,0,0,3496.0,3286,31053,44092.0,18245.0,3496.0,3286,31053,44092.0,18245.0,,,,,,,,
tseng.blif,/home/ayush/abc/blif/tseng.blif,1,0,3496.0,3286,18362,47102.0,15002.0,3496.0,3286,31053,44092.0,18245.0,0.0,0,-12691,0.5913116285061024,3010.0,1.0682663521727298,-3243.0,0.8222526719649219
tseng.blif,/home/ayush/abc/blif/tseng.blif,2,0,3496.0,3286,15241,49268.0,16263.0,3496.0,3286,31053,44092.0,18245.0,0.0,0,-15812,0.4908060412842559,5176.0,1.117390909915631,-1982.0,0.8913674979446423
tseng.blif,/home/ayush/abc/blif/tseng.blif,3,0,3496.0,3286,11350,55234.0,17612.0,3496.0,3286,31053,44092.0,18245.0,0.0,0,-19703,0.3655041380864973,11142.0,1.2526989022952009,-633.0,0.9653055631679912
tseng.pre-vpr.blif,/home/ayush/abc/blif/tseng.pre-vpr.blif,0,0,2289.0,2126,20702,26502.0,9606.0,2289.0,2126,20702,26502.0,9606.0,,,,,,,,
tseng.pre-vpr.blif,/home/ayush/abc/blif/tseng.pre-vpr.blif,1,0,2289.0,2126,12306,28130.0,8429.0,2289.0,2126,20702,26502.0,9606.0,0.0,0,-8396,0.5944353202589122,1628.0,1.0614293260885972,-1177.0,0.8774724130751613
tseng.pre-vpr.blif,/home/ayush/abc/blif/tseng.pre-vpr.blif,2,0,2289.0,2126,10078,36865.0,10900.0,2289.0,2126,20702,26502.0,9606.0,0.0,0,-10624,0.4868128683219013,10363.0,1.391027092294921,1294.0,1.1347074744951071
tseng.pre-vpr.blif,/home/ayush/abc/blif/tseng.pre-vpr.blif,3,0,2289.0,2126,7671,28800.0,7774.0,2289.0,2126,20702,26502.0,9606.0,0.0,0,-13031,0.370543908801082,2298.0,1.0867104369481548,-1832.0,0.8092858630022902
tseng.wiremap_area.blif,/home/ayush/abc/blif/tseng.wiremap_area.blif,0,0,2287.0,2113,20093,16822.0,6676.0,2287.0,2113,20093,16822.0,6676.0,,,,,,,,
tseng.wiremap_area.blif,/home/ayush/abc/blif/tseng.wiremap_area.blif,1,0,2287.0,2113,12105,24101.0,7456.0,2287.0,2113,20093,16822.0,6676.0,0.0,0,-7988,0.602448613945155,7279.0,1.4327071691832125,780.0,1.1168364289994008
tseng.wiremap_area.blif,/home/ayush/abc/blif/tseng.wiremap_area.blif,2,0,2287.0,2113,9936,22722.0,6390.0,2287.0,2113,20093,16822.0,6676.0,0.0,0,-10157,0.4945005723386254,5900.0,1.3507311853525146,-286.0,0.9571599760335531
tseng.wiremap_area.blif,/home/ayush/abc/blif/tseng.wiremap_area.blif,3,0,2287.0,2113,7573,26274.0,7889.0,2287.0,2113,20093,16822.0,6676.0,0.0,0,-12520,0.37689742696461453,9452.0,1.561883248127452,1213.0,1.1816956261234273
tseng.wiremap_depth.blif,/home/ayush/abc/blif/tseng.wiremap_depth.blif,0,0,2289.0,2126,20702,27985.0,10238.0,2289.0,2126,20702,27985.0,10238.0,,,,,,,,
tseng.wiremap_depth.blif,/home/ayush/abc/blif/tseng.wiremap_depth.blif,1,0,2289.0,2126,12306,24236.0,7035.0,2289.0,2126,20702,27985.0,10238.0,0.0,0,-8396,0.5944353202589122,-3749.0,0.8660353760943362,-3203.0,0.6871459269388552
tseng.wiremap_depth.blif,/home/ayush/abc/blif/tseng.wiremap_depth.blif,2,0,2289.0,2126,10078,24288.0,6527.0,2289.0,2126,20702,27985.0,10238.0,0.0,0,-10624,0.4868128683219013,-3697.0,0.867893514382705,-3711.0,0.6375268607149834
tseng.wiremap_depth.blif,/home/ayush/abc/blif/tseng.wiremap_depth.blif,3,0,2289.0,2126,7671,27650.0,7549.0,2289.0,2126,20702,27985.0,10238.0,0.0,0,-13031,0.370543908801082,-335.0,0.9880293014114704,-2689.0,0.7373510451260011
ttt2.blif,/home/ayush/abc/blif/ttt2.blif,0,0,222.0,207,1198,1777.0,756.0,222.0,207,1198,1777.0,756.0,,,,,,,,
ttt2.blif,/home/ayush/abc/blif/ttt2.blif,1,0,222.0,207,973,1658.0,708.0,222.0,207,1198,1777.0,756.0,0.0,0,-225,0.8121869782971619,-119.0,0.9330332020258864,-48.0,0.9365079365079365
ttt2.blif,/home/ayush/abc/blif/ttt2.blif,2,0,222.0,207,828,1707.0,707.0,222.0,207,1198,1777.0,756.0,0.0,0,-370,0.6911519198664441,-70.0,0.9606077658975802,-49.0,0.9351851851851852
ttt2.blif,/home/ayush/abc/blif/ttt2.blif,3,0,222.0,207,635,1992.0,831.0,222.0,207,1198,1777.0,756.0,0.0,0,-563,0.5300500834724541,215.0,1.120990433314575,75.0,1.0992063492063493
two_mult8_ram32.blif,/home/ayush/abc/blif/two_mult8_ram32.blif,0,0,,,,,,,,,,,,,,,,,,
two_mult8_ram32.blif,/home/ayush/abc/blif/two_mult8_ram32.blif,1,0,,,,,,,,,,,,,,,,,,
two_mult8_ram32.blif,/home/ayush/abc/blif/two_mult8_ram32.blif,2,0,,,,,,,,,,,,,,,,,,
two_mult8_ram32.blif,/home/ayush/abc/blif/two_mult8_ram32.blif,3,0,,,,,,,,,,,,,,,,,,
ucsb_152_tap_fir_stratixiv_arch_timing.blif,/home/ayush/abc/blif/ucsb_152_tap_fir_stratixiv_arch_timing.blif,0,0,,,,,,,,,,,,,,,,,,
ucsb_152_tap_fir_stratixiv_arch_timing.blif,/home/ayush/abc/blif/ucsb_152_tap_fir_stratixiv_arch_timing.blif,1,0,,,,,,,,,,,,,,,,,,
ucsb_152_tap_fir_stratixiv_arch_timing.blif,/home/ayush/abc/blif/ucsb_152_tap_fir_stratixiv_arch_timing.blif,2,0,,,,,,,,,,,,,,,,,,
ucsb_152_tap_fir_stratixiv_arch_timing.blif,/home/ayush/abc/blif/ucsb_152_tap_fir_stratixiv_arch_timing.blif,3,0,,,,,,,,,,,,,,,,,,
unreg.blif,/home/ayush/abc/blif/unreg.blif,0,0,114.0,112,416,618.0,348.0,114.0,112,416,618.0,348.0,,,,,,,,
unreg.blif,/home/ayush/abc/blif/unreg.blif,1,0,114.0,112,416,755.0,387.0,114.0,112,416,618.0,348.0,0.0,0,0,1.0,137.0,1.22168284789644,39.0,1.1120689655172413
unreg.blif,/home/ayush/abc/blif/unreg.blif,2,0,114.0,112,384,805.0,409.0,114.0,112,416,618.0,348.0,0.0,0,-32,0.9230769230769231,187.0,1.302588996763754,61.0,1.1752873563218391
unreg.blif,/home/ayush/abc/blif/unreg.blif,3,0,114.0,112,304,614.0,312.0,114.0,112,416,618.0,348.0,0.0,0,-112,0.7307692307692307,-4.0,0.9935275080906149,-36.0,0.896551724137931
vda.blif,/home/ayush/abc/blif/vda.blif,0,0,963.0,948,7524,9373.0,4198.0,963.0,948,7524,9373.0,4198.0,,,,,,,,
vda.blif,/home/ayush/abc/blif/vda.blif,1,0,963.0,948,4939,9168.0,3468.0,963.0,948,7524,9373.0,4198.0,0.0,0,-2585,0.6564327485380117,-205.0,0.9781286674490558,-730.0,0.8261076703191996
vda.blif,/home/ayush/abc/blif/vda.blif,2,0,963.0,948,4180,9851.0,4300.0,963.0,948,7524,9373.0,4198.0,0.0,0,-3344,0.5555555555555556,478.0,1.0509975461431773,102.0,1.0242972844211529
vda.blif,/home/ayush/abc/blif/vda.blif,3,0,963.0,948,3229,10437.0,3715.0,963.0,948,7524,9373.0,4198.0,0.0,0,-4295,0.4291600212652844,1064.0,1.1135175504107544,-483.0,0.884945212005717
vg2.blif,/home/ayush/abc/blif/vg2.blif,0,0,138.0,121,797,1094.0,440.0,138.0,121,797,1094.0,440.0,,,,,,,,
vg2.blif,/home/ayush/abc/blif/vg2.blif,1,0,138.0,121,545,1201.0,429.0,138.0,121,797,1094.0,440.0,0.0,0,-252,0.6838143036386449,107.0,1.0978062157221207,-11.0,0.975
vg2.blif,/home/ayush/abc/blif/vg2.blif,2,0,138.0,121,465,1527.0,616.0,138.0,121,797,1094.0,440.0,0.0,0,-332,0.5834378920953576,433.0,1.3957952468007313,176.0,1.4
vg2.blif,/home/ayush/abc/blif/vg2.blif,3,0,138.0,121,371,1434.0,514.0,138.0,121,797,1094.0,440.0,0.0,0,-426,0.465495608531995,340.0,1.3107861060329067,74.0,1.1681818181818182
x1.blif,/home/ayush/abc/blif/x1.blif,0,0,339.0,306,1467,1835.0,1019.0,339.0,306,1467,1835.0,1019.0,,,,,,,,
x1.blif,/home/ayush/abc/blif/x1.blif,1,0,339.0,306,1189,2340.0,1141.0,339.0,306,1467,1835.0,1019.0,0.0,0,-278,0.8104976141785958,505.0,1.2752043596730245,122.0,1.1197252208047106
x1.blif,/home/ayush/abc/blif/x1.blif,2,0,339.0,306,1043,2400.0,1197.0,339.0,306,1467,1835.0,1019.0,0.0,0,-424,0.710974778459441,565.0,1.3079019073569482,178.0,1.1746810598626105
x1.blif,/home/ayush/abc/blif/x1.blif,3,0,339.0,306,855,2391.0,1208.0,339.0,306,1467,1835.0,1019.0,0.0,0,-612,0.5828220858895705,556.0,1.3029972752043597,189.0,1.185475956820412
x2.blif,/home/ayush/abc/blif/x2.blif,0,0,58.0,50,221,475.0,220.0,58.0,50,221,475.0,220.0,,,,,,,,
x2.blif,/home/ayush/abc/blif/x2.blif,1,0,58.0,50,187,556.0,227.0,58.0,50,221,475.0,220.0,0.0,0,-34,0.8461538461538461,81.0,1.1705263157894736,7.0,1.0318181818181817
x2.blif,/home/ayush/abc/blif/x2.blif,2,0,58.0,50,168,429.0,173.0,58.0,50,221,475.0,220.0,0.0,0,-53,0.7601809954751131,-46.0,0.9031578947368422,-47.0,0.7863636363636364
x2.blif,/home/ayush/abc/blif/x2.blif,3,0,58.0,50,143,504.0,224.0,58.0,50,221,475.0,220.0,0.0,0,-78,0.6470588235294118,29.0,1.0610526315789475,4.0,1.018181818181818
x3.blif,/home/ayush/abc/blif/x3.blif,0,0,837.0,794,4477,5432.0,2897.0,837.0,794,4477,5432.0,2897.0,,,,,,,,
x3.blif,/home/ayush/abc/blif/x3.blif,1,0,837.0,794,3654,6118.0,2848.0,837.0,794,4477,5432.0,2897.0,0.0,0,-823,0.8161715434442707,686.0,1.1262886597938144,-49.0,0.9830859509837763
x3.blif,/home/ayush/abc/blif/x3.blif,2,0,837.0,794,3130,5906.0,2783.0,837.0,794,4477,5432.0,2897.0,0.0,0,-1347,0.6991288809470627,474.0,1.087260677466863,-114.0,0.9606489471867449
x3.blif,/home/ayush/abc/blif/x3.blif,3,0,837.0,794,2434,5973.0,2740.0,837.0,794,4477,5432.0,2897.0,0.0,0,-2043,0.5436676345767255,541.0,1.0995949926362298,-157.0,0.9458060062133241
x4.blif,/home/ayush/abc/blif/x4.blif,0,0,401.0,373,2195,2400.0,1216.0,401.0,373,2195,2400.0,1216.0,,,,,,,,
x4.blif,/home/ayush/abc/blif/x4.blif,1,0,401.0,373,1819,2901.0,1319.0,401.0,373,2195,2400.0,1216.0,0.0,0,-376,0.8287015945330296,501.0,1.20875,103.0,1.084703947368421
x4.blif,/home/ayush/abc/blif/x4.blif,2,0,401.0,373,1550,2921.0,1289.0,401.0,373,2195,2400.0,1216.0,0.0,0,-645,0.7061503416856492,521.0,1.2170833333333333,73.0,1.060032894736842
x4.blif,/home/ayush/abc/blif/x4.blif,3,0,401.0,373,1204,3211.0,1432.0,401.0,373,2195,2400.0,1216.0,0.0,0,-991,0.5485193621867882,811.0,1.3379166666666666,216.0,1.1776315789473684
xor5.blif,/home/ayush/abc/blif/xor5.blif,0,0,14.0,13,125,386.0,108.0,14.0,13,125,386.0,108.0,,,,,,,,
xor5.blif,/home/ayush/abc/blif/xor5.blif,1,0,14.0,13,68,412.0,106.0,14.0,13,125,386.0,108.0,0.0,0,-57,0.544,26.0,1.067357512953368,-2.0,0.9814814814814815
xor5.blif,/home/ayush/abc/blif/xor5.blif,2,0,14.0,13,58,657.0,174.0,14.0,13,125,386.0,108.0,0.0,0,-67,0.464,271.0,1.7020725388601037,66.0,1.6111111111111112
xor5.blif,/home/ayush/abc/blif/xor5.blif,3,0,14.0,13,48,374.0,97.0,14.0,13,125,386.0,108.0,0.0,0,-77,0.384,-12.0,0.9689119170984456,-11.0,0.8981481481481481
z4ml.blif,/home/ayush/abc/blif/z4ml.blif,0,0,42.0,39,300,539.0,178.0,42.0,39,300,539.0,178.0,,,,,,,,
z4ml.blif,/home/ayush/abc/blif/z4ml.blif,1,0,42.0,39,171,547.0,158.0,42.0,39,300,539.0,178.0,0.0,0,-129,0.57,8.0,1.0148423005565863,-20.0,0.8876404494382022
z4ml.blif,/home/ayush/abc/blif/z4ml.blif,2,0,42.0,39,149,551.0,169.0,42.0,39,300,539.0,178.0,0.0,0,-151,0.49666666666666665,12.0,1.0222634508348794,-9.0,0.949438202247191
z4ml.blif,/home/ayush/abc/blif/z4ml.blif,3,0,42.0,39,121,569.0,184.0,42.0,39,300,539.0,178.0,0.0,0,-179,0.4033333333333333,30.0,1.0556586270871986,6.0,1.0337078651685394
